"sku_id","category","name","mrp","discountprecent","availablequantity","discountedsellingprice","weightingms","outofstock","quantity"
670,"Fruits & Vegetables","Onion",25.00,16.00,3,21.00,1000,False,1
671,"Fruits & Vegetables","Tomato Hybrid",42.00,16.00,3,35.00,1000,False,1
712,"Fruits & Vegetables","Guava",54.00,16.00,3,45.00,232,False,4
1511,"Munchies","Popular Essentials Ajwain Whole",50.00,12.00,2,44.00,100,False,100
1941,"Beverages","iD Curd Cup",60.00,0.00,6,60.00,400,False,400
1989,"Beverages","Go Pizza Cheese",140.00,5.00,6,133.00,200,False,200
2421,"Packaged Food","Safal Frozen - Sweet Corn",160.00,5.00,0,152.00,1000,True,1
2672,"Ice Cream & Desserts","Kellogg's Chocos",299.00,10.00,4,269.00,700,False,700
2801,"Ice Cream & Desserts","Top Ramen Masala",91.00,9.00,0,82.00,560,True,560
3180,"Chocolates & Candies","Safal Frozen Corn",41.00,4.00,0,39.00,200,True,200
3324,"Biscuits","Parle Rusk Elaichi",48.00,2.00,6,47.00,300,False,300
3463,"Personal Care","Dabur Amla Hair Oil",88.00,0.00,2,88.00,180,False,180
3657,"Personal Care","Johnson's Baby Oil",115.00,0.00,4,115.00,100,False,100
3778,"Paan Corner","Indulekha Bhringa Hair Oil",432.00,15.00,6,367.00,100,False,100
3850,"Paan Corner","Godrej Protekt",99.00,0.00,3,99.00,750,False,750
4236,"Home & Cleaning","Ariel Matic Liquid Detergent Front Load",250.00,0.00,6,250.00,1000,False,1
672,"Fruits & Vegetables","Tender Coconut",51.00,15.00,3,43.00,58,False,1
673,"Fruits & Vegetables","Coriander Leaves",20.00,15.00,3,17.00,100,False,100
674,"Fruits & Vegetables","Ladies Finger ",14.00,14.00,3,12.00,250,False,250
675,"Fruits & Vegetables","Potato",35.00,17.00,3,29.00,1000,False,1
676,"Fruits & Vegetables","Lemon",75.00,16.00,3,63.00,200,False,200
677,"Fruits & Vegetables","Watermelon ",58.00,15.00,3,49.00,58,False,1
678,"Fruits & Vegetables","Capsicum Green ",23.00,17.00,3,19.00,250,False,250
679,"Fruits & Vegetables","Chilli Green ",19.00,15.00,3,16.00,100,False,100
680,"Fruits & Vegetables","Banana Robusta",29.00,17.00,3,24.00,348,False,6
681,"Fruits & Vegetables","Garlic Indian ",11.00,18.00,3,9.00,100,False,100
682,"Fruits & Vegetables","Cauliflower",26.00,15.00,3,22.00,58,False,1
683,"Fruits & Vegetables","Ginger",14.00,14.00,3,12.00,200,False,200
684,"Fruits & Vegetables","Spinach",19.00,15.00,3,16.00,250,False,250
685,"Fruits & Vegetables","Muskmelon",42.00,16.00,3,35.00,58,False,1
686,"Fruits & Vegetables","Cabbage ",15.00,13.00,3,13.00,58,False,1
687,"Fruits & Vegetables","Methi",30.00,16.00,3,25.00,250,False,250
688,"Fruits & Vegetables","Broccoli",36.00,16.00,3,30.00,500,False,500
689,"Fruits & Vegetables","Sapota",30.00,16.00,3,25.00,348,False,6
690,"Fruits & Vegetables","Onion",68.00,16.00,3,57.00,3000,False,3
691,"Fruits & Vegetables","Potato",100.00,16.00,3,84.00,3000,False,3
692,"Fruits & Vegetables","Orange Nagpur",82.00,15.00,3,69.00,232,False,4
693,"Fruits & Vegetables","Mint Leaves ",11.00,18.00,3,9.00,100,False,100
694,"Fruits & Vegetables","Beans French",33.00,15.00,3,28.00,250,False,250
695,"Fruits & Vegetables","Bottle Gourd ",26.00,15.00,3,22.00,58,False,1
696,"Fruits & Vegetables","Banana Elaichi ",58.00,15.00,3,49.00,348,False,6
697,"Fruits & Vegetables","Coconut Big",36.00,16.00,3,30.00,58,False,1
698,"Fruits & Vegetables","Curry Leaves",13.00,15.00,3,11.00,50,False,50
699,"Fruits & Vegetables","Brinjal Bharta",19.00,15.00,3,16.00,58,False,1
700,"Fruits & Vegetables","Lettuce Iceberg",25.00,16.00,3,21.00,250,False,250
701,"Fruits & Vegetables","Papaya",54.00,16.00,3,45.00,58,False,1
702,"Fruits & Vegetables","Apple Shimla",142.00,16.00,3,119.00,232,False,4
703,"Fruits & Vegetables","Bitter Gourd",18.00,16.00,3,15.00,250,False,250
704,"Fruits & Vegetables","Brinjal Small",18.00,16.00,3,15.00,250,False,250
705,"Fruits & Vegetables","Sweet Corn",36.00,16.00,3,30.00,116,False,2
706,"Fruits & Vegetables","Spring Onion ",18.00,16.00,3,15.00,250,False,250
707,"Fruits & Vegetables","Bell Peppers Red & Yellow ",118.00,16.00,3,99.00,116,False,2
708,"Fruits & Vegetables","Pomegranate ",106.00,16.00,3,89.00,116,False,2
709,"Fruits & Vegetables","Sweet Lime",30.00,16.00,3,25.00,116,False,2
710,"Fruits & Vegetables","Baby Potato",19.00,15.00,3,16.00,500,False,500
711,"Fruits & Vegetables","Coccinia",32.00,15.00,3,27.00,250,False,250
713,"Fruits & Vegetables","Apple Washington",177.00,15.00,3,149.00,232,False,4
714,"Fruits & Vegetables","Amla",32.00,15.00,3,27.00,250,False,250
715,"Fruits & Vegetables","Beans Cluster",30.00,16.00,3,25.00,250,False,250
716,"Fruits & Vegetables","Apple Royal Gala",189.00,15.00,3,159.00,232,False,4
717,"Fruits & Vegetables","Chilli Bhaji",30.00,16.00,3,25.00,250,False,250
718,"Fruits & Vegetables","Lettuce Green",23.00,17.00,3,19.00,100,False,100
719,"Fruits & Vegetables","Baby Corn Peeled",35.00,17.00,3,29.00,250,False,250
720,"Fruits & Vegetables","Mixed Sprouts",35.00,17.00,3,29.00,200,False,200
721,"Fruits & Vegetables","Zucchini Green",35.00,17.00,3,29.00,250,False,250
722,"Fruits & Vegetables","Beans Broad",42.00,16.00,3,35.00,250,False,250
723,"Fruits & Vegetables","Raw Banana",20.00,15.00,6,17.00,500,False,500
724,"Fruits & Vegetables","Colocasia ",29.00,17.00,6,24.00,500,False,500
725,"Fruits & Vegetables","Tomato Cherry ",35.00,17.00,3,29.00,200,False,200
726,"Fruits & Vegetables","Sweet Potato ",38.00,15.00,3,32.00,500,False,500
727,"Fruits & Vegetables","Pineapple Slice",89.00,15.00,3,75.00,200,False,200
728,"Fruits & Vegetables","Orange",54.00,16.00,3,45.00,116,False,2
729,"Fruits & Vegetables","Dragon Fruit Imported",70.00,15.00,3,59.00,58,False,1
730,"Fruits & Vegetables","Zucchini Yellow",42.00,16.00,3,35.00,250,False,500
731,"Fruits & Vegetables","Apple Kinnaur",142.00,16.00,6,119.00,232,False,4
732,"Fruits & Vegetables","Pineapple",94.00,15.00,3,79.00,58,False,1
733,"Fruits & Vegetables","Basil",20.00,15.00,3,17.00,100,False,100
734,"Fruits & Vegetables","Parsley",17.00,17.00,3,14.00,100,False,100
735,"Fruits & Vegetables","Ridge Gourd",30.00,16.00,3,25.00,500,False,500
736,"Fruits & Vegetables","Papaya Cut",46.00,15.00,3,39.00,200,False,200
737,"Fruits & Vegetables","Pomegranate Peeled",58.00,15.00,2,49.00,100,False,100
738,"Fruits & Vegetables","Pear Green Imported",82.00,15.00,3,69.00,116,False,2
739,"Fruits & Vegetables","Guava Thai",70.00,15.00,3,59.00,116,False,2
740,"Fruits & Vegetables","Lettuce Red",20.00,15.00,3,17.00,100,False,100
741,"Fruits & Vegetables","Mango Raw",60.00,16.00,3,50.00,500,False,500
742,"Fruits & Vegetables","Biryani /Pulav Mix",58.00,15.00,3,49.00,250,False,250
743,"Fruits & Vegetables","Banana Nendran",54.00,16.00,6,45.00,500,False,500
744,"Fruits & Vegetables","Pumpkin Cut",30.00,16.00,3,25.00,200,False,200
745,"Fruits & Vegetables","Banana Red",54.00,16.00,6,45.00,500,False,500
746,"Fruits & Vegetables","Radish White",23.00,17.00,6,19.00,500,False,500
747,"Fruits & Vegetables","Avocado Indian Premium",177.00,15.00,3,149.00,58,False,1
748,"Fruits & Vegetables","Banana Leaf",12.00,16.00,2,10.00,58,False,1
749,"Fruits & Vegetables","Sponge Gourd",25.00,16.00,2,21.00,300,False,300
750,"Fruits & Vegetables","Zama Organics Carrot",20.00,15.00,3,17.00,250,False,250
751,"Fruits & Vegetables","Safal Frozen - Mixed Vegetables",110.00,4.00,2,105.00,1000,False,1
752,"Fruits & Vegetables","Zama Organics Sweet Potato",37.00,16.00,3,31.00,250,False,250
753,"Fruits & Vegetables","Beetroot",16.00,18.00,3,13.00,500,False,500
754,"Fruits & Vegetables","Capsicum",26.00,19.00,3,21.00,500,False,500
755,"Fruits & Vegetables","Carrot",19.00,21.00,3,15.00,500,False,500
756,"Fruits & Vegetables","Garlic",17.00,23.00,3,13.00,200,False,200
757,"Fruits & Vegetables","Carrot",13.00,15.00,0,11.00,250,True,200
758,"Fruits & Vegetables","Beetroot",11.00,18.00,0,9.00,250,True,250
759,"Fruits & Vegetables","Moong Sprouts",35.00,17.00,0,29.00,200,True,200
760,"Fruits & Vegetables","Safal Frozen Mixed Vegetables",60.00,5.00,0,57.00,500,True,500
761,"Fruits & Vegetables","Safal Frozen Corn",41.00,4.00,0,39.00,200,True,200
762,"Fruits & Vegetables","Safal Frozen - Sweet Corn",160.00,5.00,0,152.00,1000,True,1
763,"Cooking Essentials","Maggi 2 Minute Masala Noodles",12.00,0.00,6,12.00,70,False,70
764,"Cooking Essentials","iD Idli & Dosa Batter ",80.00,15.00,6,68.00,1000,False,1
765,"Cooking Essentials","Tata Salt",24.00,0.00,6,24.00,1000,False,1
766,"Cooking Essentials","Arden Eggs White",97.00,0.00,4,97.00,696,False,12
767,"Cooking Essentials","Arden Eggs White",65.00,15.00,4,55.00,348,False,6
768,"Cooking Essentials","Fortune Sunlite Refined Sunflower (Pouch)",230.00,4.00,6,219.00,1000,False,1
769,"Cooking Essentials","Aashirvaad Superior MP Atta",250.00,2.00,6,245.00,5000,False,5
770,"Cooking Essentials","Amul Pure Ghee (Pouch)",255.00,2.00,6,249.00,500,False,500
771,"Cooking Essentials","Arden Eggs Brown",85.00,7.00,4,79.00,348,False,6
772,"Cooking Essentials","Tata Salt Lite",40.00,10.00,6,36.00,1000,False,1
773,"Cooking Essentials","Saffola Gold Oil (Pouch)",215.00,0.00,6,215.00,1000,False,1
774,"Cooking Essentials","Fortune Sunlite Refined Sunflower (Jar)",925.00,0.00,6,925.00,5000,False,5
775,"Cooking Essentials","Fortune Rice Bran (Pouch)",225.00,11.00,6,199.00,1000,False,1
776,"Cooking Essentials","Saffola Active Oil",210.00,0.00,6,210.00,1000,False,1
777,"Cooking Essentials","Amul Pure Ghee (Pouch)",505.00,1.00,2,499.00,1000,False,1
778,"Cooking Essentials","Aashirvaad Atta",460.00,13.00,6,399.00,10000,False,10
779,"Cooking Essentials","Popular Essentials Toor Dal (Un-Polished)",160.00,6.00,4,149.00,1000,False,1
780,"Cooking Essentials","Amul Ghee (Tin)",520.00,2.00,6,509.00,1000,False,1
781,"Cooking Essentials","Amul Fresh Cream",197.00,3.00,3,191.00,1000,False,1
782,"Cooking Essentials","Popular Essentials Pure Jaggery",50.00,2.00,6,49.00,450,False,450
783,"Cooking Essentials","Aashirvaad Multigrain Atta",64.00,3.00,2,62.00,1000,False,1
784,"Cooking Essentials","Fortune Soyabean Oil",1005.00,0.00,6,999.00,5000,False,5
785,"Cooking Essentials","Popular Essentials Sunflower Seeds",25.00,0.00,6,25.00,50,False,50
786,"Cooking Essentials","Tata Sampann kabuli chana",185.00,1.00,4,183.00,1000,False,500
787,"Cooking Essentials","Dhara Groundnut Oil (Pouch)",230.00,11.00,6,203.00,1000,False,1
788,"Cooking Essentials","Dhara Health Refined Sun Flower Oil Jar",1200.00,18.00,6,984.00,5000,False,5
789,"Cooking Essentials","24 Mantra Organic Jaggery Powder",80.00,15.00,6,68.00,500,False,500
790,"Cooking Essentials","Tata Sampann High Protien Kabuli Chana",94.00,0.00,1,94.00,500,False,500
791,"Cooking Essentials","Dhara Kachi Ghani Mustard Oil Jar",1250.00,8.00,6,1143.00,5000,False,5
792,"Cooking Essentials","D'lecta Dairy Cream",54.00,5.00,6,51.00,200,False,200
793,"Cooking Essentials","Ching's Secret Instant Hot Garlic Noodles",15.00,0.00,3,15.00,60,False,60
794,"Cooking Essentials","Dabur Ginger Garlic Paste",25.00,8.00,3,23.00,100,False,100
795,"Cooking Essentials","Ching's Secret Instant Schezwan Noodles",15.00,0.00,6,15.00,60,False,60
796,"Cooking Essentials","Gowardhan Ghee/Tuppa Jar",315.00,1.00,6,309.00,500,False,500
797,"Cooking Essentials","Tata Sampann Unpolished Moong Dal ",92.00,4.00,4,88.00,500,False,500
798,"Cooking Essentials","Aashirvaad Select Atta",64.00,0.00,6,64.00,1000,False,1
799,"Cooking Essentials","Popular Essentials Misri Dana (Diamond Sugar) ",15.00,0.00,4,15.00,100,False,100
800,"Cooking Essentials","Gowardhan Ghee Jar",598.00,3.00,6,579.00,1000,False,1
801,"Cooking Essentials","Top Ramen  Noodles Curry Veg Pouch",20.00,0.00,1,20.00,70,False,70
802,"Cooking Essentials","Popular Essentials Refined Sugar",60.00,0.00,6,60.00,1000,False,1
803,"Cooking Essentials","Fortune Kachi Ghani Mustard Oil Bottle",216.00,7.00,6,199.00,1000,False,1
804,"Cooking Essentials","Saffola Veggie Twist Masala Oats",15.00,0.00,6,15.00,38,False,38
805,"Cooking Essentials","Satyam Puffed Rice Kurmura (R)",23.00,0.00,6,23.00,200,False,200
806,"Cooking Essentials","Quaker Oats",79.00,0.00,2,79.00,400,False,400
807,"Cooking Essentials","Aashirvaad Select Sharbati Atta",315.00,10.00,6,283.00,5000,False,5
808,"Cooking Essentials","Popular Essentials Refined Sugar",295.00,10.00,6,265.00,5000,False,5
809,"Cooking Essentials","Gowardhan Cow Ghee Pouch",579.00,10.00,6,521.00,1000,False,1
810,"Cooking Essentials","Dhara Nourish Refined Sunflower Oil Pouch",210.00,5.00,6,199.00,1000,False,1
811,"Cooking Essentials","Parachute Oil ",40.00,7.00,3,37.00,100,False,100
812,"Cooking Essentials","Popular Essentials Plain Puffed Rice (Murmura/Muri)",18.00,0.00,6,18.00,100,False,100
813,"Cooking Essentials","Amul Mithai Mate Condensed Sweetened Milk",56.00,3.00,4,54.00,200,False,200
814,"Cooking Essentials","Saffola Gold (Jar)",1240.00,0.00,6,1240.00,5000,False,5
815,"Cooking Essentials","McCain New Mini Samosa with Cheese Pizza Style Filling",120.00,1.00,3,118.00,240,False,240
816,"Cooking Essentials","Fortune Rice Bran Health Oil (Jar)",1050.00,1.00,6,1039.00,5000,False,5
817,"Cooking Essentials","Arden Desi Eggs",110.00,13.00,4,95.00,348,False,6
818,"Cooking Essentials","Fortune Rozana Basmati Rice",585.00,21.00,6,462.00,5000,False,5
819,"Cooking Essentials","Fortune Biriyani Special Basmati Rice",175.00,0.00,5,175.00,1000,False,1
820,"Cooking Essentials","Everest Garam Masala",78.00,7.00,5,72.00,100,False,100
821,"Cooking Essentials","Popular Essentials Pumpkin Seeds",90.00,16.00,6,75.00,100,False,100
822,"Cooking Essentials","Fortune Soya Health Refined Soybean Oil",210.00,1.00,2,206.00,1000,False,1
823,"Cooking Essentials","Gowardhan Pure Ghee Pouch",295.00,4.00,6,281.00,500,False,500
824,"Cooking Essentials","Popular Essentials Jeera/Cumin Seeds",40.00,5.00,3,38.00,100,False,100
825,"Cooking Essentials","Weikfield Baking Soda",30.00,3.00,6,29.00,100,False,100
826,"Cooking Essentials","Everest Pav Bhaji Masala",37.00,10.00,4,33.00,50,False,50
827,"Cooking Essentials","Tata Sampann Unpolished Chana Dal",95.00,6.00,2,89.00,1000,False,500
828,"Cooking Essentials","Amul Mithai Mate EOE Tin",112.00,2.00,6,109.00,400,False,400
829,"Cooking Essentials","Pillsbury Chakki Fresh Atta",450.00,16.00,6,375.00,10000,False,10
830,"Cooking Essentials","Everest Chicken Masala",39.00,2.00,1,38.00,50,False,50
831,"Cooking Essentials","Dhara Life Refined Ricebran Oil (Pouch)",205.00,7.00,6,190.00,1000,False,1
832,"Cooking Essentials","Borges Extra Virgin Olive Oil",400.00,25.00,1,299.00,250,False,250
833,"Cooking Essentials","Everest Shahi Biryani Masala",70.00,14.00,6,60.00,50,False,50
834,"Cooking Essentials","Popular Essentials Californian Almond",350.00,28.00,6,251.00,250,False,250
835,"Cooking Essentials","Popular Essentials Ajwain Whole",25.00,0.00,4,25.00,50,False,50
836,"Cooking Essentials","Everest Tikhalal Chilli Powder",235.00,9.00,6,212.00,500,False,500
837,"Cooking Essentials","Popular Essentials Kabuli Chana Regular",85.00,9.00,6,77.00,500,False,500
838,"Cooking Essentials","Pillsbury Chakki Fresh Atta",52.00,0.00,4,52.00,1000,False,1
839,"Cooking Essentials","Popular Essentials Saunf/Fennel Seeds",45.00,2.00,6,44.00,100,False,100
840,"Cooking Essentials","Popular Essentials Bansi Sooji",35.00,2.00,3,34.00,500,False,500
841,"Cooking Essentials","Happilo Premium International Queen Kalmi Dates",245.00,29.00,6,172.00,200,False,200
842,"Cooking Essentials","Tata Sampann Unpolished Urad Whole",101.00,6.00,4,94.00,500,False,500
843,"Cooking Essentials","Popular Essentials Cashew Split",325.00,12.00,6,283.00,250,False,250
844,"Cooking Essentials","Popular Essentials Chana Dal (Un-Polished)",60.00,10.00,6,54.00,500,False,500
845,"Cooking Essentials","Tata Sampann Unpolished Rajma (Chitra)",134.00,6.00,6,125.00,500,False,500
846,"Cooking Essentials","Everest Garam Masala",42.00,2.00,2,41.00,50,False,50
847,"Cooking Essentials","Everest Kitchen King Masala",70.00,14.00,2,60.00,100,False,100
848,"Cooking Essentials","24 Mantra Organic Cumin",70.00,7.00,2,65.00,100,False,100
849,"Cooking Essentials","Nestle Milkmaid",132.00,3.00,6,128.00,400,False,400
850,"Cooking Essentials","Popular Essentials Sona Masouri Steam Rice",65.00,9.00,6,59.00,1000,False,1
851,"Cooking Essentials","24 Mantra Organic Tur Dal",260.00,20.00,6,208.00,1000,False,1
852,"Cooking Essentials","Gits Gulab Jamun Instant Dessert Mix",99.00,10.00,6,89.00,200,False,200
853,"Cooking Essentials","Popular Essentials Black Masoor Whole (Un-Polished)",65.00,10.00,3,58.00,500,False,500
854,"Cooking Essentials","24 Mantra Organic Peanuts",135.00,7.00,1,125.00,500,False,500
855,"Cooking Essentials","Everest Hingraj Powder",90.00,10.00,2,81.00,50,False,50
856,"Cooking Essentials","Everest Black Pepper Powder",135.00,14.00,6,115.00,100,False,100
857,"Cooking Essentials","Tata Sampann Masoor Dal Stand",150.00,10.00,4,134.00,1000,False,1
858,"Cooking Essentials","24 Mantra Organic Besan",95.00,7.00,5,88.00,500,False,500
859,"Cooking Essentials","Quaker Oats",199.00,7.00,6,184.00,1000,False,1
860,"Cooking Essentials","Saffola Gold Refined Cooking Oil (Jar)",485.00,7.00,6,449.00,2000,False,2
861,"Cooking Essentials","Nestle Everyday Dairy Whitener",210.00,0.00,4,210.00,400,False,400
862,"Cooking Essentials","24 Mantra Organic Red Poha",75.00,8.00,1,69.00,500,False,500
863,"Cooking Essentials","Everest Powder - Tea Masala",98.00,9.00,5,89.00,100,False,100
864,"Cooking Essentials","Tata Sampann Urad Dal Split",94.00,4.00,6,90.00,500,False,500
865,"Cooking Essentials","Popular Essentials Idli Sooji ",30.00,6.00,6,28.00,500,False,500
866,"Cooking Essentials","Popular Essentials Dessicated Coconut",95.00,9.00,6,86.00,200,False,200
867,"Cooking Essentials","Sunfeast Yippee! Mood Masala Noodles",60.00,28.00,3,43.00,260,False,260
868,"Cooking Essentials","Chef's Basket Durum Wheat Elbow Pasta",160.00,50.00,6,80.00,500,False,500
869,"Cooking Essentials","MTR Breakfast Khatta Meetha Poha Mix",25.00,20.00,6,20.00,60,False,60
870,"Cooking Essentials","Satyam Khobra",113.00,10.00,5,101.00,200,False,200
871,"Cooking Essentials","Betty Crocker Complete Pancake Mix Original",110.00,4.00,6,105.00,250,False,500
872,"Cooking Essentials","Borges Durum Wheat Fusilli Pasta ",250.00,0.00,3,250.00,500,False,500
873,"Cooking Essentials","24 Mantra Organic Green Moong Dal - Split",135.00,0.00,2,135.00,500,False,500
874,"Cooking Essentials","Weikfield Vanilla Flavoured Custard Powder",37.00,0.00,6,37.00,100,False,100
875,"Cooking Essentials","Tata Sampann Moong Dal Split",180.00,1.00,5,178.00,1000,False,200
876,"Cooking Essentials","Tata Sampann Kala Chana",64.00,0.00,5,64.00,500,False,500
877,"Cooking Essentials","Saffola Soya Chunks Mealmaker",50.00,0.00,2,50.00,200,False,200
878,"Cooking Essentials","24 Mantra Bura Sugar (Demerara)",80.00,10.00,6,72.00,500,False,500
879,"Cooking Essentials","Popular Essentials Green Cardamom (Elaichi)",200.00,1.00,6,198.00,50,False,50
880,"Cooking Essentials","Hershey's Syrup Delicious Strawberry",95.00,0.00,1,95.00,200,False,200
881,"Cooking Essentials","Popular Essentials Anjeer",190.00,11.00,4,169.00,100,False,100
882,"Cooking Essentials","Popular Essentials Mustard Seeds Rai Small",20.00,0.00,2,20.00,100,False,100
883,"Cooking Essentials","Weikfield Baking Powder",33.00,3.00,6,32.00,100,False,100
884,"Cooking Essentials","Dabur Honey Squeezy",185.00,9.00,6,167.00,225,False,225
885,"Cooking Essentials","Tata Sampann High Protein Kali Urad",91.00,14.00,6,78.00,500,False,500
886,"Cooking Essentials","Everest Kitchen King Masala",37.00,2.00,6,36.00,50,False,50
887,"Cooking Essentials","Chef's Basket Durum Wheat Fusilli Pasta",160.00,50.00,6,80.00,500,False,500
888,"Cooking Essentials","TilSona Til Oil",180.00,10.00,2,162.00,500,False,500
889,"Cooking Essentials","Top Ramen Chicken Noodles",60.00,10.00,1,54.00,280,False,280
890,"Cooking Essentials","Everest Chaat Masala",35.00,2.00,1,34.00,50,False,50
891,"Cooking Essentials","Keya Wonder Red Hot Chilli Flakes",89.00,10.00,2,80.00,40,False,40
892,"Cooking Essentials","Popular Essentials White Peas (Un-Polished)",80.00,10.00,5,72.00,500,False,500
893,"Cooking Essentials","Chingç´ Secret Chowmein Hakka Noodles Masala ",44.00,0.00,2,44.00,60,False,60
894,"Cooking Essentials","Dhara Filtered Groundnut Oil (Jar)",1050.00,1.00,6,1035.00,5000,False,5
895,"Cooking Essentials","Pillsbury Choco Chip Pancake Mix",99.00,5.00,6,94.00,165,False,165
896,"Cooking Essentials","Hershey's Caramel Syrup",230.00,0.00,1,230.00,623,False,623
897,"Cooking Essentials","Pillsbury Multi Grain Atta",60.00,6.00,3,56.00,1000,False,1
898,"Cooking Essentials","McCain New Mini Samosa with Cheese Corn Style Filling",120.00,1.00,2,118.00,240,False,240
899,"Cooking Essentials","Satyam Puffed Rice Kurmura (A)",43.00,0.00,6,43.00,200,False,200
900,"Cooking Essentials","MTR 3 Min Poha",25.00,0.00,6,25.00,60,False,60
901,"Cooking Essentials","Ching's Manchurian Instant Noodles",15.00,0.00,5,15.00,60,False,60
902,"Cooking Essentials","Everest Pav Bhaji Masala",70.00,0.00,2,70.00,100,False,100
903,"Cooking Essentials","Hershey's Chocolate Flavour Syrup",220.00,6.00,6,205.00,623,False,680
904,"Cooking Essentials","Popular Essentials Dhania (Coriander Seeds)",55.00,16.00,4,46.00,200,False,200
905,"Cooking Essentials","24 Mantra Red Chilly Whole",70.00,7.00,1,65.00,100,False,100
906,"Cooking Essentials","Dabur Honey - World's No.1",120.00,0.00,6,120.00,250,False,250
907,"Cooking Essentials","24 Mantra Organic Puffed Rice",40.00,2.00,6,39.00,200,False,200
908,"Cooking Essentials","24 Mantra Organic Wheat Daliya ",48.00,2.00,2,47.00,500,False,500
909,"Cooking Essentials","24 Mantra Organic Ragi Flour",65.00,20.00,4,52.00,500,False,500
910,"Cooking Essentials","Popular Essentials Cinnamon Whole (Dalchini)",35.00,5.00,6,33.00,25,False,25
911,"Cooking Essentials","Sundrop Super Lite Advanced - Sunflower Oil",215.00,0.00,4,215.00,1000,False,1
912,"Cooking Essentials","Pillsbury Atta/Godihittu - Chakki Fresh",102.00,7.00,4,94.00,2000,False,2
913,"Cooking Essentials","Popular Essentials Green Moong Chilka/Chilka (Un-Polished)",85.00,7.00,5,79.00,500,False,500
914,"Cooking Essentials","Popular Essentials HMT Kolam Steam",75.00,0.00,3,75.00,1000,False,1
915,"Cooking Essentials","Popular Essentials Black Urad Split",80.00,10.00,4,72.00,500,False,500
916,"Cooking Essentials","Keya Oregano",109.00,10.00,5,98.00,9,False,9
917,"Cooking Essentials","Popular Essentials Pink Rajma",100.00,10.00,6,90.00,500,False,500
918,"Cooking Essentials","Everest Chicken Masala",74.00,2.00,6,72.00,100,False,100
919,"Cooking Essentials","Popular Essentials HMT Kolam Steam",370.00,10.00,6,333.00,5000,False,5
920,"Cooking Essentials","Everest Shahi Paneer Masala",42.00,4.00,5,40.00,50,False,50
921,"Cooking Essentials","Godrej Yummiez Chicken Nuggets",325.00,9.00,1,293.00,500,False,500
922,"Cooking Essentials","Flying Bird Vanilla Essence",35.00,2.00,6,34.00,20,False,20
923,"Cooking Essentials","Everest Sabji Masala",30.00,3.00,6,29.00,50,False,50
924,"Cooking Essentials","Popular Essentials Californian Almond",695.00,32.00,6,470.00,500,False,500
925,"Cooking Essentials","Cornitos Cornitos Taco Shells - 4 Inches",110.00,20.00,6,88.00,80,False,80
926,"Cooking Essentials","Everest Rajma Masala",33.00,3.00,5,32.00,50,False,50
927,"Cooking Essentials","Popular Essentials White Til",40.00,5.00,1,38.00,100,False,100
928,"Cooking Essentials","Amul Dark Compound Chocolate Slab",125.00,2.00,6,122.00,500,False,500
929,"Cooking Essentials","Mothers Recipe Papad Chana Masala",79.00,10.00,6,71.00,200,False,200
930,"Cooking Essentials","Ching's Schezwan Masala Instant Noodles",60.00,0.00,1,60.00,240,False,240
931,"Cooking Essentials","Amul Milk Compound Chocolate Slab",110.00,2.00,6,107.00,500,False,500
932,"Cooking Essentials","Eastern Chicken Masala",70.00,7.00,3,65.00,100,False,100
933,"Cooking Essentials","Popular Essentials Methi Seeds",25.00,0.00,5,25.00,100,False,100
934,"Cooking Essentials","Saffola Yummy Masala Noodles ",20.00,0.00,2,20.00,46,False,46
935,"Cooking Essentials","Cadbury Hot Chocolate",175.00,5.00,6,166.00,200,False,200
936,"Cooking Essentials","Ching's Chicken Chilli Masala",10.00,0.00,6,10.00,20,False,20
937,"Cooking Essentials","Dabur Keora water - Authentic flavour for Biryani's and Desserts",62.00,6.00,6,58.00,250,False,250
938,"Cooking Essentials","Popular Essentials Black Cardamom/Elaichi ",100.00,10.00,6,90.00,50,False,50
939,"Cooking Essentials","Popular Essentials Idli Rice",60.00,10.00,4,54.00,1000,False,1
940,"Cooking Essentials","Everest Chole Masala",33.00,3.00,1,32.00,50,False,50
941,"Cooking Essentials","Dabur Hommade Tamarind Paste",48.00,6.00,6,45.00,200,False,200
942,"Cooking Essentials","Maggi Magic Cubes, Vegetarian Masala (Free 2 Cubes Inside)",35.00,2.00,6,34.00,48,False,48
943,"Cooking Essentials","Popular Essentials Cooking Soda",30.00,10.00,6,27.00,200,False,200
944,"Cooking Essentials","RRO Primio Refined Groundnut Oil Pet Bottle",255.00,6.00,2,239.00,1000,False,1
945,"Cooking Essentials","Everest Pani Puri Masala",31.00,3.00,6,30.00,50,False,50
946,"Cooking Essentials","Nissin Cup Noodles Tangy Tomato",50.00,10.00,2,45.00,70,False,70
947,"Cooking Essentials","Ching's Veg Manchurian Masala",10.00,0.00,2,10.00,20,False,20
948,"Cooking Essentials","Ceres Foods Fish Mustard Instant Liquid Masala",220.00,50.00,6,110.00,200,False,200
949,"Cooking Essentials","Everest Garam Masala",158.00,10.00,6,142.00,200,False,200
950,"Cooking Essentials","24 Mantra Organic Jowar Flour",70.00,7.00,6,65.00,500,False,500
951,"Cooking Essentials","Maggi Coconut Milkpowder",100.00,0.00,6,100.00,100,False,100
952,"Cooking Essentials","On1y Pepper Grinder",159.00,9.00,1,144.00,50,False,50
953,"Cooking Essentials","Popular Essentials Rice Flour",60.00,0.00,3,60.00,1000,False,1
954,"Cooking Essentials","Sunfeast Yippee! Pasta Treat - Sour Cream Onion",28.00,10.00,1,25.00,65,False,65
955,"Cooking Essentials","24 Mantra Organic Brown Sona Masoori Rice",95.00,0.00,6,95.00,1000,False,1
956,"Cooking Essentials","Happilo Premium Afghani Anjeer",365.00,29.00,2,256.00,200,False,200
957,"Cooking Essentials","Popular Essentials Chiroti Sooji",35.00,2.00,6,34.00,500,False,500
958,"Cooking Essentials","RRO Til Dil Premium Til Oil Bottle",330.00,10.00,5,294.00,1000,False,1
959,"Cooking Essentials","Popular Essentials Red Rajma",90.00,10.00,6,81.00,500,False,500
960,"Cooking Essentials","Cornitos Peanut - Premium Salted ",120.00,10.00,6,108.00,150,False,150
961,"Cooking Essentials","Popular Essentials Black Pepper",100.00,10.00,5,90.00,100,False,100
962,"Cooking Essentials","24 Mantra Organic Tur Dal - Split",130.00,7.00,6,120.00,500,False,500
963,"Cooking Essentials","Sugarfree Gold Low Calorie Sweetner",65.00,6.00,3,61.00,110,False,100
964,"Cooking Essentials","Ching's Secret Paneer Chilli Masala",10.00,0.00,2,10.00,20,False,20
965,"Cooking Essentials","Dabur Honey ",220.00,7.00,3,204.00,500,False,500
966,"Cooking Essentials","Sunfeast Yippee! Pasta Treat - Sour Cream Onion",28.00,17.00,3,23.00,65,False,65
967,"Cooking Essentials","Everest Tea Masala",55.00,9.00,2,50.00,50,False,50
968,"Cooking Essentials","Ching's Paneer Chilli Masala",44.00,0.00,4,44.00,60,False,60
969,"Cooking Essentials","Sunfeast YiPPee! Magic Masala Noodles",70.00,10.00,3,63.00,405,False,405
970,"Cooking Essentials","Everest Meat Masala Powder",74.00,9.00,3,67.00,100,False,100
971,"Cooking Essentials","Pillsbury Atta With Multigrains Wheat Grains",295.00,16.00,6,245.00,5000,False,5
972,"Cooking Essentials","Mother's Recipe Tamarind Paste",50.00,2.00,6,49.00,200,False,200
973,"Cooking Essentials","Quaker Oats Breakfast Cereals - With Flavour Mix Nutritious Rich Source Of Energy",49.00,8.00,6,45.00,200,False,200
974,"Cooking Essentials","Popular Essentials Cloves (Lavang)",75.00,17.00,6,62.00,50,False,50
975,"Cooking Essentials","Sunfeast Yippee! Power Up Atta Noodles",96.00,15.00,6,81.00,280,False,280
976,"Cooking Essentials","Suhana Paneer Tikka Masala Mix",40.00,5.00,6,38.00,50,False,50
977,"Cooking Essentials","24 Mantra Turmeric Powder",35.00,2.00,6,34.00,100,False,100
978,"Cooking Essentials","24 Mantra Super Grain Quinoa",190.00,0.00,4,190.00,500,False,500
979,"Cooking Essentials","Everest Powder - Egg Curry Masala",40.00,2.00,6,39.00,50,False,50
980,"Cooking Essentials","Popular Essentials Pe Shah Jeera ",60.00,15.00,6,51.00,50,False,50
981,"Cooking Essentials","24 Mantra Organic Sattu Atta",95.00,0.00,6,95.00,500,False,500
982,"Cooking Essentials","Smith & Jones Pasta Masala",46.00,0.00,6,46.00,54,False,54
983,"Cooking Essentials","Weikfield Vanilla Custard Powder",142.00,9.00,3,128.00,500,False,500
984,"Cooking Essentials","Sugarfree Natura Low Calorie Sweetner ",300.00,10.00,3,270.00,42,False,42
985,"Cooking Essentials","Pillsbury Vanilla Custard Powder",37.00,2.00,6,36.00,100,False,100
986,"Cooking Essentials","24 Mantra Organic Rajma",145.00,0.00,6,145.00,500,False,500
987,"Cooking Essentials","Popular Essentials Broken Wheat/Daliya",35.00,2.00,6,34.00,500,False,500
988,"Cooking Essentials","Zorabian Chicken Smoked Ham",205.00,5.00,1,194.00,250,False,250
989,"Cooking Essentials","Smith & Jones Peri Peri Masala",99.00,0.00,6,99.00,75,False,75
990,"Cooking Essentials","Saffola Veggie Twist Masala Oats",195.00,12.00,2,171.00,500,False,500
991,"Cooking Essentials","Popular Essentials Urad Dal Split (Un-Polished)",85.00,9.00,5,77.00,500,False,500
992,"Cooking Essentials","Weikfield Baking Powder",22.00,0.00,6,22.00,50,False,50
993,"Cooking Essentials","Popular Essentials Bajra Whole",65.00,13.00,6,56.00,1000,False,1
994,"Cooking Essentials","Weikfield Veg Jelly Crystals - Strawberry",45.00,2.00,6,44.00,90,False,90
995,"Cooking Essentials","Weikfield Veg Jelly Crystals - Raspberry",45.00,2.00,6,44.00,90,False,90
996,"Cooking Essentials","Popular Essentials Masoor Dal Split (Un-Polished)",70.00,10.00,4,63.00,500,False,500
997,"Cooking Essentials","Popular Essentials Ajwain Whole",50.00,12.00,2,44.00,100,False,100
998,"Cooking Essentials","Popular Essentials Pista Salted (With Shell)",470.00,21.00,5,371.00,250,False,250
999,"Cooking Essentials","The Bake Shop Bread Crumbs",50.00,6.00,3,47.00,400,False,400
1000,"Cooking Essentials","Popular Essentials Horse Gram",40.00,10.00,4,36.00,500,False,500
1001,"Cooking Essentials","Hershey's Chocolate Syrup",95.00,0.00,4,95.00,200,False,200
1002,"Cooking Essentials","Godrej Yummiez Chilli Chicken Sausages ",160.00,10.00,3,144.00,250,False,250
1003,"Cooking Essentials","Everest Kasuri Methi",25.00,0.00,6,25.00,25,False,25
1004,"Cooking Essentials","Satyam Makhana",208.00,0.00,6,208.00,100,False,100
1005,"Cooking Essentials","Everest Tandoori Chicken Masala",39.00,2.00,5,38.00,50,False,50
1006,"Cooking Essentials","Weikfield Falooda Mix - Kesar Pista",49.00,2.00,3,48.00,200,False,200
1007,"Cooking Essentials","Weikfield Cocoa Powder",70.00,7.00,6,65.00,50,False,50
1008,"Cooking Essentials","Pantai Coconut Cream",150.00,4.00,4,143.00,400,False,400
1009,"Cooking Essentials","Popular Essentials Coriander Seeds",15.00,0.00,5,15.00,50,False,50
1010,"Cooking Essentials","Ching's Singapore Curry Instant Noodles",60.00,0.00,4,60.00,240,False,240
1011,"Cooking Essentials","Eastern Fish Masala",48.00,2.00,5,47.00,100,False,100
1012,"Cooking Essentials","Pillsbury Atta/Godihittu - Chakki Fresh",275.00,0.00,6,275.00,5000,False,5
1013,"Cooking Essentials","Oleev Smart Oil Fortified with VIT A, D, E & K (Pouch)",215.00,9.00,4,194.00,1000,False,1
1014,"Cooking Essentials","Everest Dry Ginger Powder",75.00,9.00,4,68.00,100,False,100
1015,"Cooking Essentials","Pillsbury Cooker Cake Mix - Choco",100.00,11.00,6,89.00,159,False,159
1016,"Cooking Essentials","Hersheys Chocolate Almond Syrup",200.00,0.00,2,200.00,450,False,450
1017,"Cooking Essentials","Satyam Nighties Spices  Chilli Pandi",56.00,7.00,5,52.00,100,False,100
1018,"Cooking Essentials","Popular Essentials Popular Essential Pista Salted (With Shell)",190.00,10.00,6,171.00,100,False,100
1019,"Cooking Essentials","Godrej Yummiez Chicken Punjabi Tikka ",295.00,9.00,6,266.00,360,False,360
1020,"Cooking Essentials","Popular Essentials Rozana Sona Masuri Raw Rice",350.00,10.00,5,312.00,5000,False,5
1021,"Cooking Essentials","24 Mantra Mustard Oil (Cold Pressed) ",350.00,10.00,6,312.00,1000,False,1
1022,"Cooking Essentials","24 Mantra Organic Black Pepper",170.00,7.00,6,157.00,100,False,100
1023,"Cooking Essentials","Popular Essentials Green Moong Whole",90.00,16.00,3,75.00,500,False,500
1024,"Cooking Essentials","24 Mantra Organic Masoor Dal - Split",95.00,7.00,6,88.00,500,False,500
1025,"Cooking Essentials","Praakritik Organic Natural Rock Salt",60.00,6.00,3,56.00,500,False,500
1026,"Cooking Essentials","24 Mantra Sunflower Oil (Cold Pressed) Pet Bottle",390.00,11.00,5,347.00,1000,False,1
1027,"Cooking Essentials","Ching's Secret Instant Noodles, Hot Garlic",60.00,0.00,4,60.00,240,False,240
1028,"Cooking Essentials","Saffola Everyday Peppy Tomato Masala Oats",195.00,12.00,6,171.00,500,False,500
1029,"Cooking Essentials","Dabur 100% Pure Honey - Worlds No.1",430.00,10.00,6,387.00,1000,False,1
1030,"Cooking Essentials","Popular Essentials Star Anise",70.00,10.00,5,63.00,25,False,25
1031,"Cooking Essentials","Ching's Secret Chicken 65 Masala - Chicken",10.00,0.00,5,10.00,20,False,20
1032,"Cooking Essentials","Cadbury Cocoa Powder",223.00,5.00,6,211.00,150,False,150
1033,"Cooking Essentials","Praakritik Natural Desi Gir Cow A2 Ghee",1450.00,10.00,6,1305.00,540,False,540
1034,"Cooking Essentials","Praakritik Organic Poha",120.00,6.00,5,112.00,500,False,500
1035,"Cooking Essentials","Praakritik Organic Natural Wild Forest Honey",160.00,6.00,4,150.00,200,False,200
1036,"Cooking Essentials","Popular Essentials Dry Dates (Kharak)",140.00,15.00,6,118.00,250,False,250
1037,"Cooking Essentials","Popular Essentials Kashmiri Red Rajma",95.00,6.00,4,89.00,500,False,500
1038,"Cooking Essentials","Dabur Hommade - Garlic Paste",50.00,6.00,6,47.00,200,False,200
1039,"Cooking Essentials","Dabur 100% Pure Honey",330.00,10.00,1,297.00,400,False,400
1040,"Cooking Essentials","Ching's Schezwan Fried Rice(Miracle Masala)",44.00,0.00,5,44.00,60,False,60
1041,"Cooking Essentials","Maggi Magic Cubes, Vegetarian Masala",35.00,2.00,1,34.00,40,False,40
1042,"Cooking Essentials","Everest Tandoori Chicken Masala",74.00,9.00,3,67.00,100,False,100
1043,"Cooking Essentials","Popular Essentials Red Poha",45.00,4.00,6,43.00,500,False,500
1044,"Cooking Essentials","Everest Kitchen King Masala",142.00,9.00,6,128.00,200,False,200
1045,"Cooking Essentials","Pillsbury Oven Cake Mix - Rich Chocolate",165.00,10.00,5,147.00,285,False,285
1046,"Cooking Essentials","Eastern Super Garam Masala",74.00,6.00,2,69.00,200,False,200
1047,"Cooking Essentials","Maggi Magic Cubes Extra Chicken",40.00,2.00,6,39.00,48,False,48
1048,"Cooking Essentials","Satyam Nighties Spices  Chilli Kashmiri",102.00,6.00,6,95.00,100,False,100
1049,"Cooking Essentials","Eastern Cumin Powder",49.00,2.00,6,48.00,100,False,100
1050,"Cooking Essentials","Popular Essentials Urad Gola White(Un-Polished)",90.00,10.00,6,81.00,500,False,500
1051,"Cooking Essentials","24 Mantra Organic Chana Dal",95.00,6.00,5,89.00,500,False,500
1052,"Cooking Essentials","Delight Nuts Cashew Roasted & Salted",425.00,20.00,6,340.00,200,False,200
1053,"Cooking Essentials","Popular Essentials Mace/Javitri",90.00,10.00,3,81.00,20,False,20
1054,"Cooking Essentials","Dlicia Whip Topping Bottle",235.00,27.00,5,171.00,1000,False,1
1055,"Cooking Essentials","Mother's Recipe Paste Ginger & Garlic",76.00,10.00,4,68.00,300,False,300
1056,"Cooking Essentials","24 Mantra Groundnut Oil (Cold Pressed) Pet Bottle",410.00,10.00,6,369.00,1000,False,1
1057,"Cooking Essentials","Satyam Pulses Masur Dal",87.00,6.00,6,81.00,500,False,500
1058,"Cooking Essentials","Delight Nuts Pista Roasted & Salted",425.00,20.00,6,340.00,200,False,200
1059,"Cooking Essentials","Top Ramen Noodles, Atta",80.00,0.00,1,80.00,280,False,280
1060,"Cooking Essentials","Hershey's Cocoa Powder",95.00,0.00,5,95.00,70,False,70
1061,"Cooking Essentials","Praakritik Organic Singhara Atta",240.00,6.00,4,225.00,500,False,500
1062,"Cooking Essentials","Gits Veg Biryani Ready to Eat",110.00,10.00,6,99.00,265,False,265
1063,"Cooking Essentials","Delight Nuts Cranberries Sliced ",299.00,20.00,6,239.00,200,False,200
1064,"Cooking Essentials","Borges Durum Wheat Pasta Superior Quality",250.00,40.00,6,149.00,500,False,500
1065,"Cooking Essentials","Ceres Foods Laal Maas Instant Liquid Masala",220.00,50.00,5,110.00,200,False,200
1066,"Cooking Essentials","Popular Essentials Sattu Atta",90.00,12.00,3,79.00,500,False,500
1067,"Cooking Essentials","Popular Essentials Mustard Seeds Rai Yellow",25.00,0.00,5,25.00,100,False,100
1068,"Cooking Essentials","Praakritik Organic Extra Virgin Coconut Oil",150.00,10.00,5,134.00,100,False,100
1069,"Cooking Essentials","Praakritik Organic Garlic Powder",110.00,1.00,5,108.00,100,False,100
1070,"Cooking Essentials","Sugarfree Gold Low Calorie Sweetner ",125.00,5.00,6,118.00,100,False,100
1071,"Cooking Essentials","Aashirvaad Breakfast Instant Mix - Rice Idli",75.00,30.00,6,52.00,200,False,200
1072,"Cooking Essentials","Kitchens Of India Mutter Paneer",130.00,4.00,6,124.00,285,False,285
1073,"Cooking Essentials","Ching's Secret Veg Manchurian Masala",44.00,0.00,6,44.00,60,False,60
1074,"Cooking Essentials","Popular Essentials Jowa Flour",50.00,2.00,5,49.00,500,False,500
1075,"Cooking Essentials","Everest Shahi Biryani Masala",245.00,0.00,6,245.00,200,False,200
1076,"Cooking Essentials","Popular Essentials Black Til",50.00,6.00,4,47.00,100,False,100
1077,"Cooking Essentials","Popular Essentials Pancharatna Dal",80.00,10.00,6,72.00,500,False,500
1078,"Cooking Essentials","Saffola 100% Pure Honey",475.00,8.00,2,437.00,1000,False,750
1079,"Cooking Essentials","Popular Essentials Tamarind",150.00,14.00,6,128.00,500,False,500
1080,"Cooking Essentials","Gits Rice Dosa Instant Breakfast Mix",60.00,5.00,5,57.00,200,False,200
1081,"Cooking Essentials","Popular Essentials Poppy Seeds (Gasagase)",280.00,7.00,6,260.00,100,False,100
1082,"Cooking Essentials","Hershey's Hot Chocolate Powder",210.00,0.00,4,210.00,250,False,250
1083,"Cooking Essentials","Borges Farfalle Durum Wheat Pasta ",250.00,0.00,5,250.00,500,False,500
1084,"Cooking Essentials","Satyam Chilli  Bedgi",82.00,10.00,5,73.00,100,False,100
1085,"Cooking Essentials","Aashirvaad Instant Mix - Rice Dosa",75.00,30.00,6,52.00,200,False,200
1086,"Cooking Essentials","Hershey's Cocoa - Natural Unsweetened",270.00,10.00,4,243.00,225,False,225
1087,"Cooking Essentials","Weikfield Veg Jelly Crystals - Mango",45.00,2.00,6,44.00,90,False,90
1088,"Cooking Essentials","Praakritik Orrganic Cold Pressed Sesame Oil",130.00,10.00,5,117.00,100,False,100
1089,"Cooking Essentials","Amulya Dairy Whitener ",380.00,2.00,4,372.00,1000,False,1
1090,"Cooking Essentials","ITC Master Chef Hyderabadi Biryani",75.00,30.00,5,52.00,80,False,80
1091,"Cooking Essentials","Flying Bird Butter Scotch Essence",50.00,2.00,6,49.00,20,False,20
1092,"Cooking Essentials","Dabur Hommade - Ginger Paste",50.00,6.00,6,47.00,200,False,200
1093,"Cooking Essentials","Popular Essentials Green Peas (Un-Polished)",120.00,10.00,5,108.00,500,False,500
1094,"Cooking Essentials","Quaker Oats Pouch",276.00,10.00,6,248.00,1500,False,1
1095,"Cooking Essentials","24 Mantra Organic Urad White Whole",145.00,15.00,4,122.00,500,False,500
1096,"Cooking Essentials","Popular Essentials Guntur Chilli Stemless",40.00,2.00,2,39.00,100,False,100
1097,"Cooking Essentials","Popular Essentials Moth Whole",90.00,10.00,6,81.00,500,False,500
1098,"Cooking Essentials","Keya Pizza Seasoning",109.00,17.00,6,90.00,45,False,45
1099,"Cooking Essentials","Keya Piri Piri | Exotic Spices Mix",109.00,20.00,6,87.00,80,False,80
1100,"Cooking Essentials","24 Mantra Organic Moong Dal",135.00,7.00,6,125.00,500,False,500
1101,"Cooking Essentials","Betty Crocker French Vanilla Cake Mix",310.00,10.00,6,276.00,520,False,520
1102,"Cooking Essentials","Delight Nuts Dried Cranberries ",340.00,20.00,6,272.00,200,False,200
1103,"Cooking Essentials","Everest Kesari Milk Masala",205.00,0.00,2,205.00,50,False,50
1104,"Cooking Essentials","Tong Garden Salted Cocktail Nuts",295.00,9.00,5,266.00,160,False,160
1105,"Cooking Essentials","MTR Uttapam Mix",165.00,5.00,6,156.00,500,False,500
1106,"Cooking Essentials","Gits Khaman Dhokla Instant Snack Mix",65.00,6.00,6,61.00,180,False,180
1107,"Cooking Essentials","Happilo Premium 100% Natural Whole Cashews",335.00,29.00,6,235.00,200,False,200
1108,"Cooking Essentials","Everest Dry Mango Powder",80.00,0.00,5,80.00,100,False,100
1109,"Cooking Essentials","Dabur Hommade - Ginger Garlic Past Tub",110.00,5.00,6,104.00,400,False,400
1110,"Cooking Essentials","Everest Chicken Masala",147.00,10.00,6,132.00,200,False,200
1111,"Cooking Essentials","Gits Medu Vada Instant Snack Mix",90.00,4.00,6,86.00,200,False,200
1112,"Cooking Essentials","Weikfield Drinking Chocolate Powder",65.00,10.00,6,58.00,100,False,100
1113,"Cooking Essentials","Popular Essentials Regular White Lobia",70.00,10.00,6,63.00,500,False,500
1114,"Cooking Essentials","Puro Healthy Salt Crystal",135.00,7.00,6,125.00,1000,False,1
1115,"Cooking Essentials","Popular Essentials Premium Jeera Rice",140.00,0.00,5,140.00,1000,False,1
1116,"Cooking Essentials","Smith & Jones Shahi Paneer Masala Mix",44.00,0.00,6,44.00,60,False,60
1117,"Cooking Essentials","Betty Crocker Mug Treats - Chocolate Mix - Pack of 4",200.00,11.00,6,178.00,264,False,264
1118,"Cooking Essentials","Smith & Jones Pasta Masala",60.00,10.00,5,54.00,108,False,108
1119,"Cooking Essentials","Catch Black Pepper Sprinkler",100.00,0.00,1,100.00,50,False,50
1120,"Cooking Essentials","Weikfield Cooker Cake Mix - Chocolate",95.00,6.00,6,89.00,150,False,150
1121,"Cooking Essentials","ITC Master Chef Butter Chicken",75.00,30.00,6,52.00,80,False,80
1122,"Cooking Essentials","Masala Oats Masala & Coriander ",195.00,9.00,5,176.00,500,False,500
1123,"Cooking Essentials","Smith & Jones Mutter Paneer Masala",42.00,0.00,6,42.00,60,False,60
1124,"Cooking Essentials","Kitchens of India Dal Bukhara Gravy Mix",110.00,30.00,6,77.00,285,False,285
1125,"Cooking Essentials","Popular Essentials Fried Gram (Bengal Gram)",70.00,10.00,6,63.00,500,False,500
1126,"Cooking Essentials","Gits Jalebi with Maker Dessert Mix",75.00,16.00,6,63.00,100,False,100
1127,"Cooking Essentials","Popular Essentials Soya Beans ",80.00,6.00,6,75.00,500,False,500
1128,"Cooking Essentials","24 Mantra Organic Roasted Bengal Gram Dal",105.00,7.00,6,97.00,500,False,500
1129,"Cooking Essentials","Keya Italian Seasoning",109.00,10.00,6,98.00,35,False,35
1130,"Cooking Essentials","MTR Idli/Dosa/Chilly Chutney Powder",115.00,0.00,3,115.00,200,False,200
1131,"Cooking Essentials","Delight Nuts Trail Mix ",399.00,25.00,6,299.00,200,False,200
1132,"Cooking Essentials","Praakritik Organic Chilka Moong Dal",120.00,10.00,6,108.00,500,False,500
1133,"Cooking Essentials","Smith & Jones Garlic & Herbs Masala Mix",99.00,0.00,6,99.00,75,False,75
1134,"Cooking Essentials","Eastern Tamarind",63.00,0.00,6,63.00,200,False,200
1135,"Cooking Essentials","Tong Garden Wasabi Coated Greenpeas Tin",200.00,11.00,6,178.00,180,False,180
1136,"Cooking Essentials","Flying Bird Pineapple Artifical Food Essence",50.00,2.00,6,49.00,20,False,20
1137,"Cooking Essentials","Mother's Recipe Tamarind Paste",50.00,2.00,2,49.00,200,False,200
1138,"Cooking Essentials","Japanese Choice Udon Noodles",295.00,9.00,6,266.00,250,False,250
1139,"Cooking Essentials","Pantai Coconut Milk",150.00,0.00,4,150.00,400,False,400
1140,"Cooking Essentials","Praakritik Organic Masoor Dal",130.00,10.00,6,116.00,500,False,500
1141,"Cooking Essentials","Popular Essentials Classic Sona Masuri Rice",430.00,10.00,6,387.00,5000,False,5
1142,"Cooking Essentials","Popular Essentials Salted Murmure ",70.00,18.00,6,57.00,400,False,400
1143,"Cooking Essentials","Oleev Active Oil (Pouch)",265.00,9.00,6,239.00,1000,False,1
1144,"Cooking Essentials","Delight Nuts Dried Blueberries ",540.00,20.00,6,432.00,150,False,150
1145,"Cooking Essentials","Popular Essentials Double Beans White",60.00,10.00,6,54.00,250,False,250
1146,"Cooking Essentials","Delight Nuts Almond Natural ",349.00,20.00,6,279.00,200,False,200
1147,"Cooking Essentials","Praakritik Organic Jaggery",160.00,6.00,6,150.00,900,False,900
1148,"Cooking Essentials","Praakritik Organic Raw Sugar",90.00,6.00,6,84.00,500,False,500
1149,"Cooking Essentials","MTR Masala - Sambar Powder",115.00,0.00,4,115.00,200,False,200
1150,"Cooking Essentials","RRO Til Dil Premium Til Oil Bottle",173.00,6.00,6,162.00,500,False,500
1151,"Cooking Essentials","ITC Master Chef Vegetable Biryani Cooking Paste",75.00,30.00,5,52.00,80,False,80
1152,"Cooking Essentials","Jivana Jaggery",100.00,0.00,2,100.00,950,False,950
1153,"Cooking Essentials","Praakritik Organic Besan",170.00,6.00,6,159.00,500,False,500
1154,"Cooking Essentials","MTR Instant Gulab Jamun Mix",195.00,9.00,6,176.00,500,False,500
1155,"Cooking Essentials","Maggi Magic Cubes Extra Chicken",199.00,0.00,2,199.00,240,False,240
1156,"Cooking Essentials","On1y Mixed Herbs",99.00,0.00,6,99.00,14,False,14
1157,"Cooking Essentials","Popular Essentials Urad Gola Black (Un-Polished)",80.00,10.00,6,72.00,500,False,500
1158,"Cooking Essentials","Gits Dessert Mix China Grass Bombay Halwa",55.00,0.00,4,55.00,80,False,80
1159,"Cooking Essentials","Praakritik Organic Basmati Rice",170.00,0.00,5,170.00,500,False,500
1160,"Cooking Essentials","Ceres Foods Nalli Nihari Instant Liquid Masala",220.00,50.00,6,110.00,200,False,200
1161,"Cooking Essentials","Borges Canola Oil Pet Bottle",399.00,0.00,6,399.00,1000,False,1
1162,"Cooking Essentials","Suhana Biryani Masala",66.00,0.00,6,66.00,50,False,50
1163,"Cooking Essentials","On1y Black Salt Grinder",99.00,0.00,6,99.00,100,False,100
1164,"Cooking Essentials","Popular Essentials Nylon Til",40.00,2.00,6,39.00,100,False,100
1165,"Cooking Essentials","Pillsbury Rich Choco Oven Cake Mix - Egg Free",170.00,6.00,6,159.00,270,False,270
1166,"Cooking Essentials","Weikfield Tomato Salsa Instant Pasta",25.00,0.00,1,25.00,77,False,77
1167,"Cooking Essentials","Praakritik Organic Jowar Atta",110.00,6.00,6,103.00,500,False,500
1168,"Cooking Essentials","Sugarfree Gold Low Calorie Sweetner ",270.00,7.00,6,251.00,50,False,50
1169,"Cooking Essentials","Epicurea Thai Jasmine Rice",295.00,0.00,4,295.00,500,False,500
1170,"Cooking Essentials","Yummiez Chicken Garlic Fingers Pouch",250.00,0.00,5,250.00,400,False,400
1171,"Cooking Essentials","RRO Primio Refined Groundnut (Jar)",490.00,11.00,6,436.00,2000,False,2
1172,"Cooking Essentials","Praakritik Organic Tuvar Dal",140.00,0.00,6,140.00,500,False,500
1173,"Cooking Essentials","Sugarfree Gold Low Calorie Sweetner",185.00,5.00,3,175.00,300,False,300
1174,"Cooking Essentials","Cantina Beans Mexican Beans",250.00,14.00,6,213.00,410,False,410
1175,"Cooking Essentials","Pillsbury Oven Cake Mix - Vanilla",175.00,10.00,6,156.00,225,False,225
1176,"Cooking Essentials","Hershey's Chocolate Milk Booster",200.00,0.00,6,200.00,450,False,450
1177,"Cooking Essentials","Popular Essentials Byadagi Chilli Stemless",80.00,0.00,6,80.00,100,False,100
1178,"Cooking Essentials","Suhana Spice Mix - Chicken Biryani",66.00,0.00,6,66.00,50,False,50
1179,"Cooking Essentials","Praakritik Organic Yellow Moon Dal",135.00,0.00,6,135.00,500,False,500
1180,"Cooking Essentials","Maggi Magic Cubes Extra Chicken",199.00,10.00,6,179.00,240,False,240
1181,"Cooking Essentials","Dhara Filtered Groundnut Oil (Jar)",1050.00,0.00,2,1050.00,5000,False,5
1182,"Cooking Essentials","24 Mantra Sona Masuri Brown Rice",475.00,10.00,6,423.00,5000,False,5
1183,"Cooking Essentials","24 Mantra Organic Pancharatna Dal - Split",130.00,7.00,6,120.00,500,False,500
1184,"Cooking Essentials","24 Mantra Organic Cumin Powder",70.00,0.00,6,70.00,100,False,100
1185,"Cooking Essentials","Popular Essentials Samba Broken Wheat",100.00,11.00,6,89.00,500,False,500
1186,"Cooking Essentials","Betty Crocker Chocolate Fudge Cake Mix",295.00,0.00,6,295.00,475,False,475
1187,"Cooking Essentials","Borges Extra Light Olive Oil Bottle ",2600.00,46.00,6,1399.00,2000,False,2
1188,"Cooking Essentials","Flying Bird Premium Orange Artificial Food Essence",60.00,0.00,6,60.00,20,False,20
1189,"Cooking Essentials","Popular Essentials Red Cherry/Gundu Chilli",95.00,0.00,6,95.00,100,False,100
1190,"Cooking Essentials","Super Saver Kolam Rice Sortex Clean ",700.00,10.00,3,630.00,5000,False,5
1191,"Cooking Essentials","Flying Bird Food Essence - Kewra",50.00,0.00,6,50.00,20,False,20
1192,"Cooking Essentials","MTR Vada Breakfast",200.00,0.00,1,200.00,500,False,500
1193,"Cooking Essentials","On1y Pasta Seasoning",99.00,0.00,6,99.00,30,False,30
1194,"Cooking Essentials","Praakritik Organic Indrayani Rice",70.00,0.00,6,70.00,500,False,500
1195,"Cooking Essentials","On1y Pizza Seasoning",99.00,0.00,6,99.00,28,False,28
1196,"Cooking Essentials","Kitchens of India Mutter Paneer Mix",120.00,30.00,4,84.00,285,False,285
1197,"Cooking Essentials","Aashirvaad Svasti Cow Ghee Tetra Pack",295.00,0.00,6,295.00,500,False,500
1198,"Cooking Essentials","Weikfield Cooker Cake Mix - Vanilla",95.00,0.00,6,95.00,150,False,150
1199,"Cooking Essentials","Praakritik Organic Kapli Wheat Atta",165.00,10.00,6,147.00,1000,False,1
1200,"Cooking Essentials","Epicurea Sushi Rice",295.00,0.00,6,295.00,500,False,500
1201,"Cooking Essentials","Sugarfree Natural Green Stevia Leaves Zero Calorie",75.00,0.00,2,75.00,100,False,100
1202,"Cooking Essentials","Smith & Jones Italian Spices Masala Mix",99.00,0.00,6,99.00,75,False,75
1203,"Cooking Essentials","Satyam Nighties Spices  Chilli Bore",89.00,10.00,6,80.00,100,False,100
1204,"Cooking Essentials","Weikfield Veg Jelly Crystals - Orange",45.00,2.00,6,44.00,90,False,90
1205,"Cooking Essentials","Praakritik Organic Jumbo Rolled Oats",190.00,11.00,6,169.00,500,False,500
1206,"Cooking Essentials","On1y Sea Salt Grinder",89.00,0.00,6,89.00,100,False,100
1207,"Cooking Essentials","Delight Nuts Berries Mix ",399.00,20.00,6,319.00,200,False,200
1208,"Cooking Essentials","Everest Kesari Milk Masala",205.00,0.00,6,205.00,50,False,20
1209,"Cooking Essentials","Praakritik Organic Ginger Powder",139.00,10.00,6,125.00,100,False,100
1210,"Cooking Essentials","Suhana Mutton Gravy Mix",45.00,0.00,4,45.00,80,False,80
1211,"Cooking Essentials","On1y Salad Seasoning Grinder",139.00,0.00,6,139.00,45,False,45
1212,"Cooking Essentials","Figaro Pure Olive Oil",325.00,8.00,1,299.00,200,False,200
1213,"Cooking Essentials","Madhur Sugar",60.00,6.00,0,56.00,1000,True,1
1214,"Cooking Essentials","Amul Fresh Cream",63.00,0.00,0,63.00,250,True,250
1215,"Cooking Essentials","Madhur Pure And Hygienic Sugar",295.00,9.00,0,266.00,5000,True,5
1216,"Cooking Essentials","Satyam Poha Jada",35.00,8.00,0,32.00,500,True,500
1217,"Cooking Essentials","Aashirvaad Superior MP Whole Wheat Atta",53.00,1.00,0,52.00,1000,True,1
1218,"Cooking Essentials","Fortune Soyabean Oil",210.00,13.00,0,181.00,1000,True,1
1219,"Cooking Essentials","Maggi Masala Ae Magic",58.00,6.00,0,54.00,72,True,72
1220,"Cooking Essentials","Aashirvaad Iodised Salt ",22.00,13.00,0,19.00,1000,True,1
1221,"Cooking Essentials","Maggi 2-Minute Instant Noodles - Masala",44.00,0.00,0,44.00,280,True,280
1222,"Cooking Essentials","Popular Essentials Phool Makhana (Jumbo Size)",150.00,14.00,0,128.00,100,True,100
1223,"Cooking Essentials","Aashirvaad Atta With Mutigrains",315.00,8.00,0,287.00,5000,True,5
1224,"Cooking Essentials","Tata Sampann Poha",44.00,6.00,0,41.00,500,True,500
1225,"Cooking Essentials","Fortune Besan Flour",120.00,0.00,0,120.00,1000,True,1
1226,"Cooking Essentials","Popular Essentials Toor Dal (Un-Polished)",80.00,7.00,0,74.00,500,True,500
1227,"Cooking Essentials","Everest Tikhalal Hot & Red Chilly Powder",47.00,2.00,0,46.00,100,True,100
1228,"Cooking Essentials","Popular Essentials Chia Seeds",50.00,2.00,0,49.00,100,True,100
1229,"Cooking Essentials","Tata Sampann Unpolished Toor Dal/Arhar Dal",179.00,1.00,0,177.00,1000,True,200
1230,"Cooking Essentials","Everest Coriander Powder",32.00,3.00,0,31.00,100,True,100
1231,"Cooking Essentials","Satyam Thin Poha Patla",38.00,7.00,0,35.00,500,True,500
1232,"Cooking Essentials","Popular Essentials Sona Masouri Raw Rice",75.00,0.00,0,75.00,1000,True,1
1233,"Cooking Essentials","Tata Sampann High Protien Chana Dal - Split",64.00,0.00,0,64.00,500,True,500
1234,"Cooking Essentials","Satyam Singdana ",119.00,6.00,0,111.00,500,True,500
1235,"Cooking Essentials","Tata Sampann Moong Chilka ",88.00,6.00,0,82.00,500,True,500
1236,"Cooking Essentials","Tata Sampann High Protien Toor Dal - Split",91.00,2.00,0,89.00,500,True,500
1237,"Cooking Essentials","Ching's Chow Mein Hakka Noodles Masala",10.00,0.00,0,10.00,20,True,20
1238,"Cooking Essentials","Everest Chat Masala",65.00,9.00,0,59.00,100,True,100
1239,"Cooking Essentials","Popular Essentials Black Brown Chana (Un-Polished)",55.00,9.00,0,50.00,500,True,500
1240,"Cooking Essentials","Dabur Ginger Garlic Paste",50.00,6.00,0,47.00,200,True,200
1241,"Cooking Essentials","Ching's Secret Veg Hakka Noodles",107.00,0.00,0,107.00,600,True,600
1242,"Cooking Essentials","Saffola Oats 100 % Natural",15.00,0.00,0,15.00,38,True,38
1243,"Cooking Essentials","Everest Kashmiri Lal Chilli Powder",310.00,10.00,0,279.00,500,True,500
1244,"Cooking Essentials","Popular Essentials Black Raisins Seedless",60.00,10.00,0,54.00,100,True,100
1245,"Cooking Essentials","Daawat Rozana Super Basmati Rice",79.00,0.00,0,79.00,1000,True,1
1246,"Cooking Essentials","Everest Cumin Powder (Jeera)",30.00,3.00,0,29.00,50,True,50
1247,"Cooking Essentials","Everest Sambhar Masala",34.00,2.00,0,33.00,50,True,50
1248,"Cooking Essentials","Maggi Chilly Chow Cuppa Noodles",50.00,0.00,0,50.00,70,True,70
1249,"Cooking Essentials","Popular Essentials Mustard Seeds Rai Big",20.00,0.00,0,20.00,100,True,100
1250,"Cooking Essentials","Patanjali Cow's Ghee",565.00,0.00,0,565.00,1000,True,1
1251,"Cooking Essentials","Everest Amchur Powder",42.00,2.00,0,41.00,50,True,50
1252,"Cooking Essentials","Daawat Super Basmati Rice",185.00,8.00,0,169.00,1000,True,1
1253,"Cooking Essentials","Popular Essentials Sabudana",60.00,10.00,0,54.00,500,True,500
1254,"Cooking Essentials","Popular Essentials Brown Sugar",40.00,0.00,0,40.00,500,True,500
1255,"Cooking Essentials","Everest Coriander Powder",70.00,10.00,0,63.00,200,True,200
1256,"Cooking Essentials","Sunfeast Yippee! Magic Masala Noodles",48.00,6.00,0,45.00,240,True,240
1257,"Cooking Essentials","Tata Tea Gold",35.00,0.00,0,35.00,100,True,200
1258,"Cooking Essentials","Daawat Rozana Gold Basmati Rice",90.00,1.00,0,89.00,1000,True,1
1259,"Cooking Essentials","Top Ramen Masala",91.00,9.00,0,82.00,560,True,560
1260,"Cooking Essentials","Everest Turmeric Powder",67.00,10.00,0,60.00,200,True,200
1261,"Cooking Essentials","Popular Essentials Buckwheat Flour (Kuttu Atta)",125.00,9.00,0,113.00,500,True,500
1262,"Cooking Essentials","Keya Italian Pizza Oregano",109.00,11.00,0,97.00,80,True,80
1263,"Cooking Essentials","Chef's Basket Durum Wheat Penne Pasta",160.00,50.00,0,80.00,500,True,500
1264,"Cooking Essentials","Tata Sampann Kala Chana",125.00,0.00,0,125.00,1000,True,1
1265,"Cooking Essentials","India Gate Basmati Rice",210.00,0.00,0,210.00,1000,True,1
1266,"Cooking Essentials","24 Mantra Organic Whole Wheat Atta",64.00,7.00,0,59.00,1000,True,1
1267,"Cooking Essentials","Zorabian Chicken Kheema Parathas",190.00,0.00,0,190.00,300,True,300
1268,"Cooking Essentials","Sunfeast Pasta Treat Pack of Tomato Cheese",28.00,17.00,0,23.00,65,True,65
1269,"Cooking Essentials","Sugarlite 50% Less Calories Sugar Pouch",99.00,40.00,0,59.00,500,True,500
1270,"Cooking Essentials","Popular Essentials Sabja/Basil Seeds",60.00,15.00,0,51.00,100,True,100
1271,"Cooking Essentials","Patanjali Pure Honey",95.00,0.00,0,95.00,250,True,250
1272,"Cooking Essentials","Weikfield Falooda Mix - Mango",49.00,2.00,0,48.00,200,True,200
1273,"Cooking Essentials","Pro Nature Organic Sonamasoori Brown Rice",102.00,7.00,0,94.00,1000,True,1
1274,"Cooking Essentials","Maggi Special Masala Spicy Yummy Noodles",72.00,0.00,0,72.00,280,True,280
1275,"Cooking Essentials","Godrej Yummiez Chicken Breakfast Salami",150.00,4.00,0,143.00,250,True,250
1276,"Cooking Essentials","Everest Saffron Kesar",120.00,0.00,0,120.00,1,True,0
1277,"Munchies","Maggi 2 Minute Masala Noodles",12.00,0.00,6,12.00,70,False,70
1278,"Munchies","iD Idli & Dosa Batter ",80.00,15.00,6,68.00,1000,False,1
1279,"Munchies","Tata Salt",24.00,0.00,6,24.00,1000,False,1
1280,"Munchies","Arden Eggs White",97.00,0.00,4,97.00,696,False,12
1281,"Munchies","Arden Eggs White",65.00,15.00,4,55.00,348,False,6
1282,"Munchies","Fortune Sunlite Refined Sunflower (Pouch)",230.00,4.00,6,219.00,1000,False,1
1283,"Munchies","Aashirvaad Superior MP Atta",250.00,2.00,6,245.00,5000,False,5
1284,"Munchies","Amul Pure Ghee (Pouch)",255.00,2.00,6,249.00,500,False,500
1285,"Munchies","Arden Eggs Brown",85.00,7.00,4,79.00,348,False,6
1286,"Munchies","Tata Salt Lite",40.00,10.00,6,36.00,1000,False,1
1287,"Munchies","Saffola Gold Oil (Pouch)",215.00,0.00,6,215.00,1000,False,1
1288,"Munchies","Fortune Sunlite Refined Sunflower (Jar)",925.00,0.00,6,925.00,5000,False,5
1289,"Munchies","Fortune Rice Bran (Pouch)",225.00,11.00,6,199.00,1000,False,1
1290,"Munchies","Saffola Active Oil",210.00,0.00,6,210.00,1000,False,1
1291,"Munchies","Amul Pure Ghee (Pouch)",505.00,1.00,2,499.00,1000,False,1
1292,"Munchies","Aashirvaad Atta",460.00,13.00,6,399.00,10000,False,10
1293,"Munchies","Popular Essentials Toor Dal (Un-Polished)",160.00,6.00,4,149.00,1000,False,1
1294,"Munchies","Amul Ghee (Tin)",520.00,2.00,6,509.00,1000,False,1
1295,"Munchies","Amul Fresh Cream",197.00,3.00,3,191.00,1000,False,1
1296,"Munchies","Popular Essentials Pure Jaggery",50.00,2.00,6,49.00,450,False,450
1297,"Munchies","Aashirvaad Multigrain Atta",64.00,3.00,2,62.00,1000,False,1
1298,"Munchies","Fortune Soyabean Oil",1005.00,0.00,6,999.00,5000,False,5
1299,"Munchies","Popular Essentials Sunflower Seeds",25.00,0.00,6,25.00,50,False,50
1300,"Munchies","Tata Sampann kabuli chana",185.00,1.00,4,183.00,1000,False,500
1301,"Munchies","Dhara Groundnut Oil (Pouch)",230.00,11.00,6,203.00,1000,False,1
1302,"Munchies","Dhara Health Refined Sun Flower Oil Jar",1200.00,18.00,6,984.00,5000,False,5
1303,"Munchies","24 Mantra Organic Jaggery Powder",80.00,15.00,6,68.00,500,False,500
1304,"Munchies","Tata Sampann High Protien Kabuli Chana",94.00,0.00,1,94.00,500,False,500
1305,"Munchies","Dhara Kachi Ghani Mustard Oil Jar",1250.00,8.00,6,1143.00,5000,False,5
1306,"Munchies","D'lecta Dairy Cream",54.00,5.00,6,51.00,200,False,200
1307,"Munchies","Ching's Secret Instant Hot Garlic Noodles",15.00,0.00,3,15.00,60,False,60
1308,"Munchies","Dabur Ginger Garlic Paste",25.00,8.00,3,23.00,100,False,100
1309,"Munchies","Ching's Secret Instant Schezwan Noodles",15.00,0.00,6,15.00,60,False,60
1310,"Munchies","Gowardhan Ghee/Tuppa Jar",315.00,1.00,6,309.00,500,False,500
1311,"Munchies","Tata Sampann Unpolished Moong Dal ",92.00,4.00,4,88.00,500,False,500
1312,"Munchies","Aashirvaad Select Atta",64.00,0.00,6,64.00,1000,False,1
1313,"Munchies","Popular Essentials Misri Dana (Diamond Sugar) ",15.00,0.00,4,15.00,100,False,100
1314,"Munchies","Gowardhan Ghee Jar",598.00,3.00,6,579.00,1000,False,1
1315,"Munchies","Top Ramen  Noodles Curry Veg Pouch",20.00,0.00,1,20.00,70,False,70
1316,"Munchies","Popular Essentials Refined Sugar",60.00,0.00,6,60.00,1000,False,1
1317,"Munchies","Fortune Kachi Ghani Mustard Oil Bottle",216.00,7.00,6,199.00,1000,False,1
1318,"Munchies","Saffola Veggie Twist Masala Oats",15.00,0.00,6,15.00,38,False,38
1319,"Munchies","Satyam Puffed Rice Kurmura (R)",23.00,0.00,6,23.00,200,False,200
1320,"Munchies","Quaker Oats",79.00,0.00,2,79.00,400,False,400
1321,"Munchies","Aashirvaad Select Sharbati Atta",315.00,10.00,6,283.00,5000,False,5
1322,"Munchies","Popular Essentials Refined Sugar",295.00,10.00,6,265.00,5000,False,5
1323,"Munchies","Gowardhan Cow Ghee Pouch",579.00,10.00,6,521.00,1000,False,1
1324,"Munchies","Dhara Nourish Refined Sunflower Oil Pouch",210.00,5.00,6,199.00,1000,False,1
1325,"Munchies","Parachute Oil ",40.00,7.00,3,37.00,100,False,100
1326,"Munchies","Popular Essentials Plain Puffed Rice (Murmura/Muri)",18.00,0.00,6,18.00,100,False,100
1327,"Munchies","Amul Mithai Mate Condensed Sweetened Milk",56.00,3.00,4,54.00,200,False,200
1328,"Munchies","Saffola Gold (Jar)",1240.00,0.00,6,1240.00,5000,False,5
1329,"Munchies","McCain New Mini Samosa with Cheese Pizza Style Filling",120.00,1.00,3,118.00,240,False,240
1330,"Munchies","Fortune Rice Bran Health Oil (Jar)",1050.00,1.00,6,1039.00,5000,False,5
1331,"Munchies","Arden Desi Eggs",110.00,13.00,4,95.00,348,False,6
1332,"Munchies","Fortune Rozana Basmati Rice",585.00,21.00,6,462.00,5000,False,5
1333,"Munchies","Fortune Biriyani Special Basmati Rice",175.00,0.00,5,175.00,1000,False,1
1334,"Munchies","Everest Garam Masala",78.00,7.00,5,72.00,100,False,100
1335,"Munchies","Popular Essentials Pumpkin Seeds",90.00,16.00,6,75.00,100,False,100
1336,"Munchies","Fortune Soya Health Refined Soybean Oil",210.00,1.00,2,206.00,1000,False,1
1337,"Munchies","Gowardhan Pure Ghee Pouch",295.00,4.00,6,281.00,500,False,500
1338,"Munchies","Popular Essentials Jeera/Cumin Seeds",40.00,5.00,3,38.00,100,False,100
1339,"Munchies","Weikfield Baking Soda",30.00,3.00,6,29.00,100,False,100
1340,"Munchies","Everest Pav Bhaji Masala",37.00,10.00,4,33.00,50,False,50
1341,"Munchies","Tata Sampann Unpolished Chana Dal",95.00,6.00,2,89.00,1000,False,500
1342,"Munchies","Amul Mithai Mate EOE Tin",112.00,2.00,6,109.00,400,False,400
1343,"Munchies","Pillsbury Chakki Fresh Atta",450.00,16.00,6,375.00,10000,False,10
1344,"Munchies","Everest Chicken Masala",39.00,2.00,1,38.00,50,False,50
1345,"Munchies","Dhara Life Refined Ricebran Oil (Pouch)",205.00,7.00,6,190.00,1000,False,1
1346,"Munchies","Borges Extra Virgin Olive Oil",400.00,25.00,1,299.00,250,False,250
1347,"Munchies","Everest Shahi Biryani Masala",70.00,14.00,6,60.00,50,False,50
1348,"Munchies","Popular Essentials Californian Almond",350.00,28.00,6,251.00,250,False,250
1349,"Munchies","Popular Essentials Ajwain Whole",25.00,0.00,4,25.00,50,False,50
1350,"Munchies","Everest Tikhalal Chilli Powder",235.00,9.00,6,212.00,500,False,500
1351,"Munchies","Popular Essentials Kabuli Chana Regular",85.00,9.00,6,77.00,500,False,500
1352,"Munchies","Pillsbury Chakki Fresh Atta",52.00,0.00,4,52.00,1000,False,1
1353,"Munchies","Popular Essentials Saunf/Fennel Seeds",45.00,2.00,6,44.00,100,False,100
1354,"Munchies","Popular Essentials Bansi Sooji",35.00,2.00,3,34.00,500,False,500
1355,"Munchies","Happilo Premium International Queen Kalmi Dates",245.00,29.00,6,172.00,200,False,200
1356,"Munchies","Tata Sampann Unpolished Urad Whole",101.00,6.00,4,94.00,500,False,500
1357,"Munchies","Popular Essentials Cashew Split",325.00,12.00,6,283.00,250,False,250
1358,"Munchies","Popular Essentials Chana Dal (Un-Polished)",60.00,10.00,6,54.00,500,False,500
1359,"Munchies","Tata Sampann Unpolished Rajma (Chitra)",134.00,6.00,6,125.00,500,False,500
1360,"Munchies","Everest Garam Masala",42.00,2.00,2,41.00,50,False,50
1361,"Munchies","Everest Kitchen King Masala",70.00,14.00,2,60.00,100,False,100
1362,"Munchies","24 Mantra Organic Cumin",70.00,7.00,2,65.00,100,False,100
1363,"Munchies","Nestle Milkmaid",132.00,3.00,6,128.00,400,False,400
1364,"Munchies","Popular Essentials Sona Masouri Steam Rice",65.00,9.00,6,59.00,1000,False,1
1365,"Munchies","24 Mantra Organic Tur Dal",260.00,20.00,6,208.00,1000,False,1
1366,"Munchies","Gits Gulab Jamun Instant Dessert Mix",99.00,10.00,6,89.00,200,False,200
1367,"Munchies","Popular Essentials Black Masoor Whole (Un-Polished)",65.00,10.00,3,58.00,500,False,500
1368,"Munchies","24 Mantra Organic Peanuts",135.00,7.00,1,125.00,500,False,500
1369,"Munchies","Everest Hingraj Powder",90.00,10.00,2,81.00,50,False,50
1370,"Munchies","Everest Black Pepper Powder",135.00,14.00,6,115.00,100,False,100
1371,"Munchies","Tata Sampann Masoor Dal Stand",150.00,10.00,4,134.00,1000,False,1
1372,"Munchies","24 Mantra Organic Besan",95.00,7.00,5,88.00,500,False,500
1373,"Munchies","Quaker Oats",199.00,7.00,6,184.00,1000,False,1
1374,"Munchies","Saffola Gold Refined Cooking Oil (Jar)",485.00,7.00,6,449.00,2000,False,2
1375,"Munchies","Nestle Everyday Dairy Whitener",210.00,0.00,4,210.00,400,False,400
1376,"Munchies","24 Mantra Organic Red Poha",75.00,8.00,1,69.00,500,False,500
1377,"Munchies","Everest Powder - Tea Masala",98.00,9.00,5,89.00,100,False,100
1378,"Munchies","Tata Sampann Urad Dal Split",94.00,4.00,6,90.00,500,False,500
1379,"Munchies","Popular Essentials Idli Sooji ",30.00,6.00,6,28.00,500,False,500
1380,"Munchies","Popular Essentials Dessicated Coconut",95.00,9.00,6,86.00,200,False,200
1381,"Munchies","Sunfeast Yippee! Mood Masala Noodles",60.00,28.00,3,43.00,260,False,260
1382,"Munchies","Chef's Basket Durum Wheat Elbow Pasta",160.00,50.00,6,80.00,500,False,500
1383,"Munchies","MTR Breakfast Khatta Meetha Poha Mix",25.00,20.00,6,20.00,60,False,60
1384,"Munchies","Satyam Khobra",113.00,10.00,5,101.00,200,False,200
1385,"Munchies","Betty Crocker Complete Pancake Mix Original",110.00,4.00,6,105.00,250,False,500
1386,"Munchies","Borges Durum Wheat Fusilli Pasta ",250.00,0.00,3,250.00,500,False,500
1387,"Munchies","24 Mantra Organic Green Moong Dal - Split",135.00,0.00,2,135.00,500,False,500
1388,"Munchies","Weikfield Vanilla Flavoured Custard Powder",37.00,0.00,6,37.00,100,False,100
1389,"Munchies","Tata Sampann Moong Dal Split",180.00,1.00,5,178.00,1000,False,200
1390,"Munchies","Tata Sampann Kala Chana",64.00,0.00,5,64.00,500,False,500
1391,"Munchies","Saffola Soya Chunks Mealmaker",50.00,0.00,2,50.00,200,False,200
1392,"Munchies","24 Mantra Bura Sugar (Demerara)",80.00,10.00,6,72.00,500,False,500
1393,"Munchies","Popular Essentials Green Cardamom (Elaichi)",200.00,1.00,6,198.00,50,False,50
1394,"Munchies","Hershey's Syrup Delicious Strawberry",95.00,0.00,1,95.00,200,False,200
1395,"Munchies","Popular Essentials Anjeer",190.00,11.00,4,169.00,100,False,100
1396,"Munchies","Popular Essentials Mustard Seeds Rai Small",20.00,0.00,2,20.00,100,False,100
1397,"Munchies","Weikfield Baking Powder",33.00,3.00,6,32.00,100,False,100
1398,"Munchies","Dabur Honey Squeezy",185.00,9.00,6,167.00,225,False,225
1399,"Munchies","Tata Sampann High Protein Kali Urad",91.00,14.00,6,78.00,500,False,500
1400,"Munchies","Everest Kitchen King Masala",37.00,2.00,6,36.00,50,False,50
1401,"Munchies","Chef's Basket Durum Wheat Fusilli Pasta",160.00,50.00,6,80.00,500,False,500
1402,"Munchies","TilSona Til Oil",180.00,10.00,2,162.00,500,False,500
1403,"Munchies","Top Ramen Chicken Noodles",60.00,10.00,1,54.00,280,False,280
1404,"Munchies","Everest Chaat Masala",35.00,2.00,1,34.00,50,False,50
1405,"Munchies","Keya Wonder Red Hot Chilli Flakes",89.00,10.00,2,80.00,40,False,40
1406,"Munchies","Popular Essentials White Peas (Un-Polished)",80.00,10.00,5,72.00,500,False,500
1407,"Munchies","Chingç´ Secret Chowmein Hakka Noodles Masala ",44.00,0.00,2,44.00,60,False,60
1408,"Munchies","Dhara Filtered Groundnut Oil (Jar)",1050.00,1.00,6,1035.00,5000,False,5
1409,"Munchies","Pillsbury Choco Chip Pancake Mix",99.00,5.00,6,94.00,165,False,165
1410,"Munchies","Hershey's Caramel Syrup",230.00,0.00,1,230.00,623,False,623
1411,"Munchies","Pillsbury Multi Grain Atta",60.00,6.00,3,56.00,1000,False,1
1412,"Munchies","McCain New Mini Samosa with Cheese Corn Style Filling",120.00,1.00,2,118.00,240,False,240
1413,"Munchies","Satyam Puffed Rice Kurmura (A)",43.00,0.00,6,43.00,200,False,200
1414,"Munchies","MTR 3 Min Poha",25.00,0.00,6,25.00,60,False,60
1415,"Munchies","Ching's Manchurian Instant Noodles",15.00,0.00,5,15.00,60,False,60
1416,"Munchies","Everest Pav Bhaji Masala",70.00,0.00,2,70.00,100,False,100
1417,"Munchies","Hershey's Chocolate Flavour Syrup",220.00,6.00,6,205.00,623,False,680
1418,"Munchies","Popular Essentials Dhania (Coriander Seeds)",55.00,16.00,4,46.00,200,False,200
1419,"Munchies","24 Mantra Red Chilly Whole",70.00,7.00,1,65.00,100,False,100
1420,"Munchies","Dabur Honey - World's No.1",120.00,0.00,6,120.00,250,False,250
1421,"Munchies","24 Mantra Organic Puffed Rice",40.00,2.00,6,39.00,200,False,200
1422,"Munchies","24 Mantra Organic Wheat Daliya ",48.00,2.00,2,47.00,500,False,500
1423,"Munchies","24 Mantra Organic Ragi Flour",65.00,20.00,4,52.00,500,False,500
1424,"Munchies","Popular Essentials Cinnamon Whole (Dalchini)",35.00,5.00,6,33.00,25,False,25
1425,"Munchies","Sundrop Super Lite Advanced - Sunflower Oil",215.00,0.00,4,215.00,1000,False,1
1426,"Munchies","Pillsbury Atta/Godihittu - Chakki Fresh",102.00,7.00,4,94.00,2000,False,2
1427,"Munchies","Popular Essentials Green Moong Chilka/Chilka (Un-Polished)",85.00,7.00,5,79.00,500,False,500
1428,"Munchies","Popular Essentials HMT Kolam Steam",75.00,0.00,3,75.00,1000,False,1
1429,"Munchies","Popular Essentials Black Urad Split",80.00,10.00,4,72.00,500,False,500
1430,"Munchies","Keya Oregano",109.00,10.00,5,98.00,9,False,9
1431,"Munchies","Popular Essentials Pink Rajma",100.00,10.00,6,90.00,500,False,500
1432,"Munchies","Everest Chicken Masala",74.00,2.00,6,72.00,100,False,100
1433,"Munchies","Popular Essentials HMT Kolam Steam",370.00,10.00,6,333.00,5000,False,5
1434,"Munchies","Everest Shahi Paneer Masala",42.00,4.00,5,40.00,50,False,50
1435,"Munchies","Godrej Yummiez Chicken Nuggets",325.00,9.00,1,293.00,500,False,500
1436,"Munchies","Flying Bird Vanilla Essence",35.00,2.00,6,34.00,20,False,20
1437,"Munchies","Everest Sabji Masala",30.00,3.00,6,29.00,50,False,50
1438,"Munchies","Popular Essentials Californian Almond",695.00,32.00,6,470.00,500,False,500
1439,"Munchies","Cornitos Cornitos Taco Shells - 4 Inches",110.00,20.00,6,88.00,80,False,80
1440,"Munchies","Everest Rajma Masala",33.00,3.00,5,32.00,50,False,50
1441,"Munchies","Popular Essentials White Til",40.00,5.00,1,38.00,100,False,100
1442,"Munchies","Amul Dark Compound Chocolate Slab",125.00,2.00,6,122.00,500,False,500
1443,"Munchies","Mothers Recipe Papad Chana Masala",79.00,10.00,6,71.00,200,False,200
1444,"Munchies","Ching's Schezwan Masala Instant Noodles",60.00,0.00,1,60.00,240,False,240
1445,"Munchies","Amul Milk Compound Chocolate Slab",110.00,2.00,6,107.00,500,False,500
1446,"Munchies","Eastern Chicken Masala",70.00,7.00,3,65.00,100,False,100
1447,"Munchies","Popular Essentials Methi Seeds",25.00,0.00,5,25.00,100,False,100
1448,"Munchies","Saffola Yummy Masala Noodles ",20.00,0.00,2,20.00,46,False,46
1449,"Munchies","Cadbury Hot Chocolate",175.00,5.00,6,166.00,200,False,200
1450,"Munchies","Ching's Chicken Chilli Masala",10.00,0.00,6,10.00,20,False,20
1451,"Munchies","Dabur Keora water - Authentic flavour for Biryani's and Desserts",62.00,6.00,6,58.00,250,False,250
1452,"Munchies","Popular Essentials Black Cardamom/Elaichi ",100.00,10.00,6,90.00,50,False,50
1453,"Munchies","Popular Essentials Idli Rice",60.00,10.00,4,54.00,1000,False,1
1454,"Munchies","Everest Chole Masala",33.00,3.00,1,32.00,50,False,50
1455,"Munchies","Dabur Hommade Tamarind Paste",48.00,6.00,6,45.00,200,False,200
1456,"Munchies","Maggi Magic Cubes, Vegetarian Masala (Free 2 Cubes Inside)",35.00,2.00,6,34.00,48,False,48
1457,"Munchies","Popular Essentials Cooking Soda",30.00,10.00,6,27.00,200,False,200
1458,"Munchies","RRO Primio Refined Groundnut Oil Pet Bottle",255.00,6.00,2,239.00,1000,False,1
1459,"Munchies","Everest Pani Puri Masala",31.00,3.00,6,30.00,50,False,50
1460,"Munchies","Nissin Cup Noodles Tangy Tomato",50.00,10.00,2,45.00,70,False,70
1461,"Munchies","Ching's Veg Manchurian Masala",10.00,0.00,2,10.00,20,False,20
1462,"Munchies","Ceres Foods Fish Mustard Instant Liquid Masala",220.00,50.00,6,110.00,200,False,200
1463,"Munchies","Everest Garam Masala",158.00,10.00,6,142.00,200,False,200
1464,"Munchies","24 Mantra Organic Jowar Flour",70.00,7.00,6,65.00,500,False,500
1465,"Munchies","Maggi Coconut Milkpowder",100.00,0.00,6,100.00,100,False,100
1466,"Munchies","On1y Pepper Grinder",159.00,9.00,1,144.00,50,False,50
1467,"Munchies","Popular Essentials Rice Flour",60.00,0.00,3,60.00,1000,False,1
1468,"Munchies","Sunfeast Yippee! Pasta Treat - Sour Cream Onion",28.00,10.00,1,25.00,65,False,65
1469,"Munchies","24 Mantra Organic Brown Sona Masoori Rice",95.00,0.00,6,95.00,1000,False,1
1470,"Munchies","Happilo Premium Afghani Anjeer",365.00,29.00,2,256.00,200,False,200
1471,"Munchies","Popular Essentials Chiroti Sooji",35.00,2.00,6,34.00,500,False,500
1472,"Munchies","RRO Til Dil Premium Til Oil Bottle",330.00,10.00,5,294.00,1000,False,1
1473,"Munchies","Popular Essentials Red Rajma",90.00,10.00,6,81.00,500,False,500
1474,"Munchies","Cornitos Peanut - Premium Salted ",120.00,10.00,6,108.00,150,False,150
1475,"Munchies","Popular Essentials Black Pepper",100.00,10.00,5,90.00,100,False,100
1476,"Munchies","24 Mantra Organic Tur Dal - Split",130.00,7.00,6,120.00,500,False,500
1477,"Munchies","Sugarfree Gold Low Calorie Sweetner",65.00,6.00,3,61.00,110,False,100
1478,"Munchies","Ching's Secret Paneer Chilli Masala",10.00,0.00,2,10.00,20,False,20
1479,"Munchies","Dabur Honey ",220.00,7.00,3,204.00,500,False,500
1480,"Munchies","Sunfeast Yippee! Pasta Treat - Sour Cream Onion",28.00,17.00,3,23.00,65,False,65
1481,"Munchies","Everest Tea Masala",55.00,9.00,2,50.00,50,False,50
1482,"Munchies","Ching's Paneer Chilli Masala",44.00,0.00,4,44.00,60,False,60
1483,"Munchies","Sunfeast YiPPee! Magic Masala Noodles",70.00,10.00,3,63.00,405,False,405
1484,"Munchies","Everest Meat Masala Powder",74.00,9.00,3,67.00,100,False,100
1485,"Munchies","Pillsbury Atta With Multigrains Wheat Grains",295.00,16.00,6,245.00,5000,False,5
1486,"Munchies","Mother's Recipe Tamarind Paste",50.00,2.00,6,49.00,200,False,200
1487,"Munchies","Quaker Oats Breakfast Cereals - With Flavour Mix Nutritious Rich Source Of Energy",49.00,8.00,6,45.00,200,False,200
1488,"Munchies","Popular Essentials Cloves (Lavang)",75.00,17.00,6,62.00,50,False,50
1489,"Munchies","Sunfeast Yippee! Power Up Atta Noodles",96.00,15.00,6,81.00,280,False,280
1490,"Munchies","Suhana Paneer Tikka Masala Mix",40.00,5.00,6,38.00,50,False,50
1491,"Munchies","24 Mantra Turmeric Powder",35.00,2.00,6,34.00,100,False,100
1492,"Munchies","24 Mantra Super Grain Quinoa",190.00,0.00,4,190.00,500,False,500
1493,"Munchies","Everest Powder - Egg Curry Masala",40.00,2.00,6,39.00,50,False,50
1494,"Munchies","Popular Essentials Pe Shah Jeera ",60.00,15.00,6,51.00,50,False,50
1495,"Munchies","24 Mantra Organic Sattu Atta",95.00,0.00,6,95.00,500,False,500
1496,"Munchies","Smith & Jones Pasta Masala",46.00,0.00,6,46.00,54,False,54
1497,"Munchies","Weikfield Vanilla Custard Powder",142.00,9.00,3,128.00,500,False,500
1498,"Munchies","Sugarfree Natura Low Calorie Sweetner ",300.00,10.00,3,270.00,42,False,42
1499,"Munchies","Pillsbury Vanilla Custard Powder",37.00,2.00,6,36.00,100,False,100
1500,"Munchies","24 Mantra Organic Rajma",145.00,0.00,6,145.00,500,False,500
1501,"Munchies","Popular Essentials Broken Wheat/Daliya",35.00,2.00,6,34.00,500,False,500
1502,"Munchies","Zorabian Chicken Smoked Ham",205.00,5.00,1,194.00,250,False,250
1503,"Munchies","Smith & Jones Peri Peri Masala",99.00,0.00,6,99.00,75,False,75
1504,"Munchies","Saffola Veggie Twist Masala Oats",195.00,12.00,2,171.00,500,False,500
1505,"Munchies","Popular Essentials Urad Dal Split (Un-Polished)",85.00,9.00,5,77.00,500,False,500
1506,"Munchies","Weikfield Baking Powder",22.00,0.00,6,22.00,50,False,50
1507,"Munchies","Popular Essentials Bajra Whole",65.00,13.00,6,56.00,1000,False,1
1508,"Munchies","Weikfield Veg Jelly Crystals - Strawberry",45.00,2.00,6,44.00,90,False,90
1509,"Munchies","Weikfield Veg Jelly Crystals - Raspberry",45.00,2.00,6,44.00,90,False,90
1510,"Munchies","Popular Essentials Masoor Dal Split (Un-Polished)",70.00,10.00,4,63.00,500,False,500
1512,"Munchies","Popular Essentials Pista Salted (With Shell)",470.00,21.00,5,371.00,250,False,250
1513,"Munchies","The Bake Shop Bread Crumbs",50.00,6.00,3,47.00,400,False,400
1514,"Munchies","Popular Essentials Horse Gram",40.00,10.00,4,36.00,500,False,500
1515,"Munchies","Hershey's Chocolate Syrup",95.00,0.00,4,95.00,200,False,200
1516,"Munchies","Godrej Yummiez Chilli Chicken Sausages ",160.00,10.00,3,144.00,250,False,250
1517,"Munchies","Everest Kasuri Methi",25.00,0.00,6,25.00,25,False,25
1518,"Munchies","Satyam Makhana",208.00,0.00,6,208.00,100,False,100
1519,"Munchies","Everest Tandoori Chicken Masala",39.00,2.00,5,38.00,50,False,50
1520,"Munchies","Weikfield Falooda Mix - Kesar Pista",49.00,2.00,3,48.00,200,False,200
1521,"Munchies","Weikfield Cocoa Powder",70.00,7.00,6,65.00,50,False,50
1522,"Munchies","Pantai Coconut Cream",150.00,4.00,4,143.00,400,False,400
1523,"Munchies","Popular Essentials Coriander Seeds",15.00,0.00,5,15.00,50,False,50
1524,"Munchies","Ching's Singapore Curry Instant Noodles",60.00,0.00,4,60.00,240,False,240
1525,"Munchies","Eastern Fish Masala",48.00,2.00,5,47.00,100,False,100
1526,"Munchies","Pillsbury Atta/Godihittu - Chakki Fresh",275.00,0.00,6,275.00,5000,False,5
1527,"Munchies","Oleev Smart Oil Fortified with VIT A, D, E & K (Pouch)",215.00,9.00,4,194.00,1000,False,1
1528,"Munchies","Everest Dry Ginger Powder",75.00,9.00,4,68.00,100,False,100
1529,"Munchies","Pillsbury Cooker Cake Mix - Choco",100.00,11.00,6,89.00,159,False,159
1530,"Munchies","Hersheys Chocolate Almond Syrup",200.00,0.00,2,200.00,450,False,450
1531,"Munchies","Satyam Nighties Spices  Chilli Pandi",56.00,7.00,5,52.00,100,False,100
1532,"Munchies","Popular Essentials Popular Essential Pista Salted (With Shell)",190.00,10.00,6,171.00,100,False,100
1533,"Munchies","Godrej Yummiez Chicken Punjabi Tikka ",295.00,9.00,6,266.00,360,False,360
1534,"Munchies","Popular Essentials Rozana Sona Masuri Raw Rice",350.00,10.00,5,312.00,5000,False,5
1535,"Munchies","24 Mantra Mustard Oil (Cold Pressed) ",350.00,10.00,6,312.00,1000,False,1
1536,"Munchies","24 Mantra Organic Black Pepper",170.00,7.00,6,157.00,100,False,100
1537,"Munchies","Popular Essentials Green Moong Whole",90.00,16.00,3,75.00,500,False,500
1538,"Munchies","24 Mantra Organic Masoor Dal - Split",95.00,7.00,6,88.00,500,False,500
1539,"Munchies","Praakritik Organic Natural Rock Salt",60.00,6.00,3,56.00,500,False,500
1540,"Munchies","24 Mantra Sunflower Oil (Cold Pressed) Pet Bottle",390.00,11.00,5,347.00,1000,False,1
1541,"Munchies","Ching's Secret Instant Noodles, Hot Garlic",60.00,0.00,4,60.00,240,False,240
1542,"Munchies","Saffola Everyday Peppy Tomato Masala Oats",195.00,12.00,6,171.00,500,False,500
1543,"Munchies","Dabur 100% Pure Honey - Worlds No.1",430.00,10.00,6,387.00,1000,False,1
1544,"Munchies","Popular Essentials Star Anise",70.00,10.00,5,63.00,25,False,25
1545,"Munchies","Ching's Secret Chicken 65 Masala - Chicken",10.00,0.00,5,10.00,20,False,20
1546,"Munchies","Cadbury Cocoa Powder",223.00,5.00,6,211.00,150,False,150
1547,"Munchies","Praakritik Natural Desi Gir Cow A2 Ghee",1450.00,10.00,6,1305.00,540,False,540
1548,"Munchies","Praakritik Organic Poha",120.00,6.00,5,112.00,500,False,500
1549,"Munchies","Praakritik Organic Natural Wild Forest Honey",160.00,6.00,4,150.00,200,False,200
1550,"Munchies","Popular Essentials Dry Dates (Kharak)",140.00,15.00,6,118.00,250,False,250
1551,"Munchies","Popular Essentials Kashmiri Red Rajma",95.00,6.00,4,89.00,500,False,500
1552,"Munchies","Dabur Hommade - Garlic Paste",50.00,6.00,6,47.00,200,False,200
1553,"Munchies","Dabur 100% Pure Honey",330.00,10.00,1,297.00,400,False,400
1554,"Munchies","Ching's Schezwan Fried Rice(Miracle Masala)",44.00,0.00,5,44.00,60,False,60
1555,"Munchies","Maggi Magic Cubes, Vegetarian Masala",35.00,2.00,1,34.00,40,False,40
1556,"Munchies","Everest Tandoori Chicken Masala",74.00,9.00,3,67.00,100,False,100
1557,"Munchies","Popular Essentials Red Poha",45.00,4.00,6,43.00,500,False,500
1558,"Munchies","Everest Kitchen King Masala",142.00,9.00,6,128.00,200,False,200
1559,"Munchies","Pillsbury Oven Cake Mix - Rich Chocolate",165.00,10.00,5,147.00,285,False,285
1560,"Munchies","Eastern Super Garam Masala",74.00,6.00,2,69.00,200,False,200
1561,"Munchies","Maggi Magic Cubes Extra Chicken",40.00,2.00,6,39.00,48,False,48
1562,"Munchies","Satyam Nighties Spices  Chilli Kashmiri",102.00,6.00,6,95.00,100,False,100
1563,"Munchies","Eastern Cumin Powder",49.00,2.00,6,48.00,100,False,100
1564,"Munchies","Popular Essentials Urad Gola White(Un-Polished)",90.00,10.00,6,81.00,500,False,500
1565,"Munchies","24 Mantra Organic Chana Dal",95.00,6.00,5,89.00,500,False,500
1566,"Munchies","Delight Nuts Cashew Roasted & Salted",425.00,20.00,6,340.00,200,False,200
1567,"Munchies","Popular Essentials Mace/Javitri",90.00,10.00,3,81.00,20,False,20
1568,"Munchies","Dlicia Whip Topping Bottle",235.00,27.00,5,171.00,1000,False,1
1569,"Munchies","Mother's Recipe Paste Ginger & Garlic",76.00,10.00,4,68.00,300,False,300
1570,"Munchies","24 Mantra Groundnut Oil (Cold Pressed) Pet Bottle",410.00,10.00,6,369.00,1000,False,1
1571,"Munchies","Satyam Pulses Masur Dal",87.00,6.00,6,81.00,500,False,500
1572,"Munchies","Delight Nuts Pista Roasted & Salted",425.00,20.00,6,340.00,200,False,200
1573,"Munchies","Top Ramen Noodles, Atta",80.00,0.00,1,80.00,280,False,280
1574,"Munchies","Hershey's Cocoa Powder",95.00,0.00,5,95.00,70,False,70
1575,"Munchies","Praakritik Organic Singhara Atta",240.00,6.00,4,225.00,500,False,500
1576,"Munchies","Gits Veg Biryani Ready to Eat",110.00,10.00,6,99.00,265,False,265
1577,"Munchies","Delight Nuts Cranberries Sliced ",299.00,20.00,6,239.00,200,False,200
1578,"Munchies","Borges Durum Wheat Pasta Superior Quality",250.00,40.00,6,149.00,500,False,500
1579,"Munchies","Ceres Foods Laal Maas Instant Liquid Masala",220.00,50.00,5,110.00,200,False,200
1580,"Munchies","Popular Essentials Sattu Atta",90.00,12.00,3,79.00,500,False,500
1581,"Munchies","Popular Essentials Mustard Seeds Rai Yellow",25.00,0.00,5,25.00,100,False,100
1582,"Munchies","Praakritik Organic Extra Virgin Coconut Oil",150.00,10.00,5,134.00,100,False,100
1583,"Munchies","Praakritik Organic Garlic Powder",110.00,1.00,5,108.00,100,False,100
1584,"Munchies","Sugarfree Gold Low Calorie Sweetner ",125.00,5.00,6,118.00,100,False,100
1585,"Munchies","Aashirvaad Breakfast Instant Mix - Rice Idli",75.00,30.00,6,52.00,200,False,200
1586,"Munchies","Kitchens Of India Mutter Paneer",130.00,4.00,6,124.00,285,False,285
1587,"Munchies","Ching's Secret Veg Manchurian Masala",44.00,0.00,6,44.00,60,False,60
1588,"Munchies","Popular Essentials Jowa Flour",50.00,2.00,5,49.00,500,False,500
1589,"Munchies","Everest Shahi Biryani Masala",245.00,0.00,6,245.00,200,False,200
1590,"Munchies","Popular Essentials Black Til",50.00,6.00,4,47.00,100,False,100
1591,"Munchies","Popular Essentials Pancharatna Dal",80.00,10.00,6,72.00,500,False,500
1592,"Munchies","Saffola 100% Pure Honey",475.00,8.00,2,437.00,1000,False,750
1593,"Munchies","Popular Essentials Tamarind",150.00,14.00,6,128.00,500,False,500
1594,"Munchies","Gits Rice Dosa Instant Breakfast Mix",60.00,5.00,5,57.00,200,False,200
1595,"Munchies","Popular Essentials Poppy Seeds (Gasagase)",280.00,7.00,6,260.00,100,False,100
1596,"Munchies","Hershey's Hot Chocolate Powder",210.00,0.00,4,210.00,250,False,250
1597,"Munchies","Borges Farfalle Durum Wheat Pasta ",250.00,0.00,5,250.00,500,False,500
1598,"Munchies","Satyam Chilli  Bedgi",82.00,10.00,5,73.00,100,False,100
1599,"Munchies","Aashirvaad Instant Mix - Rice Dosa",75.00,30.00,6,52.00,200,False,200
1600,"Munchies","Hershey's Cocoa - Natural Unsweetened",270.00,10.00,4,243.00,225,False,225
1601,"Munchies","Weikfield Veg Jelly Crystals - Mango",45.00,2.00,6,44.00,90,False,90
1602,"Munchies","Praakritik Orrganic Cold Pressed Sesame Oil",130.00,10.00,5,117.00,100,False,100
1603,"Munchies","Amulya Dairy Whitener ",380.00,2.00,4,372.00,1000,False,1
1604,"Munchies","ITC Master Chef Hyderabadi Biryani",75.00,30.00,5,52.00,80,False,80
1605,"Munchies","Flying Bird Butter Scotch Essence",50.00,2.00,6,49.00,20,False,20
1606,"Munchies","Dabur Hommade - Ginger Paste",50.00,6.00,6,47.00,200,False,200
1607,"Munchies","Popular Essentials Green Peas (Un-Polished)",120.00,10.00,5,108.00,500,False,500
1608,"Munchies","Quaker Oats Pouch",276.00,10.00,6,248.00,1500,False,1
1609,"Munchies","24 Mantra Organic Urad White Whole",145.00,15.00,4,122.00,500,False,500
1610,"Munchies","Popular Essentials Guntur Chilli Stemless",40.00,2.00,2,39.00,100,False,100
1611,"Munchies","Popular Essentials Moth Whole",90.00,10.00,6,81.00,500,False,500
1612,"Munchies","Keya Pizza Seasoning",109.00,17.00,6,90.00,45,False,45
1613,"Munchies","Keya Piri Piri | Exotic Spices Mix",109.00,20.00,6,87.00,80,False,80
1614,"Munchies","24 Mantra Organic Moong Dal",135.00,7.00,6,125.00,500,False,500
1615,"Munchies","Betty Crocker French Vanilla Cake Mix",310.00,10.00,6,276.00,520,False,520
1616,"Munchies","Delight Nuts Dried Cranberries ",340.00,20.00,6,272.00,200,False,200
1617,"Munchies","Everest Kesari Milk Masala",205.00,0.00,2,205.00,50,False,50
1618,"Munchies","Tong Garden Salted Cocktail Nuts",295.00,9.00,5,266.00,160,False,160
1619,"Munchies","MTR Uttapam Mix",165.00,5.00,6,156.00,500,False,500
1620,"Munchies","Gits Khaman Dhokla Instant Snack Mix",65.00,6.00,6,61.00,180,False,180
1621,"Munchies","Happilo Premium 100% Natural Whole Cashews",335.00,29.00,6,235.00,200,False,200
1622,"Munchies","Everest Dry Mango Powder",80.00,0.00,5,80.00,100,False,100
1623,"Munchies","Dabur Hommade - Ginger Garlic Past Tub",110.00,5.00,6,104.00,400,False,400
1624,"Munchies","Everest Chicken Masala",147.00,10.00,6,132.00,200,False,200
1625,"Munchies","Gits Medu Vada Instant Snack Mix",90.00,4.00,6,86.00,200,False,200
1626,"Munchies","Weikfield Drinking Chocolate Powder",65.00,10.00,6,58.00,100,False,100
1627,"Munchies","Popular Essentials Regular White Lobia",70.00,10.00,6,63.00,500,False,500
1628,"Munchies","Puro Healthy Salt Crystal",135.00,7.00,6,125.00,1000,False,1
1629,"Munchies","Popular Essentials Premium Jeera Rice",140.00,0.00,5,140.00,1000,False,1
1630,"Munchies","Smith & Jones Shahi Paneer Masala Mix",44.00,0.00,6,44.00,60,False,60
1631,"Munchies","Betty Crocker Mug Treats - Chocolate Mix - Pack of 4",200.00,11.00,6,178.00,264,False,264
1632,"Munchies","Smith & Jones Pasta Masala",60.00,10.00,5,54.00,108,False,108
1633,"Munchies","Catch Black Pepper Sprinkler",100.00,0.00,1,100.00,50,False,50
1634,"Munchies","Weikfield Cooker Cake Mix - Chocolate",95.00,6.00,6,89.00,150,False,150
1635,"Munchies","ITC Master Chef Butter Chicken",75.00,30.00,6,52.00,80,False,80
1636,"Munchies","Masala Oats Masala & Coriander ",195.00,9.00,5,176.00,500,False,500
1637,"Munchies","Smith & Jones Mutter Paneer Masala",42.00,0.00,6,42.00,60,False,60
1638,"Munchies","Kitchens of India Dal Bukhara Gravy Mix",110.00,30.00,6,77.00,285,False,285
1639,"Munchies","Popular Essentials Fried Gram (Bengal Gram)",70.00,10.00,6,63.00,500,False,500
1640,"Munchies","Gits Jalebi with Maker Dessert Mix",75.00,16.00,6,63.00,100,False,100
1641,"Munchies","Popular Essentials Soya Beans ",80.00,6.00,6,75.00,500,False,500
1642,"Munchies","24 Mantra Organic Roasted Bengal Gram Dal",105.00,7.00,6,97.00,500,False,500
1643,"Munchies","Keya Italian Seasoning",109.00,10.00,6,98.00,35,False,35
1644,"Munchies","MTR Idli/Dosa/Chilly Chutney Powder",115.00,0.00,3,115.00,200,False,200
1645,"Munchies","Delight Nuts Trail Mix ",399.00,25.00,6,299.00,200,False,200
1646,"Munchies","Praakritik Organic Chilka Moong Dal",120.00,10.00,6,108.00,500,False,500
1647,"Munchies","Smith & Jones Garlic & Herbs Masala Mix",99.00,0.00,6,99.00,75,False,75
1648,"Munchies","Eastern Tamarind",63.00,0.00,6,63.00,200,False,200
1649,"Munchies","Tong Garden Wasabi Coated Greenpeas Tin",200.00,11.00,6,178.00,180,False,180
1650,"Munchies","Flying Bird Pineapple Artifical Food Essence",50.00,2.00,6,49.00,20,False,20
1651,"Munchies","Mother's Recipe Tamarind Paste",50.00,2.00,2,49.00,200,False,200
1652,"Munchies","Japanese Choice Udon Noodles",295.00,9.00,6,266.00,250,False,250
1653,"Munchies","Pantai Coconut Milk",150.00,0.00,4,150.00,400,False,400
1654,"Munchies","Praakritik Organic Masoor Dal",130.00,10.00,6,116.00,500,False,500
1655,"Munchies","Popular Essentials Classic Sona Masuri Rice",430.00,10.00,6,387.00,5000,False,5
1656,"Munchies","Popular Essentials Salted Murmure ",70.00,18.00,6,57.00,400,False,400
1657,"Munchies","Oleev Active Oil (Pouch)",265.00,9.00,6,239.00,1000,False,1
1658,"Munchies","Delight Nuts Dried Blueberries ",540.00,20.00,6,432.00,150,False,150
1659,"Munchies","Popular Essentials Double Beans White",60.00,10.00,6,54.00,250,False,250
1660,"Munchies","Delight Nuts Almond Natural ",349.00,20.00,6,279.00,200,False,200
1661,"Munchies","Praakritik Organic Jaggery",160.00,6.00,6,150.00,900,False,900
1662,"Munchies","Praakritik Organic Raw Sugar",90.00,6.00,6,84.00,500,False,500
1663,"Munchies","MTR Masala - Sambar Powder",115.00,0.00,4,115.00,200,False,200
1664,"Munchies","RRO Til Dil Premium Til Oil Bottle",173.00,6.00,6,162.00,500,False,500
1665,"Munchies","ITC Master Chef Vegetable Biryani Cooking Paste",75.00,30.00,5,52.00,80,False,80
1666,"Munchies","Jivana Jaggery",100.00,0.00,2,100.00,950,False,950
1667,"Munchies","Praakritik Organic Besan",170.00,6.00,6,159.00,500,False,500
1668,"Munchies","MTR Instant Gulab Jamun Mix",195.00,9.00,6,176.00,500,False,500
1669,"Munchies","Maggi Magic Cubes Extra Chicken",199.00,0.00,2,199.00,240,False,240
1670,"Munchies","On1y Mixed Herbs",99.00,0.00,6,99.00,14,False,14
1671,"Munchies","Popular Essentials Urad Gola Black (Un-Polished)",80.00,10.00,6,72.00,500,False,500
1672,"Munchies","Gits Dessert Mix China Grass Bombay Halwa",55.00,0.00,4,55.00,80,False,80
1673,"Munchies","Praakritik Organic Basmati Rice",170.00,0.00,5,170.00,500,False,500
1674,"Munchies","Ceres Foods Nalli Nihari Instant Liquid Masala",220.00,50.00,6,110.00,200,False,200
1675,"Munchies","Borges Canola Oil Pet Bottle",399.00,0.00,6,399.00,1000,False,1
1676,"Munchies","Suhana Biryani Masala",66.00,0.00,6,66.00,50,False,50
1677,"Munchies","On1y Black Salt Grinder",99.00,0.00,6,99.00,100,False,100
1678,"Munchies","Popular Essentials Nylon Til",40.00,2.00,6,39.00,100,False,100
1679,"Munchies","Pillsbury Rich Choco Oven Cake Mix - Egg Free",170.00,6.00,6,159.00,270,False,270
1680,"Munchies","Weikfield Tomato Salsa Instant Pasta",25.00,0.00,1,25.00,77,False,77
1681,"Munchies","Praakritik Organic Jowar Atta",110.00,6.00,6,103.00,500,False,500
1682,"Munchies","Sugarfree Gold Low Calorie Sweetner ",270.00,7.00,6,251.00,50,False,50
1683,"Munchies","Epicurea Thai Jasmine Rice",295.00,0.00,4,295.00,500,False,500
1684,"Munchies","Yummiez Chicken Garlic Fingers Pouch",250.00,0.00,5,250.00,400,False,400
1685,"Munchies","RRO Primio Refined Groundnut (Jar)",490.00,11.00,6,436.00,2000,False,2
1686,"Munchies","Praakritik Organic Tuvar Dal",140.00,0.00,6,140.00,500,False,500
1687,"Munchies","Sugarfree Gold Low Calorie Sweetner",185.00,5.00,3,175.00,300,False,300
1688,"Munchies","Cantina Beans Mexican Beans",250.00,14.00,6,213.00,410,False,410
1689,"Munchies","Pillsbury Oven Cake Mix - Vanilla",175.00,10.00,6,156.00,225,False,225
1690,"Munchies","Hershey's Chocolate Milk Booster",200.00,0.00,6,200.00,450,False,450
1691,"Munchies","Popular Essentials Byadagi Chilli Stemless",80.00,0.00,6,80.00,100,False,100
1692,"Munchies","Suhana Spice Mix - Chicken Biryani",66.00,0.00,6,66.00,50,False,50
1693,"Munchies","Praakritik Organic Yellow Moon Dal",135.00,0.00,6,135.00,500,False,500
1694,"Munchies","Maggi Magic Cubes Extra Chicken",199.00,10.00,6,179.00,240,False,240
1695,"Munchies","Dhara Filtered Groundnut Oil (Jar)",1050.00,0.00,2,1050.00,5000,False,5
1696,"Munchies","24 Mantra Sona Masuri Brown Rice",475.00,10.00,6,423.00,5000,False,5
1697,"Munchies","24 Mantra Organic Pancharatna Dal - Split",130.00,7.00,6,120.00,500,False,500
1698,"Munchies","24 Mantra Organic Cumin Powder",70.00,0.00,6,70.00,100,False,100
1699,"Munchies","Popular Essentials Samba Broken Wheat",100.00,11.00,6,89.00,500,False,500
1700,"Munchies","Betty Crocker Chocolate Fudge Cake Mix",295.00,0.00,6,295.00,475,False,475
1701,"Munchies","Borges Extra Light Olive Oil Bottle ",2600.00,46.00,6,1399.00,2000,False,2
1702,"Munchies","Flying Bird Premium Orange Artificial Food Essence",60.00,0.00,6,60.00,20,False,20
1703,"Munchies","Popular Essentials Red Cherry/Gundu Chilli",95.00,0.00,6,95.00,100,False,100
1704,"Munchies","Super Saver Kolam Rice Sortex Clean ",700.00,10.00,3,630.00,5000,False,5
1705,"Munchies","Flying Bird Food Essence - Kewra",50.00,0.00,6,50.00,20,False,20
1706,"Munchies","MTR Vada Breakfast",200.00,0.00,1,200.00,500,False,500
1707,"Munchies","On1y Pasta Seasoning",99.00,0.00,6,99.00,30,False,30
1708,"Munchies","Praakritik Organic Indrayani Rice",70.00,0.00,6,70.00,500,False,500
1709,"Munchies","On1y Pizza Seasoning",99.00,0.00,6,99.00,28,False,28
1710,"Munchies","Kitchens of India Mutter Paneer Mix",120.00,30.00,4,84.00,285,False,285
1711,"Munchies","Aashirvaad Svasti Cow Ghee Tetra Pack",295.00,0.00,6,295.00,500,False,500
1712,"Munchies","Weikfield Cooker Cake Mix - Vanilla",95.00,0.00,6,95.00,150,False,150
1713,"Munchies","Praakritik Organic Kapli Wheat Atta",165.00,10.00,6,147.00,1000,False,1
1714,"Munchies","Epicurea Sushi Rice",295.00,0.00,6,295.00,500,False,500
1715,"Munchies","Sugarfree Natural Green Stevia Leaves Zero Calorie",75.00,0.00,2,75.00,100,False,100
1716,"Munchies","Smith & Jones Italian Spices Masala Mix",99.00,0.00,6,99.00,75,False,75
1717,"Munchies","Satyam Nighties Spices  Chilli Bore",89.00,10.00,6,80.00,100,False,100
1718,"Munchies","Weikfield Veg Jelly Crystals - Orange",45.00,2.00,6,44.00,90,False,90
1719,"Munchies","Praakritik Organic Jumbo Rolled Oats",190.00,11.00,6,169.00,500,False,500
1720,"Munchies","On1y Sea Salt Grinder",89.00,0.00,6,89.00,100,False,100
1721,"Munchies","Delight Nuts Berries Mix ",399.00,20.00,6,319.00,200,False,200
1722,"Munchies","Everest Kesari Milk Masala",205.00,0.00,6,205.00,50,False,20
1723,"Munchies","Praakritik Organic Ginger Powder",139.00,10.00,6,125.00,100,False,100
1724,"Munchies","Suhana Mutton Gravy Mix",45.00,0.00,4,45.00,80,False,80
1725,"Munchies","On1y Salad Seasoning Grinder",139.00,0.00,6,139.00,45,False,45
1726,"Munchies","Figaro Pure Olive Oil",325.00,8.00,1,299.00,200,False,200
1727,"Munchies","Madhur Sugar",60.00,6.00,0,56.00,1000,True,1
1728,"Munchies","Amul Fresh Cream",63.00,0.00,0,63.00,250,True,250
1729,"Munchies","Madhur Pure And Hygienic Sugar",295.00,9.00,0,266.00,5000,True,5
1730,"Munchies","Satyam Poha Jada",35.00,8.00,0,32.00,500,True,500
1731,"Munchies","Aashirvaad Superior MP Whole Wheat Atta",53.00,1.00,0,52.00,1000,True,1
1732,"Munchies","Fortune Soyabean Oil",210.00,13.00,0,181.00,1000,True,1
1733,"Munchies","Maggi Masala Ae Magic",58.00,6.00,0,54.00,72,True,72
1734,"Munchies","Aashirvaad Iodised Salt ",22.00,13.00,0,19.00,1000,True,1
1735,"Munchies","Maggi 2-Minute Instant Noodles - Masala",44.00,0.00,0,44.00,280,True,280
1736,"Munchies","Popular Essentials Phool Makhana (Jumbo Size)",150.00,14.00,0,128.00,100,True,100
1737,"Munchies","Aashirvaad Atta With Mutigrains",315.00,8.00,0,287.00,5000,True,5
1738,"Munchies","Tata Sampann Poha",44.00,6.00,0,41.00,500,True,500
1739,"Munchies","Fortune Besan Flour",120.00,0.00,0,120.00,1000,True,1
1740,"Munchies","Popular Essentials Toor Dal (Un-Polished)",80.00,7.00,0,74.00,500,True,500
1741,"Munchies","Everest Tikhalal Hot & Red Chilly Powder",47.00,2.00,0,46.00,100,True,100
1742,"Munchies","Popular Essentials Chia Seeds",50.00,2.00,0,49.00,100,True,100
1743,"Munchies","Tata Sampann Unpolished Toor Dal/Arhar Dal",179.00,1.00,0,177.00,1000,True,200
1744,"Munchies","Everest Coriander Powder",32.00,3.00,0,31.00,100,True,100
1745,"Munchies","Satyam Thin Poha Patla",38.00,7.00,0,35.00,500,True,500
1746,"Munchies","Popular Essentials Sona Masouri Raw Rice",75.00,0.00,0,75.00,1000,True,1
1747,"Munchies","Tata Sampann High Protien Chana Dal - Split",64.00,0.00,0,64.00,500,True,500
1748,"Munchies","Satyam Singdana ",119.00,6.00,0,111.00,500,True,500
1749,"Munchies","Tata Sampann Moong Chilka ",88.00,6.00,0,82.00,500,True,500
1750,"Munchies","Tata Sampann High Protien Toor Dal - Split",91.00,2.00,0,89.00,500,True,500
1751,"Munchies","Ching's Chow Mein Hakka Noodles Masala",10.00,0.00,0,10.00,20,True,20
1752,"Munchies","Everest Chat Masala",65.00,9.00,0,59.00,100,True,100
1753,"Munchies","Popular Essentials Black Brown Chana (Un-Polished)",55.00,9.00,0,50.00,500,True,500
1754,"Munchies","Dabur Ginger Garlic Paste",50.00,6.00,0,47.00,200,True,200
1755,"Munchies","Ching's Secret Veg Hakka Noodles",107.00,0.00,0,107.00,600,True,600
1756,"Munchies","Saffola Oats 100 % Natural",15.00,0.00,0,15.00,38,True,38
1757,"Munchies","Everest Kashmiri Lal Chilli Powder",310.00,10.00,0,279.00,500,True,500
1758,"Munchies","Popular Essentials Black Raisins Seedless",60.00,10.00,0,54.00,100,True,100
1759,"Munchies","Daawat Rozana Super Basmati Rice",79.00,0.00,0,79.00,1000,True,1
1760,"Munchies","Everest Cumin Powder (Jeera)",30.00,3.00,0,29.00,50,True,50
1761,"Munchies","Everest Sambhar Masala",34.00,2.00,0,33.00,50,True,50
1762,"Munchies","Maggi Chilly Chow Cuppa Noodles",50.00,0.00,0,50.00,70,True,70
1763,"Munchies","Popular Essentials Mustard Seeds Rai Big",20.00,0.00,0,20.00,100,True,100
1764,"Munchies","Patanjali Cow's Ghee",565.00,0.00,0,565.00,1000,True,1
1765,"Munchies","Everest Amchur Powder",42.00,2.00,0,41.00,50,True,50
1766,"Munchies","Daawat Super Basmati Rice",185.00,8.00,0,169.00,1000,True,1
1767,"Munchies","Popular Essentials Sabudana",60.00,10.00,0,54.00,500,True,500
1768,"Munchies","Popular Essentials Brown Sugar",40.00,0.00,0,40.00,500,True,500
1769,"Munchies","Everest Coriander Powder",70.00,10.00,0,63.00,200,True,200
1770,"Munchies","Sunfeast Yippee! Magic Masala Noodles",48.00,6.00,0,45.00,240,True,240
1771,"Munchies","Tata Tea Gold",35.00,0.00,0,35.00,100,True,200
1772,"Munchies","Daawat Rozana Gold Basmati Rice",90.00,1.00,0,89.00,1000,True,1
1773,"Munchies","Top Ramen Masala",91.00,9.00,0,82.00,560,True,560
1774,"Munchies","Everest Turmeric Powder",67.00,10.00,0,60.00,200,True,200
1775,"Munchies","Popular Essentials Buckwheat Flour (Kuttu Atta)",125.00,9.00,0,113.00,500,True,500
1776,"Munchies","Keya Italian Pizza Oregano",109.00,11.00,0,97.00,80,True,80
1777,"Munchies","Chef's Basket Durum Wheat Penne Pasta",160.00,50.00,0,80.00,500,True,500
1778,"Munchies","Tata Sampann Kala Chana",125.00,0.00,0,125.00,1000,True,1
1779,"Munchies","India Gate Basmati Rice",210.00,0.00,0,210.00,1000,True,1
1780,"Munchies","24 Mantra Organic Whole Wheat Atta",64.00,7.00,0,59.00,1000,True,1
1781,"Munchies","Zorabian Chicken Kheema Parathas",190.00,0.00,0,190.00,300,True,300
1782,"Munchies","Sunfeast Pasta Treat Pack of Tomato Cheese",28.00,17.00,0,23.00,65,True,65
1783,"Munchies","Sugarlite 50% Less Calories Sugar Pouch",99.00,40.00,0,59.00,500,True,500
1784,"Munchies","Popular Essentials Sabja/Basil Seeds",60.00,15.00,0,51.00,100,True,100
1785,"Munchies","Patanjali Pure Honey",95.00,0.00,0,95.00,250,True,250
1786,"Munchies","Weikfield Falooda Mix - Mango",49.00,2.00,0,48.00,200,True,200
1787,"Munchies","Pro Nature Organic Sonamasoori Brown Rice",102.00,7.00,0,94.00,1000,True,1
1788,"Munchies","Maggi Special Masala Spicy Yummy Noodles",72.00,0.00,0,72.00,280,True,280
1789,"Munchies","Godrej Yummiez Chicken Breakfast Salami",150.00,4.00,0,143.00,250,True,250
1790,"Munchies","Everest Saffron Kesar",120.00,0.00,0,120.00,1,True,0
1791,"Dairy, Bread & Batter","Mother Dairy Toned Milk Pouch",25.00,0.00,4,25.00,500,False,500
1792,"Dairy, Bread & Batter","Mother Dairy Classic Curd",30.00,3.00,6,29.00,400,False,400
1793,"Dairy, Bread & Batter","Mother Dairy Ultra Full Cream Milk",31.00,0.00,4,31.00,500,False,500
1794,"Dairy, Bread & Batter","Amul Butter - Pasteurised",50.00,2.00,6,49.00,100,False,100
1795,"Dairy, Bread & Batter","Britannia Sandwich White Bread",33.00,0.00,4,33.00,350,False,350
1796,"Dairy, Bread & Batter","iD Curd Pouch",35.00,2.00,6,34.00,400,False,400
1797,"Dairy, Bread & Batter","iD Idli & Dosa Batter ",80.00,15.00,6,68.00,1000,False,1
1798,"Dairy, Bread & Batter","Britannia 100% Whole Wheat Bread",45.00,0.00,4,45.00,450,False,450
1799,"Dairy, Bread & Batter","Britannia Healthy Slice Sandwich Bread",40.00,0.00,4,40.00,450,False,450
1800,"Dairy, Bread & Batter","Gowardhan Classic Block Fresh Paneer",89.00,8.00,6,81.00,200,False,200
1801,"Dairy, Bread & Batter","Amul Processed Cheese Cubes",106.00,4.00,6,101.00,200,False,200
1802,"Dairy, Bread & Batter","Britannia Pav",22.00,0.00,4,22.00,250,False,250
1803,"Dairy, Bread & Batter","Amul Butter - Pasteurised",245.00,2.00,6,240.00,500,False,500
1804,"Dairy, Bread & Batter","Arden Eggs White",97.00,0.00,4,97.00,696,False,12
1805,"Dairy, Bread & Batter","Arden Eggs White",65.00,15.00,4,55.00,348,False,6
1806,"Dairy, Bread & Batter","Nestle A+ Nourish Dahi",35.00,2.00,6,34.00,200,False,200
1807,"Dairy, Bread & Batter","Britannia Burger Bun with Sesame Seed",15.00,0.00,4,15.00,100,False,100
1808,"Dairy, Bread & Batter","Amul Frozen Malai Paneer",75.00,2.00,6,73.00,200,False,200
1809,"Dairy, Bread & Batter","iD Natural Paneer",105.00,5.00,6,99.00,200,False,200
1810,"Dairy, Bread & Batter","Britannia Fruit Bun",17.00,0.00,3,17.00,100,False,100
1811,"Dairy, Bread & Batter","Amul Cheese - Processed Slices",122.00,1.00,6,120.00,200,False,200
1812,"Dairy, Bread & Batter","iD Curd Cup",60.00,0.00,6,60.00,400,False,400
1813,"Dairy, Bread & Batter","The Bake Shop Premium White Sandwich Bread",30.00,0.00,1,30.00,400,False,400
1814,"Dairy, Bread & Batter","Britannia Multigrain Bread ",55.00,0.00,4,55.00,400,False,400
1815,"Dairy, Bread & Batter","Amul Processed Cheese Block",106.00,0.00,6,106.00,200,False,200
1816,"Dairy, Bread & Batter","Nestle A+ Nourish Dahi",70.00,2.00,6,68.00,400,False,400
1817,"Dairy, Bread & Batter","Arden Eggs Brown",85.00,7.00,4,79.00,348,False,6
1818,"Dairy, Bread & Batter","Epigamia Misti Doi",30.00,0.00,6,30.00,85,False,85
1819,"Dairy, Bread & Batter","Amul Cheese - Block",245.00,2.00,6,240.00,500,False,500
1820,"Dairy, Bread & Batter","Amul Butter - Pasteurised (School Pack)",59.00,3.00,6,57.00,100,False,100
1821,"Dairy, Bread & Batter","Britannia Brown Bread ",42.00,0.00,4,42.00,400,False,400
1822,"Dairy, Bread & Batter","Amul Fresh Cream",197.00,3.00,3,191.00,1000,False,1
1823,"Dairy, Bread & Batter","Epigamia Natural Greek Yogurt",45.00,0.00,6,45.00,90,False,90
1824,"Dairy, Bread & Batter","The Bake Shop Pizza Base",30.00,0.00,1,30.00,150,False,150
1825,"Dairy, Bread & Batter","Amul Delicious Fat Spread - Cholesterol Free",18.00,5.00,6,17.00,100,False,100
1826,"Dairy, Bread & Batter","D'lecta Dairy Cream",54.00,5.00,6,51.00,200,False,200
1827,"Dairy, Bread & Batter","Nestle A+ Actiplus Probiotic Dahi Plain Curd",78.00,3.00,5,75.00,400,False,400
1828,"Dairy, Bread & Batter","Bio Nutrients Pure Diet Tofu Gold ",60.00,5.00,5,57.00,200,False,200
1829,"Dairy, Bread & Batter","Amul Delicious Fat Spread - Cholesterol Free",88.00,2.00,2,86.00,500,False,500
1830,"Dairy, Bread & Batter","Amul Mithai Mate Condensed Sweetened Milk",56.00,3.00,4,54.00,200,False,200
1831,"Dairy, Bread & Batter","Arden Desi Eggs",110.00,13.00,4,95.00,348,False,6
1832,"Dairy, Bread & Batter","Amul Cheese - Pepper",85.00,3.00,6,82.00,200,False,200
1833,"Dairy, Bread & Batter","Amul Cheese Spread Creamy",85.00,5.00,6,80.00,180,False,180
1834,"Dairy, Bread & Batter","The Bake Shop Foot Long",40.00,0.00,1,40.00,200,False,200
1835,"Dairy, Bread & Batter","Amul Cheese Slices",360.00,0.00,1,359.00,750,False,750
1836,"Dairy, Bread & Batter","Suguna Sharp Egg ",72.00,13.00,3,62.00,348,False,6
1837,"Dairy, Bread & Batter","Amul Cheese Sauce Mexican Salsa",75.00,4.00,1,72.00,200,False,200
1838,"Dairy, Bread & Batter","Nestle Everyday Dairy Whitener",210.00,0.00,4,210.00,400,False,400
1839,"Dairy, Bread & Batter","Amul Pizza Cheese Processed",109.00,4.00,6,104.00,200,False,200
1840,"Dairy, Bread & Batter","Betty Crocker Complete Pancake Mix Original",110.00,4.00,6,105.00,250,False,500
1841,"Dairy, Bread & Batter","Amul Lite Spread",40.00,2.00,5,39.00,100,False,100
1842,"Dairy, Bread & Batter","Go Cheese Slice - Plain",140.00,5.00,6,133.00,200,False,200
1843,"Dairy, Bread & Batter","Pillsbury Choco Chip Pancake Mix",99.00,5.00,6,94.00,165,False,165
1844,"Dairy, Bread & Batter","RRO Sour Cream",275.00,50.00,4,137.00,200,False,200
1845,"Dairy, Bread & Batter","D'lecta Natural Feta Cheese Block",100.00,5.00,4,95.00,100,False,100
1846,"Dairy, Bread & Batter","Suguna Active - DHA",72.00,13.00,4,62.00,348,False,6
1847,"Dairy, Bread & Batter","Go Cheese Processed Angles Plain",100.00,5.00,6,95.00,160,False,160
1848,"Dairy, Bread & Batter","Epigamia Greek Yogurt - Natural",200.00,0.00,1,200.00,400,False,400
1849,"Dairy, Bread & Batter","Amul Unsalted Cooking Butter",245.00,2.00,6,238.00,500,False,500
1850,"Dairy, Bread & Batter","The Whole Truth Dark Chocolate Peanut Butter - Creamy",235.00,25.00,6,174.00,325,False,325
1851,"Dairy, Bread & Batter","The Laughing Cow Cheese Slices",155.00,0.00,2,155.00,200,False,200
1852,"Dairy, Bread & Batter","Epigamia Almond Milk Unsweetened Dairy Free",300.00,33.00,4,199.00,1000,False,1
1853,"Dairy, Bread & Batter","Go Cheese  Spread Plain",99.00,5.00,6,94.00,200,False,200
1854,"Dairy, Bread & Batter","So Good Almond Milk - Natural Unsweetened",70.00,0.00,4,70.00,200,False,200
1855,"Dairy, Bread & Batter","Amul Cheese Sauce Jalapeno",75.00,0.00,5,75.00,200,False,200
1856,"Dairy, Bread & Batter","D'lecta Cream Cheese",169.00,4.00,4,161.00,150,False,150
1857,"Dairy, Bread & Batter","Dlecta Natural Cheddar Slices",199.00,5.00,6,189.00,200,False,200
1858,"Dairy, Bread & Batter","Suguna Heart- Omega3",72.00,13.00,4,62.00,348,False,6
1859,"Dairy, Bread & Batter","Go Cheese Spread - Garlic",99.00,5.00,6,94.00,200,False,200
1860,"Dairy, Bread & Batter","Go Pizza Cheese",140.00,5.00,6,133.00,200,False,200
1861,"Dairy, Bread & Batter","RRO Cheddar Block Cheese",295.00,50.00,6,147.00,200,False,200
1862,"Dairy, Bread & Batter","The Whole Truth Peanut Butter With Dates - Creamy No Sugar",215.00,9.00,6,194.00,325,False,325
1863,"Dairy, Bread & Batter","Suguna Fit Egg",120.00,43.00,4,68.00,348,False,6
1864,"Dairy, Bread & Batter","Pantai Coconut Cream",150.00,4.00,4,143.00,400,False,400
1865,"Dairy, Bread & Batter","RRO Fresh Ricotta",275.00,50.00,6,137.00,200,False,200
1866,"Dairy, Bread & Batter","Dlecta Cheese Cubes 2",145.00,5.00,6,137.00,200,False,200
1867,"Dairy, Bread & Batter","RRO Mozzarella Pizza Cheese",275.00,50.00,6,137.00,200,False,200
1868,"Dairy, Bread & Batter","The Laughing Cow Cheese Cubes",150.00,0.00,4,150.00,200,False,200
1869,"Dairy, Bread & Batter","Yogabar 100% Pure Peanut Butter Creamy & Yummy Unsweetened",229.00,10.00,6,206.00,400,False,400
1870,"Dairy, Bread & Batter","RRO Burrata Cheese",250.00,50.00,4,125.00,200,False,200
1871,"Dairy, Bread & Batter","The Whole Truth Dark Chocolate Peanut Butter - Crunchy",235.00,20.00,5,188.00,325,False,325
1872,"Dairy, Bread & Batter","Go Cheese Processed Squares",125.00,5.00,6,118.00,200,False,200
1873,"Dairy, Bread & Batter","Funfoods Peanut Butter Crunchy",169.00,7.00,1,156.00,400,False,400
1874,"Dairy, Bread & Batter","Amul Safed Makkhan",235.00,1.00,6,232.00,500,False,500
1875,"Dairy, Bread & Batter","Go Cheese Spread - Four Pepper (Soft & Creamy)",99.00,5.00,6,94.00,200,False,200
1876,"Dairy, Bread & Batter","Dlicia Whip Topping Bottle",235.00,27.00,5,171.00,1000,False,1
1877,"Dairy, Bread & Batter","Amulya Dairy Whitener ",380.00,2.00,4,372.00,1000,False,1
1878,"Dairy, Bread & Batter","Laughing Cow Cheese 8 Portion 120Gm Imported",110.00,0.00,6,110.00,120,False,120
1879,"Dairy, Bread & Batter","The Whole Truth Peanut Butter - Sweetened & Crunchy",215.00,20.00,6,172.00,325,False,325
1880,"Dairy, Bread & Batter","Go Processed Cheese Block",125.00,4.00,6,119.00,200,False,200
1881,"Dairy, Bread & Batter","Go Cheese Processed Block",249.00,4.00,6,237.00,400,False,400
1882,"Dairy, Bread & Batter","RRO Goat Milk Fetta Cheee",345.00,31.00,6,237.00,100,False,100
1883,"Dairy, Bread & Batter","RRO Mascarpone Cheese",355.00,50.00,6,177.00,200,False,200
1884,"Dairy, Bread & Batter","D'lecta Cheddar Cheese",199.00,5.00,6,189.00,200,False,200
1885,"Dairy, Bread & Batter","Funfoods Peanut Butter Creamy",169.00,0.00,1,169.00,400,False,400
1886,"Dairy, Bread & Batter","Pantai Coconut Milk",150.00,0.00,4,150.00,400,False,400
1887,"Dairy, Bread & Batter","Dlecta Cheese Block",145.00,0.00,6,145.00,200,False,200
1888,"Dairy, Bread & Batter","President Butter - Salted",54.00,0.00,6,54.00,100,False,100
1889,"Dairy, Bread & Batter","The Laughing Cow Plain Processed Cheese Block",150.00,0.00,6,150.00,200,False,200
1890,"Dairy, Bread & Batter","Yoga Bar Peanut Butter Dark Chocolate Jar",249.00,0.00,4,249.00,400,False,400
1891,"Dairy, Bread & Batter","The Laughing Cow Cheese Spread Plain",110.00,0.00,6,110.00,180,False,180
1892,"Dairy, Bread & Batter","Amul Malai Paneer Fresh ",76.00,3.00,0,73.00,200,True,200
1893,"Dairy, Bread & Batter","Amul Taaza Toned Homogenised Milk",66.00,3.00,0,64.00,1000,True,1
1894,"Dairy, Bread & Batter","Amul Fresh Cream",63.00,0.00,0,63.00,250,True,250
1895,"Dairy, Bread & Batter","Amul Lactose Free Milk",25.00,4.00,0,24.00,250,True,250
1896,"Dairy, Bread & Batter","The Bake Shop Whole Wheat Bread",40.00,0.00,0,40.00,400,True,400
1897,"Dairy, Bread & Batter","Amul Slim Trim Skimmed Milk",75.00,0.00,0,75.00,1000,True,1
1898,"Dairy, Bread & Batter","Amul Cheese Slices",71.00,1.00,0,70.00,100,True,100
1899,"Dairy, Bread & Batter","Amul Pizza Cheese - Mozzarella",100.00,1.00,0,99.00,200,True,200
1900,"Dairy, Bread & Batter","The Bake Shop Pizza Base Whole Wheat",30.00,0.00,0,30.00,150,True,150
1901,"Dairy, Bread & Batter","Nestle A+ Slim Dahi - Low Fat",78.00,3.00,0,75.00,400,True,400
1902,"Dairy, Bread & Batter","Britannia Cheese Garlic Bread",35.00,0.00,0,35.00,300,True,300
1903,"Dairy, Bread & Batter","The Bake Shop Whole Wheat Ladi Pav",40.00,0.00,0,40.00,200,True,200
1904,"Dairy, Bread & Batter","Amul Cheese Spread Yummy Plain",85.00,0.00,0,85.00,200,True,200
1905,"Dairy, Bread & Batter","Britannia Atta Kulcha",30.00,0.00,0,30.00,250,True,250
1906,"Dairy, Bread & Batter","Suguna Nourish Egg",62.00,0.00,0,62.00,696,True,12
1907,"Dairy, Bread & Batter","The Bake Shop Multi Grain Bread",65.00,0.00,0,65.00,400,True,400
1908,"Dairy, Bread & Batter","Nestle A+ Slim Milk",89.00,0.00,0,89.00,1000,True,1
1909,"Dairy, Bread & Batter","Go Cheese Pizza Blend Mozzarella + Cheddar",125.00,5.00,0,118.00,200,True,200
1910,"Dairy, Bread & Batter","The Whole Truth Peanut Butter - Unsweetened & Crunchy",185.00,20.00,0,148.00,325,True,325
1911,"Dairy, Bread & Batter","Amul Cheese Spread Spicy Garlic",85.00,3.00,0,82.00,200,True,200
1912,"Dairy, Bread & Batter","The Bake Shop Burger Buns",20.00,0.00,0,20.00,100,True,100
1913,"Dairy, Bread & Batter","D'lecta Shredded Mozzarella Cheese",100.00,5.00,0,95.00,140,True,140
1914,"Dairy, Bread & Batter","Britannia Burger Bun with Sesame Seed",30.00,0.00,0,30.00,200,True,200
1915,"Dairy, Bread & Batter","Suguna Vitamin D Egg",75.00,17.00,0,62.00,348,True,6
1916,"Dairy, Bread & Batter","Pillsbury Pancake Mix - Funfetti",99.00,11.00,0,88.00,162,True,162
1917,"Dairy, Bread & Batter","Prabhat Malai Paneer Pouch",80.00,0.00,0,80.00,200,True,200
1918,"Dairy, Bread & Batter","Suguna Nourish Egg ",72.00,16.00,0,60.00,348,True,6
1919,"Dairy, Bread & Batter","RRO Mozzarella Block Cheese",295.00,50.00,0,147.00,200,True,200
1920,"Beverages","Mother Dairy Toned Milk Pouch",25.00,0.00,4,25.00,500,False,500
1921,"Beverages","Mother Dairy Classic Curd",30.00,3.00,6,29.00,400,False,400
1922,"Beverages","Mother Dairy Ultra Full Cream Milk",31.00,0.00,4,31.00,500,False,500
1923,"Beverages","Amul Butter - Pasteurised",50.00,2.00,6,49.00,100,False,100
1924,"Beverages","Britannia Sandwich White Bread",33.00,0.00,4,33.00,350,False,350
1925,"Beverages","iD Curd Pouch",35.00,2.00,6,34.00,400,False,400
1926,"Beverages","iD Idli & Dosa Batter ",80.00,15.00,6,68.00,1000,False,1
1927,"Beverages","Britannia 100% Whole Wheat Bread",45.00,0.00,4,45.00,450,False,450
1928,"Beverages","Britannia Healthy Slice Sandwich Bread",40.00,0.00,4,40.00,450,False,450
1929,"Beverages","Gowardhan Classic Block Fresh Paneer",89.00,8.00,6,81.00,200,False,200
1930,"Beverages","Amul Processed Cheese Cubes",106.00,4.00,6,101.00,200,False,200
1931,"Beverages","Britannia Pav",22.00,0.00,4,22.00,250,False,250
1932,"Beverages","Amul Butter - Pasteurised",245.00,2.00,6,240.00,500,False,500
1933,"Beverages","Arden Eggs White",97.00,0.00,4,97.00,696,False,12
1934,"Beverages","Arden Eggs White",65.00,15.00,4,55.00,348,False,6
1935,"Beverages","Nestle A+ Nourish Dahi",35.00,2.00,6,34.00,200,False,200
1936,"Beverages","Britannia Burger Bun with Sesame Seed",15.00,0.00,4,15.00,100,False,100
1937,"Beverages","Amul Frozen Malai Paneer",75.00,2.00,6,73.00,200,False,200
1938,"Beverages","iD Natural Paneer",105.00,5.00,6,99.00,200,False,200
1939,"Beverages","Britannia Fruit Bun",17.00,0.00,3,17.00,100,False,100
1940,"Beverages","Amul Cheese - Processed Slices",122.00,1.00,6,120.00,200,False,200
1942,"Beverages","The Bake Shop Premium White Sandwich Bread",30.00,0.00,1,30.00,400,False,400
1943,"Beverages","Britannia Multigrain Bread ",55.00,0.00,4,55.00,400,False,400
1944,"Beverages","Amul Processed Cheese Block",106.00,0.00,6,106.00,200,False,200
1945,"Beverages","Nestle A+ Nourish Dahi",70.00,2.00,6,68.00,400,False,400
1946,"Beverages","Arden Eggs Brown",85.00,7.00,4,79.00,348,False,6
1947,"Beverages","Epigamia Misti Doi",30.00,0.00,6,30.00,85,False,85
1948,"Beverages","Amul Cheese - Block",245.00,2.00,6,240.00,500,False,500
1949,"Beverages","Amul Butter - Pasteurised (School Pack)",59.00,3.00,6,57.00,100,False,100
1950,"Beverages","Britannia Brown Bread ",42.00,0.00,4,42.00,400,False,400
1951,"Beverages","Amul Fresh Cream",197.00,3.00,3,191.00,1000,False,1
1952,"Beverages","Epigamia Natural Greek Yogurt",45.00,0.00,6,45.00,90,False,90
1953,"Beverages","The Bake Shop Pizza Base",30.00,0.00,1,30.00,150,False,150
1954,"Beverages","Amul Delicious Fat Spread - Cholesterol Free",18.00,5.00,6,17.00,100,False,100
1955,"Beverages","D'lecta Dairy Cream",54.00,5.00,6,51.00,200,False,200
1956,"Beverages","Nestle A+ Actiplus Probiotic Dahi Plain Curd",78.00,3.00,5,75.00,400,False,400
1957,"Beverages","Bio Nutrients Pure Diet Tofu Gold ",60.00,5.00,5,57.00,200,False,200
1958,"Beverages","Amul Delicious Fat Spread - Cholesterol Free",88.00,2.00,2,86.00,500,False,500
1959,"Beverages","Amul Mithai Mate Condensed Sweetened Milk",56.00,3.00,4,54.00,200,False,200
1960,"Beverages","Arden Desi Eggs",110.00,13.00,4,95.00,348,False,6
1961,"Beverages","Amul Cheese - Pepper",85.00,3.00,6,82.00,200,False,200
1962,"Beverages","Amul Cheese Spread Creamy",85.00,5.00,6,80.00,180,False,180
1963,"Beverages","The Bake Shop Foot Long",40.00,0.00,1,40.00,200,False,200
1964,"Beverages","Amul Cheese Slices",360.00,0.00,1,359.00,750,False,750
1965,"Beverages","Suguna Sharp Egg ",72.00,13.00,3,62.00,348,False,6
1966,"Beverages","Amul Cheese Sauce Mexican Salsa",75.00,4.00,1,72.00,200,False,200
1967,"Beverages","Nestle Everyday Dairy Whitener",210.00,0.00,4,210.00,400,False,400
1968,"Beverages","Amul Pizza Cheese Processed",109.00,4.00,6,104.00,200,False,200
1969,"Beverages","Betty Crocker Complete Pancake Mix Original",110.00,4.00,6,105.00,250,False,500
1970,"Beverages","Amul Lite Spread",40.00,2.00,5,39.00,100,False,100
1971,"Beverages","Go Cheese Slice - Plain",140.00,5.00,6,133.00,200,False,200
1972,"Beverages","Pillsbury Choco Chip Pancake Mix",99.00,5.00,6,94.00,165,False,165
1973,"Beverages","RRO Sour Cream",275.00,50.00,4,137.00,200,False,200
1974,"Beverages","D'lecta Natural Feta Cheese Block",100.00,5.00,4,95.00,100,False,100
1975,"Beverages","Suguna Active - DHA",72.00,13.00,4,62.00,348,False,6
1976,"Beverages","Go Cheese Processed Angles Plain",100.00,5.00,6,95.00,160,False,160
1977,"Beverages","Epigamia Greek Yogurt - Natural",200.00,0.00,1,200.00,400,False,400
1978,"Beverages","Amul Unsalted Cooking Butter",245.00,2.00,6,238.00,500,False,500
1979,"Beverages","The Whole Truth Dark Chocolate Peanut Butter - Creamy",235.00,25.00,6,174.00,325,False,325
1980,"Beverages","The Laughing Cow Cheese Slices",155.00,0.00,2,155.00,200,False,200
1981,"Beverages","Epigamia Almond Milk Unsweetened Dairy Free",300.00,33.00,4,199.00,1000,False,1
1982,"Beverages","Go Cheese  Spread Plain",99.00,5.00,6,94.00,200,False,200
1983,"Beverages","So Good Almond Milk - Natural Unsweetened",70.00,0.00,4,70.00,200,False,200
1984,"Beverages","Amul Cheese Sauce Jalapeno",75.00,0.00,5,75.00,200,False,200
1985,"Beverages","D'lecta Cream Cheese",169.00,4.00,4,161.00,150,False,150
1986,"Beverages","Dlecta Natural Cheddar Slices",199.00,5.00,6,189.00,200,False,200
1987,"Beverages","Suguna Heart- Omega3",72.00,13.00,4,62.00,348,False,6
1988,"Beverages","Go Cheese Spread - Garlic",99.00,5.00,6,94.00,200,False,200
1990,"Beverages","RRO Cheddar Block Cheese",295.00,50.00,6,147.00,200,False,200
1991,"Beverages","The Whole Truth Peanut Butter With Dates - Creamy No Sugar",215.00,9.00,6,194.00,325,False,325
1992,"Beverages","Suguna Fit Egg",120.00,43.00,4,68.00,348,False,6
1993,"Beverages","Pantai Coconut Cream",150.00,4.00,4,143.00,400,False,400
1994,"Beverages","RRO Fresh Ricotta",275.00,50.00,6,137.00,200,False,200
1995,"Beverages","Dlecta Cheese Cubes 2",145.00,5.00,6,137.00,200,False,200
1996,"Beverages","RRO Mozzarella Pizza Cheese",275.00,50.00,6,137.00,200,False,200
1997,"Beverages","The Laughing Cow Cheese Cubes",150.00,0.00,4,150.00,200,False,200
1998,"Beverages","Yogabar 100% Pure Peanut Butter Creamy & Yummy Unsweetened",229.00,10.00,6,206.00,400,False,400
1999,"Beverages","RRO Burrata Cheese",250.00,50.00,4,125.00,200,False,200
2000,"Beverages","The Whole Truth Dark Chocolate Peanut Butter - Crunchy",235.00,20.00,5,188.00,325,False,325
2001,"Beverages","Go Cheese Processed Squares",125.00,5.00,6,118.00,200,False,200
2002,"Beverages","Funfoods Peanut Butter Crunchy",169.00,7.00,1,156.00,400,False,400
2003,"Beverages","Amul Safed Makkhan",235.00,1.00,6,232.00,500,False,500
2004,"Beverages","Go Cheese Spread - Four Pepper (Soft & Creamy)",99.00,5.00,6,94.00,200,False,200
2005,"Beverages","Dlicia Whip Topping Bottle",235.00,27.00,5,171.00,1000,False,1
2006,"Beverages","Amulya Dairy Whitener ",380.00,2.00,4,372.00,1000,False,1
2007,"Beverages","Laughing Cow Cheese 8 Portion 120Gm Imported",110.00,0.00,6,110.00,120,False,120
2008,"Beverages","The Whole Truth Peanut Butter - Sweetened & Crunchy",215.00,20.00,6,172.00,325,False,325
2009,"Beverages","Go Processed Cheese Block",125.00,4.00,6,119.00,200,False,200
2010,"Beverages","Go Cheese Processed Block",249.00,4.00,6,237.00,400,False,400
2011,"Beverages","RRO Goat Milk Fetta Cheee",345.00,31.00,6,237.00,100,False,100
2012,"Beverages","RRO Mascarpone Cheese",355.00,50.00,6,177.00,200,False,200
2013,"Beverages","D'lecta Cheddar Cheese",199.00,5.00,6,189.00,200,False,200
2014,"Beverages","Funfoods Peanut Butter Creamy",169.00,0.00,1,169.00,400,False,400
2015,"Beverages","Pantai Coconut Milk",150.00,0.00,4,150.00,400,False,400
2016,"Beverages","Dlecta Cheese Block",145.00,0.00,6,145.00,200,False,200
2017,"Beverages","President Butter - Salted",54.00,0.00,6,54.00,100,False,100
2018,"Beverages","The Laughing Cow Plain Processed Cheese Block",150.00,0.00,6,150.00,200,False,200
2019,"Beverages","Yoga Bar Peanut Butter Dark Chocolate Jar",249.00,0.00,4,249.00,400,False,400
2020,"Beverages","The Laughing Cow Cheese Spread Plain",110.00,0.00,6,110.00,180,False,180
2021,"Beverages","Amul Malai Paneer Fresh ",76.00,3.00,0,73.00,200,True,200
2022,"Beverages","Amul Taaza Toned Homogenised Milk",66.00,3.00,0,64.00,1000,True,1
2023,"Beverages","Amul Fresh Cream",63.00,0.00,0,63.00,250,True,250
2024,"Beverages","Amul Lactose Free Milk",25.00,4.00,0,24.00,250,True,250
2025,"Beverages","The Bake Shop Whole Wheat Bread",40.00,0.00,0,40.00,400,True,400
2026,"Beverages","Amul Slim Trim Skimmed Milk",75.00,0.00,0,75.00,1000,True,1
2027,"Beverages","Amul Cheese Slices",71.00,1.00,0,70.00,100,True,100
2028,"Beverages","Amul Pizza Cheese - Mozzarella",100.00,1.00,0,99.00,200,True,200
2029,"Beverages","The Bake Shop Pizza Base Whole Wheat",30.00,0.00,0,30.00,150,True,150
2030,"Beverages","Nestle A+ Slim Dahi - Low Fat",78.00,3.00,0,75.00,400,True,400
2031,"Beverages","Britannia Cheese Garlic Bread",35.00,0.00,0,35.00,300,True,300
2032,"Beverages","The Bake Shop Whole Wheat Ladi Pav",40.00,0.00,0,40.00,200,True,200
2033,"Beverages","Amul Cheese Spread Yummy Plain",85.00,0.00,0,85.00,200,True,200
2034,"Beverages","Britannia Atta Kulcha",30.00,0.00,0,30.00,250,True,250
2035,"Beverages","Suguna Nourish Egg",62.00,0.00,0,62.00,696,True,12
2036,"Beverages","The Bake Shop Multi Grain Bread",65.00,0.00,0,65.00,400,True,400
2037,"Beverages","Nestle A+ Slim Milk",89.00,0.00,0,89.00,1000,True,1
2038,"Beverages","Go Cheese Pizza Blend Mozzarella + Cheddar",125.00,5.00,0,118.00,200,True,200
2039,"Beverages","The Whole Truth Peanut Butter - Unsweetened & Crunchy",185.00,20.00,0,148.00,325,True,325
2040,"Beverages","Amul Cheese Spread Spicy Garlic",85.00,3.00,0,82.00,200,True,200
2041,"Beverages","The Bake Shop Burger Buns",20.00,0.00,0,20.00,100,True,100
2042,"Beverages","D'lecta Shredded Mozzarella Cheese",100.00,5.00,0,95.00,140,True,140
2043,"Beverages","Britannia Burger Bun with Sesame Seed",30.00,0.00,0,30.00,200,True,200
2044,"Beverages","Suguna Vitamin D Egg",75.00,17.00,0,62.00,348,True,6
2045,"Beverages","Pillsbury Pancake Mix - Funfetti",99.00,11.00,0,88.00,162,True,162
2046,"Beverages","Prabhat Malai Paneer Pouch",80.00,0.00,0,80.00,200,True,200
2047,"Beverages","Suguna Nourish Egg ",72.00,16.00,0,60.00,348,True,6
2048,"Beverages","RRO Mozzarella Block Cheese",295.00,50.00,0,147.00,200,True,200
2049,"Packaged Food","Maggi 2 Minute Masala Noodles",12.00,0.00,6,12.00,70,False,70
2050,"Packaged Food","iD Idli & Dosa Batter ",80.00,15.00,6,68.00,1000,False,1
2051,"Packaged Food","iD Malabar Parota ",80.00,10.00,4,72.00,400,False,400
2052,"Packaged Food","iD Wheat Lachha Paratha",80.00,12.00,6,70.00,400,False,400
2053,"Packaged Food","McCain Aloo Tikki",110.00,4.00,6,105.00,400,False,400
2054,"Packaged Food","McCain Smiles Cripsy Happy Potatoes",120.00,5.00,6,114.00,415,False,415
2055,"Packaged Food","McCain Veggie Burger Patty",115.00,3.00,6,111.00,360,False,360
2056,"Packaged Food","McCain Veggie Fingers",117.00,5.00,6,111.00,400,False,400
2057,"Packaged Food","Amul Delicious Fat Spread - Cholesterol Free",18.00,5.00,6,17.00,100,False,100
2058,"Packaged Food","Whiskas Wetï£° Meal (Adult - Cat Food)ï£° Chicken in Gravy",35.00,2.00,2,34.00,85,False,85
2059,"Packaged Food","McCain Chilli Garlic Potato Bites Crunchy Potato Nuggets",125.00,5.00,1,118.00,420,False,420
2060,"Packaged Food","Ching's Secret Instant Hot Garlic Noodles",15.00,0.00,3,15.00,60,False,60
2061,"Packaged Food","Veeba Eggless Mayonnaise",79.00,11.00,5,70.00,250,False,250
2062,"Packaged Food","Ching's Secret Instant Schezwan Noodles",15.00,0.00,6,15.00,60,False,60
2063,"Packaged Food","Veeba Pasta And Pizza Sauce",75.00,13.00,5,65.00,280,False,280
2064,"Packaged Food","Top Ramen  Noodles Curry Veg Pouch",20.00,0.00,1,20.00,70,False,70
2065,"Packaged Food","Saffola Veggie Twist Masala Oats",15.00,0.00,6,15.00,38,False,38
2066,"Packaged Food","Unibic Almond & Oats Protein Bar",40.00,17.00,4,33.00,30,False,30
2067,"Packaged Food","Quaker Oats",79.00,0.00,2,79.00,400,False,400
2068,"Packaged Food","Amul Delicious Fat Spread - Cholesterol Free",88.00,2.00,2,86.00,500,False,500
2069,"Packaged Food","McCain French Fries",120.00,5.00,1,114.00,420,False,420
2070,"Packaged Food","Ching's Secret Manchow Instant Soup",10.00,0.00,1,10.00,15,False,15
2071,"Packaged Food","McCain Potato Cheese Shotz",130.00,4.00,6,124.00,250,False,250
2072,"Packaged Food","McCain Masala - Fries",120.00,5.00,3,114.00,375,False,375
2073,"Packaged Food","Ching's Secret Schezwan Fried Rice Masala",15.00,0.00,6,15.00,20,False,20
2074,"Packaged Food","McCain New Mini Samosa with Cheese Pizza Style Filling",120.00,1.00,3,118.00,240,False,240
2075,"Packaged Food","McCain Chilli Cheesy Nuggets",130.00,4.00,1,124.00,250,False,250
2076,"Packaged Food","Whiskas Adult (+1 Year) Dry Cat Food, Ocean Fish Flavour",430.00,10.00,6,387.00,1200,False,1
2077,"Packaged Food","Chings Instant Soup - Hot & Sour",10.00,0.00,1,10.00,15,False,15
2078,"Packaged Food","Amul Spray Infant Milk Food",197.00,2.00,6,193.00,500,False,500
2079,"Packaged Food","McCain Smiles - Pudina Chatka",120.00,5.00,3,114.00,375,False,375
2080,"Packaged Food","McCain French Fries Crisp & Delicious",175.00,4.00,3,167.00,750,False,750
2081,"Packaged Food","Ferrero Nutella Hazelnut Spread",220.00,5.00,2,207.00,180,False,180
2082,"Packaged Food","Lijjat Garlic Papad",60.00,5.00,5,57.00,200,False,200
2083,"Packaged Food","Switz Samosa Dough Sheets",90.00,4.00,6,86.00,50,False,50
2084,"Packaged Food","Amul Cheese Spread Creamy",85.00,5.00,6,80.00,180,False,180
2085,"Packaged Food","Maggi Imli Sauce Pichkoo",22.00,0.00,6,22.00,90,False,90
2086,"Packaged Food","Whiskas Kitten (2-12 months) Dry Cat Food Food Ocean Fish",385.00,9.00,5,347.00,1100,False,1100
2087,"Packaged Food","Chings Instant Soup - Sweet Corn Veg",10.00,0.00,2,10.00,15,False,15
2088,"Packaged Food","Whiskas Wetï£° Meal (Kitten - Cat Food)ï£° Chicken in Gravy",35.00,5.00,2,33.00,85,False,85
2089,"Packaged Food","McCain Crazy Fries Masala MixHot 'n' Tangy",120.00,5.00,6,114.00,400,False,400
2090,"Packaged Food","The Whole Truth Double Cocoa Protein Bar No Sugar",100.00,10.00,6,90.00,52,False,52
2091,"Packaged Food","Amul Happy Treats French Fries",68.00,4.00,1,65.00,425,False,425
2092,"Packaged Food","Ferrero Nutella Hazeulnut Spread",380.00,6.00,5,357.00,350,False,350
2093,"Packaged Food","Veeba Chipolte Southwest Dressing",161.00,7.00,4,149.00,300,False,300
2094,"Packaged Food","Ching's Secret Manchow Noodles Instant Soup",15.00,0.00,6,15.00,20,False,20
2095,"Packaged Food","Yoga Bar Breakfast Protein Bar - Blueberry Pie",50.00,12.00,1,44.00,50,False,50
2096,"Packaged Food","Quaker Oats",199.00,7.00,6,184.00,1000,False,1
2097,"Packaged Food","The Whole Truth Mini Protein Bar - Coconut Cocoa No Added Sugar",55.00,25.00,6,41.00,27,False,27
2098,"Packaged Food","Switz Spring Roll Dough Sheets",90.00,4.00,6,86.00,1160,False,20
2099,"Packaged Food","Unibic Fruit & Nut Real Cranberries & Almonds Protein Bar",40.00,17.00,6,33.00,30,False,30
2100,"Packaged Food","Ching's Secret Tomato Instant Soup",10.00,0.00,1,10.00,16,False,15
2101,"Packaged Food","Chef's Basket Durum Wheat Elbow Pasta",160.00,50.00,6,80.00,500,False,500
2102,"Packaged Food","Sunfeast Yippee! Mood Masala Noodles",60.00,28.00,3,43.00,260,False,260
2103,"Packaged Food","MTR Breakfast Khatta Meetha Poha Mix",25.00,20.00,6,20.00,60,False,60
2104,"Packaged Food","Kellogg's Crunchy Fruit & Nut Breakfast Cereals Muesli",445.00,9.00,6,401.00,750,False,750
2105,"Packaged Food","Ching's Secret Chilli Vinegar",50.00,0.00,4,50.00,170,False,170
2106,"Packaged Food","Ching's Red Chilli Sauce",55.00,0.00,6,55.00,200,False,200
2107,"Packaged Food","Amul Lite Spread",40.00,2.00,5,39.00,100,False,100
2108,"Packaged Food","Borges Durum Wheat Fusilli Pasta ",250.00,0.00,3,250.00,500,False,500
2109,"Packaged Food","The Whole Truth Cranberry Mini Protein Bar No Sugar",55.00,20.00,6,44.00,27,False,27
2110,"Packaged Food","The Whole Truth Mini Protein Bar - Coffee Cocoa No Added Sugar",55.00,20.00,6,44.00,27,False,27
2111,"Packaged Food","Maggi Hot & Sweet Tomato Chilli Sauce",115.00,0.00,1,115.00,500,False,500
2112,"Packaged Food","Sunfeast YiPPee! Noodles - Magic Masala",96.00,5.00,4,91.00,540,False,540
2113,"Packaged Food","Chef's Basket Durum Wheat Fusilli Pasta",160.00,50.00,6,80.00,500,False,500
2114,"Packaged Food","Top Ramen Chicken Noodles",60.00,10.00,1,54.00,280,False,280
2115,"Packaged Food","Veeba Cheese and Chilli Sandwich Spread",89.00,11.00,6,79.00,275,False,275
2116,"Packaged Food","Chingç´ Secret Chowmein Hakka Noodles Masala ",44.00,0.00,2,44.00,60,False,60
2117,"Packaged Food","Safal Frozen - Mixed Vegetables",110.00,4.00,2,105.00,1000,False,1
2118,"Packaged Food","MTR 3 Min Poha",25.00,0.00,6,25.00,60,False,60
2119,"Packaged Food","Ching's Manchurian Instant Noodles",15.00,0.00,5,15.00,60,False,60
2120,"Packaged Food","The Whole Truth Peanut Cocoa Mini Protein Bar No Sugar ",55.00,25.00,6,41.00,27,False,27
2121,"Packaged Food","Gits Pav Bhaji Ready to Eat",110.00,22.00,6,85.00,300,False,300
2122,"Packaged Food","McCain New Mini Samosa with Cheese Corn Style Filling",120.00,1.00,2,118.00,240,False,240
2123,"Packaged Food","Lijjat Udad Mini Papad",60.00,6.00,6,56.00,200,False,200
2124,"Packaged Food","McCain Herb & Garlic Crazy Fries Masala Mix ",120.00,5.00,5,114.00,400,False,400
2125,"Packaged Food","Yoga Bar Multigrain Energy Bar Nuts And Seeds",40.00,12.00,4,35.00,38,False,38
2126,"Packaged Food","Ching's Secret Sauce, Green Chilli",55.00,0.00,5,55.00,190,False,190
2127,"Packaged Food","Veeba Pizza Topping",75.00,6.00,4,70.00,280,False,280
2128,"Packaged Food","Switz Paratha Puff",110.00,4.00,6,105.00,400,False,400
2129,"Packaged Food","New Kellogg's Muesli with 21% Fruit, Nut & Seeds",325.00,6.00,6,305.00,500,False,500
2130,"Packaged Food","The Whole Truth Double Cocoa Mini Protein Bar No Sugar",55.00,20.00,5,44.00,27,False,27
2131,"Packaged Food","Sunfeast Yippee Tricolor Pasta Seasoning",28.00,17.00,1,23.00,65,False,65
2132,"Packaged Food","Wingreens Cheesy Chipotle Sauce",99.00,49.00,1,50.00,130,False,130
2133,"Packaged Food","Maggi Rich Tomato Ketchup",105.00,4.00,2,100.00,500,False,500
2134,"Packaged Food","The Whole Truth Dark Chocolate Peanut Butter - Creamy",235.00,25.00,6,174.00,325,False,325
2135,"Packaged Food","Godrej Yummiez Chicken Nuggets",325.00,9.00,1,293.00,500,False,500
2136,"Packaged Food","Go Cheese  Spread Plain",99.00,5.00,6,94.00,200,False,200
2137,"Packaged Food","Kellogg's Real Almond & Honey Corn Flakes",175.00,9.00,6,158.00,300,False,300
2138,"Packaged Food","The Whole Truth Vegan Almond Choco Fudge Energy Bar No Sugar",60.00,20.00,6,48.00,40,False,40
2139,"Packaged Food","Prasuma Vegetable Momos",270.00,0.00,5,270.00,24,False,24
2140,"Packaged Food","MTR Upma",50.00,10.00,6,45.00,160,False,160
2141,"Packaged Food","Ching's Schezwan Masala Instant Noodles",60.00,0.00,1,60.00,240,False,240
2142,"Packaged Food","The Whole Truth Cranberry Protein Bar No Sugar",100.00,26.00,6,74.00,52,False,52
2143,"Packaged Food","Saffola Yummy Masala Noodles ",20.00,0.00,2,20.00,46,False,46
2144,"Packaged Food","Veeba English Mustard",74.00,6.00,2,69.00,300,False,300
2145,"Packaged Food","Dabur Hommade Tamarind Paste",48.00,6.00,6,45.00,200,False,200
2146,"Packaged Food","Yoga Bar Breakfast Muesli - Almond Caramel (No Added Sugar)",325.00,4.00,6,309.00,400,False,400
2147,"Packaged Food","The Whole Truth Mini Protein Bar - Peanut Butter No Added Sugar",55.00,25.00,6,41.00,27,False,27
2148,"Packaged Food","ITC Master Chef Crispy Chicken Fries ",170.00,4.00,3,162.00,280,False,280
2149,"Packaged Food","Kelloggs Corn Flakes",99.00,13.00,6,86.00,250,False,250
2150,"Packaged Food","Nissin Cup Noodles Tangy Tomato",50.00,10.00,2,45.00,70,False,70
2151,"Packaged Food","Smith & Jones White Pasta Sauce Mix",40.00,0.00,3,40.00,46,False,46
2152,"Packaged Food","Sunfeast Yippee! Pasta Treat - Sour Cream Onion",28.00,10.00,1,25.00,65,False,65
2153,"Packaged Food","Mothers Recipe Tamrind Date Chutney ",55.00,9.00,2,50.00,200,False,200
2154,"Packaged Food","Veeba Mint Mayonnaise",169.00,8.00,4,155.00,300,False,300
2155,"Packaged Food","Mccain Emotibites - Crispy Happy Potato Snack",130.00,0.00,6,129.00,415,False,415
2156,"Packaged Food","The Whole Truth Energy Bar Choco Cranberry Fudge",60.00,26.00,6,44.00,40,False,40
2157,"Packaged Food","Godrej Yummiez Chicken Lucknowi Seekh Kebab",260.00,10.00,4,234.00,400,False,400
2158,"Packaged Food","Prasuma Vegetable Momos",150.00,0.00,5,150.00,580,False,10
2159,"Packaged Food","Mother's Recipe Mixed Pickle",85.00,9.00,2,77.00,300,False,300
2160,"Packaged Food","Sunfeast Yippee! Pasta Treat - Sour Cream Onion",28.00,17.00,3,23.00,65,False,65
2161,"Packaged Food","The Whole Truth Peanut Cocoa Protein Bar No Sugar",100.00,26.00,6,74.00,52,False,52
2162,"Packaged Food","Yoga Bar Breakfast Muesli - Chocolate & Cranberry ",325.00,4.00,6,309.00,400,False,400
2163,"Packaged Food","Sunfeast YiPPee! Magic Masala Noodles",70.00,10.00,3,63.00,405,False,405
2164,"Packaged Food","Veeba Sweet Onion Sauce",141.00,14.00,4,121.00,350,False,350
2165,"Packaged Food","Quaker Oats Breakfast Cereals - With Flavour Mix Nutritious Rich Source Of Energy",49.00,8.00,6,45.00,200,False,200
2166,"Packaged Food","Mother's Recipe Tamarind Paste",50.00,2.00,6,49.00,200,False,200
2167,"Packaged Food","Yogabar No Added Sugar Protein Bar Brownie",125.00,15.00,4,106.00,60,False,60
2168,"Packaged Food","Bambino Popular Vermicelli ",40.00,2.00,3,39.00,400,False,400
2169,"Packaged Food","Ching's Secret Mix Veg Instant Soup",10.00,0.00,3,10.00,15,False,15
2170,"Packaged Food","Mother's Recipe Pickle - Red Stuffed Chilli",145.00,11.00,3,129.00,400,False,400
2171,"Packaged Food","Kellogg's No Added Sugar Muesli",335.00,11.00,6,298.00,500,False,500
2172,"Packaged Food","Veeba Salsa Dip",119.00,6.00,6,111.00,360,False,360
2173,"Packaged Food","Veeba Thousand Island Dressing",149.00,8.00,6,137.00,300,False,300
2174,"Packaged Food","Baggry's Crunchy Muesli Almond Raisins & Honey",130.00,0.00,5,130.00,200,False,200
2175,"Packaged Food","Knorr Chinese Hot And Sour Veg Soup",55.00,3.00,1,53.00,43,False,43
2176,"Packaged Food","Go Cheese Spread - Garlic",99.00,5.00,6,94.00,200,False,200
2177,"Packaged Food","The Whole Truth Peanut Butter With Dates - Creamy No Sugar",215.00,9.00,6,194.00,325,False,325
2178,"Packaged Food","Zorabian Chicken Smoked Ham",205.00,5.00,1,194.00,250,False,250
2179,"Packaged Food","Kissan Pineapple Jam",165.00,9.00,1,149.00,500,False,500
2180,"Packaged Food","Smith & Jones Masala Noodles",89.00,0.00,5,89.00,480,False,480
2181,"Packaged Food","Nestle Nestle Nan Pro Follow-Up Formula",650.00,0.00,6,650.00,400,False,400
2182,"Packaged Food","Sunfeast Yippee! Power Up Atta Noodles",96.00,15.00,6,81.00,280,False,280
2183,"Packaged Food","McCain Super Wedges",120.00,7.00,6,111.00,400,False,400
2184,"Packaged Food","Kellogg's Crunchy Granola Honey, Almonds, Strawberries & Pumpkin Seeds",330.00,10.00,1,294.00,450,False,450
2185,"Packaged Food","Kellogg's Chocos",130.00,10.00,6,117.00,250,False,250
2186,"Packaged Food","Ching's Secret Just Soak - Whole Wheat Veg Hakka Noodle",32.00,0.00,3,32.00,150,False,150
2187,"Packaged Food","The Whole Truth Vegan Fig Apricot & Orange Energy Bar No Sugar",60.00,20.00,6,48.00,40,False,40
2188,"Packaged Food","Saffola Veggie Twist Masala Oats",195.00,12.00,2,171.00,500,False,500
2189,"Packaged Food","ITC Master Chef Classic Aloo Tikki",80.00,10.00,3,72.00,320,False,320
2190,"Packaged Food","Smith & Jones Pink Pasta Sauce Mix",40.00,0.00,4,40.00,46,False,46
2191,"Packaged Food","Wingreens Farms Chipotle Dip",200.00,25.00,1,150.00,180,False,180
2192,"Packaged Food","Kellogg's Real Almond & Honey Corn Flakes",550.00,5.00,3,520.00,1000,False,1
2193,"Packaged Food","Kellogg's Crunchy Granola Chocolate & Almonds",330.00,10.00,3,294.00,450,False,450
2194,"Packaged Food","Cornitos Cornitos Taco Shells - 6 Inches",160.00,20.00,4,128.00,180,False,180
2195,"Packaged Food","Ching's Secret Singapore Curry Instant Noodles",15.00,0.00,3,15.00,60,False,60
2196,"Packaged Food","Mother's Recipe Pickle - Mango",125.00,9.00,6,113.00,400,False,500
2197,"Packaged Food","Godrej Yummiez Chilli Chicken Sausages ",160.00,10.00,3,144.00,250,False,250
2198,"Packaged Food","Pedigree Dentastix  Dog Treat Oral Care for Adult Medium Breed ",175.00,20.00,6,140.00,180,False,180
2199,"Packaged Food","Maggi Hot & Sweet - Tomato Chilli Sauce",170.00,10.00,1,153.00,1000,False,1
2200,"Packaged Food","Ching's Secret Asian Hot Instant Soup",15.00,0.00,3,15.00,15,False,15
2201,"Packaged Food","Kelloggç´ Chocos Protein And Fibre Of 1 Roti",499.00,11.00,6,444.00,1200,False,1
2202,"Packaged Food","Mother's Recipe Pickle - Mango",149.00,26.00,4,109.00,500,False,500
2203,"Packaged Food","Chings Secret Manchurian Instant Noodle",60.00,0.00,6,60.00,240,False,240
2204,"Packaged Food","Kellogg's Original Corn Flakes",310.00,6.00,6,290.00,875,False,875
2205,"Packaged Food","Ching's Singapore Curry Instant Noodles",60.00,0.00,4,60.00,240,False,240
2206,"Packaged Food","Kellogg's Almonds And Cranberries Granola",330.00,6.00,6,310.00,460,False,460
2207,"Packaged Food","Nestle Ceregrow Multigrain Cereal with Milk and Fruits - 3 to 6 years",292.00,0.00,6,292.00,300,False,300
2208,"Packaged Food","MTR 3 Minute Breakfast - Magic Masala Upma",25.00,0.00,6,25.00,60,False,60
2209,"Packaged Food","Smith & Jones Masala Noodles",68.00,10.00,5,61.00,360,False,360
2210,"Packaged Food","Knorr Classic Tomato Soup With 100% Real Vegetabls, No Added Preservatives",55.00,0.00,6,55.00,53,False,53
2211,"Packaged Food","Godrej Yummiez Chicken Punjabi Tikka ",295.00,9.00,6,266.00,360,False,360
2212,"Packaged Food","Kellogg's Corn Flakes",425.00,9.00,1,383.00,1000,False,1
2213,"Packaged Food","Kelloggs Chocos",170.00,5.00,4,160.00,385,False,385
2214,"Packaged Food","Pedigree Puppy Dry Dog Food Food Chicken & Milk",290.00,20.00,6,232.00,1200,False,1200
2215,"Packaged Food","Ching's Secret Lemon Coriander Instant Soup",15.00,0.00,5,15.00,15,False,15
2216,"Packaged Food","Nestle Cerelac Baby Cereal With Milk Wheat-Rice Mixed Fruit",261.00,0.00,6,261.00,300,False,300
2217,"Packaged Food","Kelloggs Chocos - Moons & Stars",660.00,40.00,4,396.00,1200,False,1
2218,"Packaged Food","ITC Master Chef Chicken Galouti Kebab",170.00,4.00,2,162.00,210,False,210
2219,"Packaged Food","Yogabar 100% Pure Peanut Butter Creamy & Yummy Unsweetened",229.00,10.00,6,206.00,400,False,400
2220,"Packaged Food","Kitchens Of India Palak Paneer",130.00,30.00,6,91.00,285,False,285
2221,"Packaged Food","Kelloggs Chocos Fills Double Chocolat",99.00,11.00,6,88.00,175,False,175
2222,"Packaged Food","Soulfull Ragi Bites Choco Fills",169.00,5.00,4,160.00,250,False,250
2223,"Packaged Food","Figaro Sliced Black Olive ",179.00,0.00,6,179.00,450,False,450
2224,"Packaged Food","Veeba Barbeque Sauce",149.00,8.00,6,137.00,330,False,330
2225,"Packaged Food","The Whole Truth Vegan Mocha Almond Fudge Energy Bar No Sugar",60.00,20.00,6,48.00,40,False,40
2226,"Packaged Food","The Whole Truth - Nuts, Fruits & Seeds Muesli",325.00,20.00,6,260.00,350,False,350
2227,"Packaged Food","Pantai Green Curry Paste",150.00,14.00,5,128.00,114,False,114
2228,"Packaged Food","Kelloggs Special K",210.00,8.00,5,192.00,435,False,435
2229,"Packaged Food","Moi Soi Sichuan Chilli Oil- For Stir Fry Marinade Spread & Dip",280.00,50.00,5,140.00,175,False,175
2230,"Packaged Food","Mother's Recipe Madras Appalam",50.00,10.00,6,45.00,100,False,100
2231,"Packaged Food","Top Ramen Masala Oat Masala",80.00,10.00,6,72.00,280,False,280
2232,"Packaged Food","Saffola Everyday Peppy Tomato Masala Oats",195.00,12.00,6,171.00,500,False,500
2233,"Packaged Food","Ching's Secret Instant Noodles, Hot Garlic",60.00,0.00,4,60.00,240,False,240
2234,"Packaged Food","Kitchens Of India Chicken Chettinad",200.00,30.00,1,140.00,285,False,285
2235,"Packaged Food","Nestle Cerelac Wheat - Stage 1",190.00,0.00,6,190.00,300,False,300
2236,"Packaged Food","Sumeru Aloo Paratha",119.00,5.00,6,113.00,400,False,400
2237,"Packaged Food","ITC Master Chef Veggie Pizza Pocket",170.00,4.00,4,162.00,340,False,340
2238,"Packaged Food","Wingreens Farms Tangy Cheese Pita Chips & Mexican Salsa Dip",60.00,15.00,1,51.00,70,False,70
2239,"Packaged Food","Ching's Secret Manchow Soup",55.00,0.00,3,55.00,55,False,55
2240,"Packaged Food","Veeba Carrot & Cucumber Sandwich Spread",85.00,10.00,6,76.00,250,False,250
2241,"Packaged Food","Kellogg's Real Almond & Honey Corn Flakes",370.00,12.00,3,324.00,650,False,650
2242,"Packaged Food","Kitchens Of India Mughlai Paneer",160.00,30.00,4,112.00,285,False,285
2243,"Packaged Food","Ching's Secret Just Soak - Veg Hakka Noodles",30.00,0.00,5,30.00,150,False,150
2244,"Packaged Food","Ching's Secret Chowmein Hakka Noodles Masala",60.00,10.00,2,54.00,100,False,100
2245,"Packaged Food","The Whole Truth Dark Chocolate Peanut Butter - Crunchy",235.00,20.00,5,188.00,325,False,325
2246,"Packaged Food","Mother's Recipe Bhel Puri Chutney",55.00,9.00,4,50.00,200,False,200
2247,"Packaged Food","Kelloggs Chocos Moon & Stars",330.00,10.00,6,294.00,680,False,680
2248,"Packaged Food","Mother's Recipe Lime Pickle ",120.00,5.00,1,114.00,400,False,400
2249,"Packaged Food","Kitchens of India Dal Makhani",110.00,30.00,2,77.00,285,False,285
2250,"Packaged Food","Pantai Light Soy Sauce",275.00,14.00,5,234.00,200,False,200
2251,"Packaged Food","Ching's Secret Sweet Corn Soup",55.00,0.00,6,55.00,55,False,55
2252,"Packaged Food","Top Ramen Noodles, Atta",80.00,0.00,1,80.00,280,False,280
2253,"Packaged Food","Cantina Tortilla Dip Sauce Sour Creamy Tex Mex",225.00,15.00,5,191.00,190,False,190
2254,"Packaged Food","Dabur Hommade - Rajasthan Ki Garlic Chutne",65.00,6.00,6,61.00,200,False,200
2255,"Packaged Food","MTR Seviyan Vermicelli ",42.00,0.00,2,42.00,400,False,400
2256,"Packaged Food","Pantai Oyster Sauce",275.00,14.00,4,234.00,200,False,200
2257,"Packaged Food","Go Cheese Spread - Four Pepper (Soft & Creamy)",99.00,5.00,6,94.00,200,False,200
2258,"Packaged Food","MTR Ready To Eat Paneer Butter Masala",135.00,9.00,2,122.00,300,False,300
2259,"Packaged Food","Nestle Lactogen Stage 2 Follow-up Formula Powder",340.00,0.00,2,340.00,400,False,400
2260,"Packaged Food","Kellogg's Crunchy Bites Chocos",190.00,10.00,6,171.00,375,False,375
2261,"Packaged Food","Veeba Hot Sweet Tomato Chilli Sauce",104.00,20.00,3,83.00,500,False,500
2262,"Packaged Food","Borges Durum Wheat Pasta Superior Quality",250.00,40.00,6,149.00,500,False,500
2263,"Packaged Food","Funfoods Peanut Butter Crunchy",169.00,7.00,1,156.00,400,False,400
2264,"Packaged Food","Pantai Red Curry Paste",60.00,0.00,4,60.00,50,False,50
2265,"Packaged Food","ITC Master Chef Chicken Seekh Kabab",325.00,0.00,6,325.00,500,False,500
2266,"Packaged Food","Del Monte Pizza & Pasta Sauce Spout Pack",99.00,0.00,3,99.00,400,False,400
2267,"Packaged Food","Pantai Sriracha Red Chilli Sauce",225.00,15.00,6,191.00,200,False,200
2268,"Packaged Food","Hershey's Cocoa Spread",295.00,0.00,3,295.00,350,False,350
2269,"Packaged Food","Maggi Ghee Tadka Upma Express Pouch",25.00,0.00,6,25.00,65,False,65
2270,"Packaged Food","Ching's Secret Manchurian Noodles",91.00,0.00,5,91.00,360,False,360
2271,"Packaged Food","Kellogg's All Bran Wheat Flakes",220.00,6.00,5,205.00,425,False,425
2272,"Packaged Food","Yummiez Chicken Breakfast Sausages",150.00,0.00,3,150.00,250,False,250
2273,"Packaged Food","Pantai Red Curry Paste",150.00,14.00,3,128.00,114,False,114
2274,"Packaged Food","Bagrrys Muesli Crunchy Fruit & Nut With Cranberries",330.00,10.00,6,297.00,400,False,400
2275,"Packaged Food","Quaker Oats Pouch",276.00,10.00,6,248.00,1500,False,1
2276,"Packaged Food","Prasuma Momos -  Cheesy Spicy Veg",295.00,0.00,6,295.00,24,False,24
2277,"Packaged Food","Veeba Sriracha Chilli Garlic Sauce",149.00,8.00,5,137.00,320,False,320
2278,"Packaged Food","Ching's Secret Just Soak - Veg Hakka Noodles",115.00,0.00,6,115.00,600,False,600
2279,"Packaged Food","Moi Soi Kung Pao Sauce - For Stir Fry Marinade Spread & Dip",280.00,50.00,5,140.00,175,False,175
2280,"Packaged Food","Figaro Plain Green Olive ",179.00,0.00,6,179.00,450,False,450
2281,"Packaged Food","Mother's Recipe Gujrati Gorkeri Pickle",140.00,10.00,3,126.00,500,False,500
2282,"Packaged Food","Kellogg's Muesli 20% Nuts Delight",320.00,0.00,6,320.00,500,False,500
2283,"Packaged Food","Borges Farfalle Durum Wheat Pasta ",250.00,0.00,5,250.00,500,False,500
2284,"Packaged Food","Kellogg's Chocos",299.00,10.00,4,269.00,700,False,700
2285,"Packaged Food","Nestle Nan Pro 4 Follow Up Formula Powder For Older Infants ",620.00,0.00,1,620.00,400,False,400
2286,"Packaged Food","Veeba Truly Tomato Ketchup",99.00,20.00,6,79.00,500,False,500
2287,"Packaged Food","Ching's Secret Green Chilli Sauce",85.00,4.00,1,81.00,680,False,680
2288,"Packaged Food","MTR Roasted Vermicelli ",55.00,0.00,1,55.00,400,False,400
2289,"Packaged Food","Mother's Recipe Punjabi Teekha Mang Pickle",120.00,10.00,4,108.00,400,False,400
2290,"Packaged Food","Ching's Secret Hot Garlic Instant Noodles",114.00,0.00,6,114.00,480,False,480
2291,"Packaged Food","Kellogg's Real Honey Corn Flakes",290.00,7.00,5,267.00,630,False,630
2292,"Packaged Food","ITC Master Chef Lebanese Falafel Kebab",130.00,4.00,4,124.00,230,False,230
2293,"Packaged Food","Kelloggs Chocos Fills Double Chocolaty",185.00,10.00,5,165.00,250,False,250
2294,"Packaged Food","Organic India Apple Cider Vinegar",595.00,9.00,2,536.00,500,False,500
2295,"Packaged Food","Masala Oats Masala & Coriander ",195.00,9.00,5,176.00,500,False,500
2296,"Packaged Food","Ching's Secret  Noodles - Pad Thai Lemongras",200.00,0.00,5,200.00,130,False,130
2297,"Packaged Food","Bagrrys Fruit and Nut Muesli with Cranberries",499.00,0.00,5,499.00,750,False,750
2298,"Packaged Food","Kitchens Of India Yellow Dal Tadka",110.00,30.00,6,77.00,285,False,285
2299,"Packaged Food","Soulfull Vanilla Fills - Ragi Bites",169.00,5.00,6,160.00,250,False,250
2300,"Packaged Food","Pantai Teriyaki Sauce with Garlic",325.00,15.00,6,276.00,200,False,200
2301,"Packaged Food","Whiskas Adult Pocket Tuna Cat Food",410.00,0.00,1,410.00,1200,False,1
2302,"Packaged Food","Kitchens Of India Chicken Darbari ",200.00,30.00,4,140.00,285,False,285
2303,"Packaged Food","Soulfull Millet Muesli Fruit & Nut Almonds & Real Fruits",299.00,10.00,6,269.00,400,False,400
2304,"Packaged Food","Smith & Jones Red Pasta Sauce Mix",40.00,0.00,6,40.00,46,False,46
2305,"Packaged Food","Kellogg's Muesli Nuts Delight",425.00,9.00,3,383.00,750,False,750
2306,"Packaged Food","Kitchens of India Dal Bukhara Gravy Mix",110.00,30.00,6,77.00,285,False,285
2307,"Packaged Food","The Whole Truth Peanut Butter - Sweetened & Crunchy",215.00,20.00,6,172.00,325,False,325
2308,"Packaged Food","Remia Mayonnaise",230.00,0.00,6,230.00,241,False,241
2309,"Packaged Food","Ching's Secret Green Chilli Sauce",105.00,0.00,6,105.00,425,False,425
2310,"Packaged Food","Bagrrys Fruit N Fibre Muesli - Strawberry",595.00,0.00,1,595.00,1000,False,1
2311,"Packaged Food","Ching's Secret Tomato Oats Instant Soup",15.00,0.00,3,15.00,20,False,20
2312,"Packaged Food","Kellogg's Special K Original Corn Flakes",140.00,5.00,1,133.00,290,False,290
2313,"Packaged Food","Moi Soi  Black Bean Sauce - Dip Spread Stir Fry & Marinade",280.00,50.00,5,140.00,175,False,175
2314,"Packaged Food","Tong Garden Wasabi Green Peas",175.00,4.00,6,167.00,150,False,150
2315,"Packaged Food","Ching's Secret Red Chilli Sauce",105.00,0.00,4,105.00,440,False,440
2316,"Packaged Food","Ching's Instant Hot and Sour Soup",55.00,0.00,5,55.00,55,False,55
2317,"Packaged Food","Ching's Secret Noodles - Pad Thai Original",200.00,0.00,6,200.00,130,False,130
2318,"Packaged Food","Aashirvaad Instant Meals - Khatta Meetha Pohaa With Millets",55.00,30.00,5,38.00,80,False,80
2319,"Packaged Food","Del Monte Black Sliced Olives",250.00,0.00,1,250.00,450,False,450
2320,"Packaged Food","Kitchens Of India Murgh Methi",220.00,30.00,5,154.00,285,False,285
2321,"Packaged Food","Nestle Cerelac 5 Grains & Fruits Cereal",288.00,0.00,6,288.00,300,False,300
2322,"Packaged Food","The Whole Truth - 5 Grain Muesli No Added Sugar",325.00,20.00,6,260.00,350,False,350
2323,"Packaged Food","Ching's Secret  Pad Thai Noodles Green Curry",200.00,0.00,6,200.00,130,False,130
2324,"Packaged Food","Aashirvaad Suji Halwa With Jaggery",75.00,0.00,6,75.00,70,False,70
2325,"Packaged Food","Mother's Recipe Mango Pickle ",120.00,0.00,1,120.00,400,False,400
2326,"Packaged Food","Ching's Secret Pad Thai Noodles - Extra Hot Thai Chilli",200.00,0.00,6,200.00,130,False,130
2327,"Packaged Food","Kellogg's Special K Original Corn Flakes",399.00,11.00,6,355.00,900,False,900
2328,"Packaged Food","Knorr Sweet Corn Chicken Soup",55.00,0.00,2,55.00,42,False,42
2329,"Packaged Food","Ching's Secret Tomato Soup",55.00,0.00,6,55.00,55,False,55
2330,"Packaged Food","Funfoods Peanut Butter Creamy",169.00,0.00,1,169.00,400,False,400
2331,"Packaged Food","Japanese Choice Udon Noodles",295.00,9.00,6,266.00,250,False,250
2332,"Packaged Food","Kelloggs Muesli - With 22% Fruit Magic",320.00,10.00,5,288.00,500,False,500
2333,"Packaged Food","Dabur Hommade - Kalonji Tamatar Ki Chutney",65.00,6.00,6,61.00,200,False,200
2334,"Packaged Food","Kitchens Of India Dal Makhani",110.00,30.00,1,77.00,285,False,285
2335,"Packaged Food","Aashirvaad Suji Halwa With Jaggery",55.00,30.00,6,38.00,80,False,80
2336,"Packaged Food","Del Monte Green Chili Sauce",55.00,0.00,3,55.00,190,False,190
2337,"Packaged Food","Pedigree Dog Food Adult Chicken & Veg",660.00,10.00,1,594.00,3000,False,3
2338,"Packaged Food","Kellogg's Original Corn Flakes",185.00,5.00,6,175.00,475,False,475
2339,"Packaged Food","Pedigree Puppy Dry Dog Food Food Chicken & Milk",690.00,6.00,2,648.00,3000,False,3
2340,"Packaged Food","Kitchens Of India Rajma Masala",110.00,30.00,5,77.00,285,False,285
2341,"Packaged Food","Kitchen Of India Ready-To-Eat Pindi Channa",110.00,30.00,2,77.00,285,False,285
2342,"Packaged Food","Figaro Pitted Black Olive ",179.00,0.00,6,179.00,450,False,450
2343,"Packaged Food","Cantina Tabasco Red Sauce",140.00,15.00,6,119.00,60,False,60
2344,"Packaged Food","Mother's Recipe Pickle - Mixed",149.00,26.00,6,109.00,500,False,500
2345,"Packaged Food","Nestle Cerelac Baby Cereal with Milk 5 Grains & Vegetables from 18 to 24 Month",279.00,0.00,5,279.00,300,False,300
2346,"Packaged Food","Mother's Recipe Tamarind Paste",50.00,2.00,2,49.00,200,False,200
2347,"Packaged Food","Pedigree Meat Jerky Adult Dog Treat Barbecued Chicken",140.00,20.00,6,112.00,80,False,80
2348,"Packaged Food","Veeba Peri Peri Sauce",161.00,0.00,6,161.00,300,False,300
2349,"Packaged Food","Pantai Sriracha Yellow Chilli Sauce",225.00,15.00,6,191.00,200,False,200
2350,"Packaged Food","Praakritik Organic Jumbo Rolled Oats",190.00,11.00,6,169.00,500,False,500
2351,"Packaged Food","Ching's Secret Just Soak - Whole Wheat Veg Hakka Noodles",123.00,0.00,6,123.00,600,False,600
2352,"Packaged Food","Pantai Spring Roll Sauce",275.00,10.00,6,245.00,200,False,200
2353,"Packaged Food","MTR Vermicelli Payasam",75.00,0.00,6,75.00,180,False,180
2354,"Packaged Food","Bagrrys Corn Flakes",350.00,0.00,6,350.00,880,False,800
2355,"Packaged Food","MTR Ready To Eat Palak Paneer ",135.00,11.00,6,120.00,300,False,300
2356,"Packaged Food","Del Monte Red Chili Sauce",55.00,0.00,5,55.00,190,False,190
2357,"Packaged Food","Kitchens of India Mutter Paneer Mix",120.00,30.00,4,84.00,285,False,285
2358,"Packaged Food","Pantai Green Curry Paste",60.00,6.00,6,56.00,50,False,50
2359,"Packaged Food","The Laughing Cow Cheese Spread Plain",110.00,0.00,6,110.00,180,False,180
2360,"Packaged Food","MTR Dal Fry",110.00,0.00,5,110.00,300,False,300
2361,"Packaged Food","Pantai Fish Sauce",275.00,14.00,6,234.00,200,False,200
2362,"Packaged Food","Cantina Beans Mexican Beans",250.00,14.00,6,213.00,410,False,410
2363,"Packaged Food","Ching's Secret Manchurian Instant Noodle",114.00,0.00,6,114.00,480,False,480
2364,"Packaged Food","Remia Salad Italian Dressing ",230.00,0.00,6,230.00,250,False,250
2365,"Packaged Food","Yummiez Veg Cheese Fingers Pouch",230.00,0.00,4,230.00,400,False,400
2366,"Packaged Food","MTR Dal Makhani",110.00,0.00,4,110.00,300,False,300
2367,"Packaged Food","MTR Ready to Eat Pav Bhaji",110.00,0.00,6,110.00,300,False,300
2368,"Packaged Food","Weikfield Tomato Salsa Instant Pasta",25.00,0.00,1,25.00,77,False,77
2369,"Packaged Food","Nestlã»CERELAC Baby Cereal with Milk",272.00,0.00,1,272.00,300,False,300
2370,"Packaged Food","Remia Salad Caesar Dressing",250.00,0.00,6,250.00,250,False,250
2371,"Packaged Food","Bagrrys Fruit N Fibre Muesli Mixed Fruit",330.00,0.00,6,330.00,500,False,500
2372,"Packaged Food","MTR Paneer Butter Masala & Veg Pulao",175.00,9.00,4,158.00,375,False,375
2373,"Packaged Food","Sundrop Cocoa Nut Hazelnut Chocolatey Spread",120.00,0.00,6,120.00,160,False,160
2374,"Packaged Food","Moi Soi Manchurian Sauce - For Stir Fry Marinade Spread & Dip",280.00,50.00,6,140.00,175,False,175
2375,"Packaged Food","Pedigree Dog Food Adult Meat & Rice",660.00,7.00,2,608.00,3000,False,3
2376,"Packaged Food","Pantai Sriracha Green Chilli Sauce",225.00,15.00,6,191.00,200,False,200
2377,"Packaged Food","Pantai Chilli Garlic Sauce",275.00,14.00,6,234.00,200,False,200
2378,"Packaged Food","Pantai Dark Soy Sauce",275.00,14.00,6,234.00,200,False,200
2379,"Packaged Food","Yoga Bar Peanut Butter Dark Chocolate Jar",249.00,0.00,4,249.00,400,False,400
2380,"Packaged Food","Cantina Tabasco Green Sauce",140.00,15.00,6,119.00,60,False,60
2381,"Packaged Food","Pantai Pad Thai Sauce (Non-Veg)",325.00,9.00,5,293.00,200,False,200
2382,"Packaged Food","Pantai Sweet Chilli Sauce",275.00,14.00,6,234.00,200,False,200
2383,"Packaged Food","Ching's Secret Schezwan Instant Noodle",114.00,0.00,6,114.00,480,False,480
2384,"Packaged Food","Yummiez Chicken Garlic Fingers Pouch",250.00,0.00,5,250.00,400,False,400
2385,"Packaged Food","Pediasure Premium Chocolate Powdered Health Drink",610.00,0.00,2,610.00,400,False,400
2386,"Packaged Food","Chings Secret Hot Garlic Instant Noodles",91.00,0.00,6,91.00,60,False,60
2387,"Packaged Food","Godrej Yummiez Cheese Corn Nuggets ",230.00,0.00,4,230.00,400,False,400
2388,"Packaged Food","Pantai Hot Chilli Sauce",275.00,14.00,6,234.00,200,False,200
2389,"Packaged Food","Knorr International Mexican Tomato Corn Soup ",65.00,6.00,3,61.00,52,False,52
2390,"Packaged Food","Bagrry's Fruit Fibre Muesli Mixed Fruit ",595.00,0.00,5,595.00,1000,False,1
2391,"Packaged Food","MTR Roasted Vermicelli ",105.00,0.00,4,105.00,850,False,850
2392,"Packaged Food","Maggi 2-Minute Instant Noodles - Masala",44.00,0.00,0,44.00,280,True,280
2393,"Packaged Food","Kurkure Green Chutney, Rajasthani Style",20.00,0.00,0,20.00,90,True,90
2394,"Packaged Food","Kellogg's Chocos Combo Pack",60.00,6.00,0,56.00,156,True,156
2395,"Packaged Food","Kissan Mixed Fruit Jam ",155.00,0.00,0,155.00,500,True,500
2396,"Packaged Food","Lijjat Urad Papad",60.00,5.00,0,57.00,200,True,200
2397,"Packaged Food","Amul Cheese Spread Yummy Plain",85.00,0.00,0,85.00,200,True,200
2398,"Packaged Food","Mother's Recipe Ginger And Garlic Paste",50.00,24.00,0,38.00,200,True,200
2399,"Packaged Food","Maggi Magic Cubes Chicken",40.00,2.00,0,39.00,40,True,40
2400,"Packaged Food","Pedigree Puppy Chicken Chunks in Gravy ",35.00,2.00,0,34.00,70,True,70
2401,"Packaged Food","The Whole Truth Peanut Butter - Unsweetened & Crunchy",185.00,20.00,0,148.00,325,True,325
2402,"Packaged Food","Ching's Chow Mein Hakka Noodles Masala",10.00,0.00,0,10.00,20,True,20
2403,"Packaged Food","Safal Frozen Mixed Vegetables",60.00,5.00,0,57.00,500,True,500
2404,"Packaged Food","Safal Frozen Corn",41.00,4.00,0,39.00,200,True,200
2405,"Packaged Food","Amul Cheese Spread Spicy Garlic",85.00,3.00,0,82.00,200,True,200
2406,"Packaged Food","Ching's Secret Veg Hakka Noodles",107.00,0.00,0,107.00,600,True,600
2407,"Packaged Food","Saffola Oats 100 % Natural",15.00,0.00,0,15.00,38,True,38
2408,"Packaged Food","Lijjat Moong Papad",60.00,5.00,0,57.00,200,True,200
2409,"Packaged Food","Mothers Recipe Papad - Sabudana With Rock Salt",31.00,9.00,0,28.00,70,True,70
2410,"Packaged Food","Maggi Chilly Chow Cuppa Noodles",50.00,0.00,0,50.00,70,True,70
2411,"Packaged Food","Veeba Favourites Eggless Burger Mayonnaise",69.00,8.00,0,63.00,250,True,250
2412,"Packaged Food","Sunfeast Yippee! Magic Masala Noodles",48.00,6.00,0,45.00,240,True,240
2413,"Packaged Food","Top Ramen Masala",91.00,9.00,0,82.00,560,True,560
2414,"Packaged Food","Kelloggs Corn Flakes With Real Strawberry Pure",265.00,10.00,0,236.00,575,True,575
2415,"Packaged Food","Mother's Recipe Potato Papad",31.00,9.00,0,28.00,70,True,75
2416,"Packaged Food","Mothers Recipe Rice Papad Ajwain",24.00,0.00,0,24.00,75,True,75
2417,"Packaged Food","Chef's Basket Durum Wheat Penne Pasta",160.00,50.00,0,80.00,500,True,500
2418,"Packaged Food","Dabur Hommade - Imli Sauce Saunth",20.00,10.00,0,18.00,100,True,100
2419,"Packaged Food","Zorabian Chicken Kheema Parathas",190.00,0.00,0,190.00,300,True,300
2420,"Packaged Food","Sunfeast Pasta Treat Pack of Tomato Cheese",28.00,17.00,0,23.00,65,True,65
2422,"Packaged Food","MTR Vegetable Upma",25.00,0.00,0,25.00,60,True,60
2423,"Packaged Food","Del Monte Original Blend Tomato Ketchup Pouch",120.00,7.00,0,111.00,950,True,950
2424,"Packaged Food","Del Monte Natural Vinegar ",55.00,3.00,0,53.00,180,True,180
2425,"Packaged Food","Del Monte Eggless Mayo",135.00,6.00,0,126.00,500,True,500
2426,"Packaged Food","ITC Master Chef Cheesy Corn Triangles",160.00,5.00,0,152.00,320,True,320
2427,"Packaged Food","Mother's Recipe Mixed Pickle ",115.00,4.00,0,110.00,400,True,400
2428,"Packaged Food","Godrej Yummiez Chicken Breakfast Salami",150.00,4.00,0,143.00,250,True,250
2429,"Packaged Food","Hershey's Cocoa + Almond Spread",295.00,9.00,0,266.00,350,True,350
2430,"Packaged Food","Maggi Special Masala Spicy Yummy Noodles",72.00,0.00,0,72.00,280,True,280
2431,"Packaged Food","Del Monte Schezwan Sauce",55.00,0.00,0,55.00,190,True,190
2432,"Packaged Food","Yummiez Green Peas",135.00,0.00,0,135.00,500,True,500
2433,"Packaged Food","Yummiez Green Peas",250.00,0.00,0,250.00,1000,True,1
2434,"Packaged Food","Yummiez American Sweet Corn",85.00,0.00,0,85.00,400,True,400
2435,"Packaged Food","Dr Oetker Cucumber & Carrot Sandwich Spread Veg",79.00,0.00,0,79.00,250,True,250
2436,"Packaged Food","Del Monte Pitted Green Olives",250.00,0.00,0,250.00,450,True,450
2437,"Ice Cream & Desserts","Maggi 2 Minute Masala Noodles",12.00,0.00,6,12.00,70,False,70
2438,"Ice Cream & Desserts","iD Idli & Dosa Batter ",80.00,15.00,6,68.00,1000,False,1
2439,"Ice Cream & Desserts","iD Malabar Parota ",80.00,10.00,4,72.00,400,False,400
2440,"Ice Cream & Desserts","iD Wheat Lachha Paratha",80.00,12.00,6,70.00,400,False,400
2441,"Ice Cream & Desserts","McCain Aloo Tikki",110.00,4.00,6,105.00,400,False,400
2442,"Ice Cream & Desserts","McCain Smiles Cripsy Happy Potatoes",120.00,5.00,6,114.00,415,False,415
2443,"Ice Cream & Desserts","McCain Veggie Burger Patty",115.00,3.00,6,111.00,360,False,360
2444,"Ice Cream & Desserts","McCain Veggie Fingers",117.00,5.00,6,111.00,400,False,400
2445,"Ice Cream & Desserts","Amul Delicious Fat Spread - Cholesterol Free",18.00,5.00,6,17.00,100,False,100
2446,"Ice Cream & Desserts","Whiskas Wetï£° Meal (Adult - Cat Food)ï£° Chicken in Gravy",35.00,2.00,2,34.00,85,False,85
2447,"Ice Cream & Desserts","McCain Chilli Garlic Potato Bites Crunchy Potato Nuggets",125.00,5.00,1,118.00,420,False,420
2448,"Ice Cream & Desserts","Ching's Secret Instant Hot Garlic Noodles",15.00,0.00,3,15.00,60,False,60
2449,"Ice Cream & Desserts","Veeba Eggless Mayonnaise",79.00,11.00,5,70.00,250,False,250
2450,"Ice Cream & Desserts","Ching's Secret Instant Schezwan Noodles",15.00,0.00,6,15.00,60,False,60
2451,"Ice Cream & Desserts","Veeba Pasta And Pizza Sauce",75.00,13.00,5,65.00,280,False,280
2452,"Ice Cream & Desserts","Top Ramen  Noodles Curry Veg Pouch",20.00,0.00,1,20.00,70,False,70
2453,"Ice Cream & Desserts","Saffola Veggie Twist Masala Oats",15.00,0.00,6,15.00,38,False,38
2454,"Ice Cream & Desserts","Unibic Almond & Oats Protein Bar",40.00,17.00,4,33.00,30,False,30
2455,"Ice Cream & Desserts","Quaker Oats",79.00,0.00,2,79.00,400,False,400
2456,"Ice Cream & Desserts","Amul Delicious Fat Spread - Cholesterol Free",88.00,2.00,2,86.00,500,False,500
2457,"Ice Cream & Desserts","McCain French Fries",120.00,5.00,1,114.00,420,False,420
2458,"Ice Cream & Desserts","Ching's Secret Manchow Instant Soup",10.00,0.00,1,10.00,15,False,15
2459,"Ice Cream & Desserts","McCain Potato Cheese Shotz",130.00,4.00,6,124.00,250,False,250
2460,"Ice Cream & Desserts","McCain Masala - Fries",120.00,5.00,3,114.00,375,False,375
2461,"Ice Cream & Desserts","Ching's Secret Schezwan Fried Rice Masala",15.00,0.00,6,15.00,20,False,20
2462,"Ice Cream & Desserts","McCain New Mini Samosa with Cheese Pizza Style Filling",120.00,1.00,3,118.00,240,False,240
2463,"Ice Cream & Desserts","McCain Chilli Cheesy Nuggets",130.00,4.00,1,124.00,250,False,250
2464,"Ice Cream & Desserts","Whiskas Adult (+1 Year) Dry Cat Food, Ocean Fish Flavour",430.00,10.00,6,387.00,1200,False,1
2465,"Ice Cream & Desserts","Chings Instant Soup - Hot & Sour",10.00,0.00,1,10.00,15,False,15
2466,"Ice Cream & Desserts","Amul Spray Infant Milk Food",197.00,2.00,6,193.00,500,False,500
2467,"Ice Cream & Desserts","McCain Smiles - Pudina Chatka",120.00,5.00,3,114.00,375,False,375
2468,"Ice Cream & Desserts","McCain French Fries Crisp & Delicious",175.00,4.00,3,167.00,750,False,750
2469,"Ice Cream & Desserts","Ferrero Nutella Hazelnut Spread",220.00,5.00,2,207.00,180,False,180
2470,"Ice Cream & Desserts","Lijjat Garlic Papad",60.00,5.00,5,57.00,200,False,200
2471,"Ice Cream & Desserts","Switz Samosa Dough Sheets",90.00,4.00,6,86.00,50,False,50
2472,"Ice Cream & Desserts","Amul Cheese Spread Creamy",85.00,5.00,6,80.00,180,False,180
2473,"Ice Cream & Desserts","Maggi Imli Sauce Pichkoo",22.00,0.00,6,22.00,90,False,90
2474,"Ice Cream & Desserts","Whiskas Kitten (2-12 months) Dry Cat Food Food Ocean Fish",385.00,9.00,5,347.00,1100,False,1100
2475,"Ice Cream & Desserts","Chings Instant Soup - Sweet Corn Veg",10.00,0.00,2,10.00,15,False,15
2476,"Ice Cream & Desserts","Whiskas Wetï£° Meal (Kitten - Cat Food)ï£° Chicken in Gravy",35.00,5.00,2,33.00,85,False,85
2477,"Ice Cream & Desserts","McCain Crazy Fries Masala MixHot 'n' Tangy",120.00,5.00,6,114.00,400,False,400
2478,"Ice Cream & Desserts","The Whole Truth Double Cocoa Protein Bar No Sugar",100.00,10.00,6,90.00,52,False,52
2479,"Ice Cream & Desserts","Amul Happy Treats French Fries",68.00,4.00,1,65.00,425,False,425
2480,"Ice Cream & Desserts","Ferrero Nutella Hazeulnut Spread",380.00,6.00,5,357.00,350,False,350
2481,"Ice Cream & Desserts","Veeba Chipolte Southwest Dressing",161.00,7.00,4,149.00,300,False,300
2482,"Ice Cream & Desserts","Ching's Secret Manchow Noodles Instant Soup",15.00,0.00,6,15.00,20,False,20
2483,"Ice Cream & Desserts","Yoga Bar Breakfast Protein Bar - Blueberry Pie",50.00,12.00,1,44.00,50,False,50
2484,"Ice Cream & Desserts","Quaker Oats",199.00,7.00,6,184.00,1000,False,1
2485,"Ice Cream & Desserts","The Whole Truth Mini Protein Bar - Coconut Cocoa No Added Sugar",55.00,25.00,6,41.00,27,False,27
2486,"Ice Cream & Desserts","Switz Spring Roll Dough Sheets",90.00,4.00,6,86.00,1160,False,20
2487,"Ice Cream & Desserts","Unibic Fruit & Nut Real Cranberries & Almonds Protein Bar",40.00,17.00,6,33.00,30,False,30
2488,"Ice Cream & Desserts","Ching's Secret Tomato Instant Soup",10.00,0.00,1,10.00,16,False,15
2489,"Ice Cream & Desserts","Chef's Basket Durum Wheat Elbow Pasta",160.00,50.00,6,80.00,500,False,500
2490,"Ice Cream & Desserts","Sunfeast Yippee! Mood Masala Noodles",60.00,28.00,3,43.00,260,False,260
2491,"Ice Cream & Desserts","MTR Breakfast Khatta Meetha Poha Mix",25.00,20.00,6,20.00,60,False,60
2492,"Ice Cream & Desserts","Kellogg's Crunchy Fruit & Nut Breakfast Cereals Muesli",445.00,9.00,6,401.00,750,False,750
2493,"Ice Cream & Desserts","Ching's Secret Chilli Vinegar",50.00,0.00,4,50.00,170,False,170
2494,"Ice Cream & Desserts","Ching's Red Chilli Sauce",55.00,0.00,6,55.00,200,False,200
2495,"Ice Cream & Desserts","Amul Lite Spread",40.00,2.00,5,39.00,100,False,100
2496,"Ice Cream & Desserts","Borges Durum Wheat Fusilli Pasta ",250.00,0.00,3,250.00,500,False,500
2497,"Ice Cream & Desserts","The Whole Truth Cranberry Mini Protein Bar No Sugar",55.00,20.00,6,44.00,27,False,27
2498,"Ice Cream & Desserts","The Whole Truth Mini Protein Bar - Coffee Cocoa No Added Sugar",55.00,20.00,6,44.00,27,False,27
2499,"Ice Cream & Desserts","Maggi Hot & Sweet Tomato Chilli Sauce",115.00,0.00,1,115.00,500,False,500
2500,"Ice Cream & Desserts","Sunfeast YiPPee! Noodles - Magic Masala",96.00,5.00,4,91.00,540,False,540
2501,"Ice Cream & Desserts","Chef's Basket Durum Wheat Fusilli Pasta",160.00,50.00,6,80.00,500,False,500
2502,"Ice Cream & Desserts","Top Ramen Chicken Noodles",60.00,10.00,1,54.00,280,False,280
2503,"Ice Cream & Desserts","Veeba Cheese and Chilli Sandwich Spread",89.00,11.00,6,79.00,275,False,275
2504,"Ice Cream & Desserts","Chingç´ Secret Chowmein Hakka Noodles Masala ",44.00,0.00,2,44.00,60,False,60
2505,"Ice Cream & Desserts","Safal Frozen - Mixed Vegetables",110.00,4.00,2,105.00,1000,False,1
2506,"Ice Cream & Desserts","MTR 3 Min Poha",25.00,0.00,6,25.00,60,False,60
2507,"Ice Cream & Desserts","Ching's Manchurian Instant Noodles",15.00,0.00,5,15.00,60,False,60
2508,"Ice Cream & Desserts","The Whole Truth Peanut Cocoa Mini Protein Bar No Sugar ",55.00,25.00,6,41.00,27,False,27
2509,"Ice Cream & Desserts","Gits Pav Bhaji Ready to Eat",110.00,22.00,6,85.00,300,False,300
2510,"Ice Cream & Desserts","McCain New Mini Samosa with Cheese Corn Style Filling",120.00,1.00,2,118.00,240,False,240
2511,"Ice Cream & Desserts","Lijjat Udad Mini Papad",60.00,6.00,6,56.00,200,False,200
2512,"Ice Cream & Desserts","McCain Herb & Garlic Crazy Fries Masala Mix ",120.00,5.00,5,114.00,400,False,400
2513,"Ice Cream & Desserts","Yoga Bar Multigrain Energy Bar Nuts And Seeds",40.00,12.00,4,35.00,38,False,38
2514,"Ice Cream & Desserts","Ching's Secret Sauce, Green Chilli",55.00,0.00,5,55.00,190,False,190
2515,"Ice Cream & Desserts","Veeba Pizza Topping",75.00,6.00,4,70.00,280,False,280
2516,"Ice Cream & Desserts","Switz Paratha Puff",110.00,4.00,6,105.00,400,False,400
2517,"Ice Cream & Desserts","New Kellogg's Muesli with 21% Fruit, Nut & Seeds",325.00,6.00,6,305.00,500,False,500
2518,"Ice Cream & Desserts","The Whole Truth Double Cocoa Mini Protein Bar No Sugar",55.00,20.00,5,44.00,27,False,27
2519,"Ice Cream & Desserts","Sunfeast Yippee Tricolor Pasta Seasoning",28.00,17.00,1,23.00,65,False,65
2520,"Ice Cream & Desserts","Wingreens Cheesy Chipotle Sauce",99.00,49.00,1,50.00,130,False,130
2521,"Ice Cream & Desserts","Maggi Rich Tomato Ketchup",105.00,4.00,2,100.00,500,False,500
2522,"Ice Cream & Desserts","The Whole Truth Dark Chocolate Peanut Butter - Creamy",235.00,25.00,6,174.00,325,False,325
2523,"Ice Cream & Desserts","Godrej Yummiez Chicken Nuggets",325.00,9.00,1,293.00,500,False,500
2524,"Ice Cream & Desserts","Go Cheese  Spread Plain",99.00,5.00,6,94.00,200,False,200
2525,"Ice Cream & Desserts","Kellogg's Real Almond & Honey Corn Flakes",175.00,9.00,6,158.00,300,False,300
2526,"Ice Cream & Desserts","The Whole Truth Vegan Almond Choco Fudge Energy Bar No Sugar",60.00,20.00,6,48.00,40,False,40
2527,"Ice Cream & Desserts","Prasuma Vegetable Momos",270.00,0.00,5,270.00,24,False,24
2528,"Ice Cream & Desserts","MTR Upma",50.00,10.00,6,45.00,160,False,160
2529,"Ice Cream & Desserts","Ching's Schezwan Masala Instant Noodles",60.00,0.00,1,60.00,240,False,240
2530,"Ice Cream & Desserts","The Whole Truth Cranberry Protein Bar No Sugar",100.00,26.00,6,74.00,52,False,52
2531,"Ice Cream & Desserts","Saffola Yummy Masala Noodles ",20.00,0.00,2,20.00,46,False,46
2532,"Ice Cream & Desserts","Veeba English Mustard",74.00,6.00,2,69.00,300,False,300
2533,"Ice Cream & Desserts","Dabur Hommade Tamarind Paste",48.00,6.00,6,45.00,200,False,200
2534,"Ice Cream & Desserts","Yoga Bar Breakfast Muesli - Almond Caramel (No Added Sugar)",325.00,4.00,6,309.00,400,False,400
2535,"Ice Cream & Desserts","The Whole Truth Mini Protein Bar - Peanut Butter No Added Sugar",55.00,25.00,6,41.00,27,False,27
2536,"Ice Cream & Desserts","ITC Master Chef Crispy Chicken Fries ",170.00,4.00,3,162.00,280,False,280
2537,"Ice Cream & Desserts","Kelloggs Corn Flakes",99.00,13.00,6,86.00,250,False,250
2538,"Ice Cream & Desserts","Nissin Cup Noodles Tangy Tomato",50.00,10.00,2,45.00,70,False,70
2539,"Ice Cream & Desserts","Smith & Jones White Pasta Sauce Mix",40.00,0.00,3,40.00,46,False,46
2540,"Ice Cream & Desserts","Sunfeast Yippee! Pasta Treat - Sour Cream Onion",28.00,10.00,1,25.00,65,False,65
2541,"Ice Cream & Desserts","Mothers Recipe Tamrind Date Chutney ",55.00,9.00,2,50.00,200,False,200
2542,"Ice Cream & Desserts","Veeba Mint Mayonnaise",169.00,8.00,4,155.00,300,False,300
2543,"Ice Cream & Desserts","Mccain Emotibites - Crispy Happy Potato Snack",130.00,0.00,6,129.00,415,False,415
2544,"Ice Cream & Desserts","The Whole Truth Energy Bar Choco Cranberry Fudge",60.00,26.00,6,44.00,40,False,40
2545,"Ice Cream & Desserts","Godrej Yummiez Chicken Lucknowi Seekh Kebab",260.00,10.00,4,234.00,400,False,400
2546,"Ice Cream & Desserts","Prasuma Vegetable Momos",150.00,0.00,5,150.00,580,False,10
2547,"Ice Cream & Desserts","Mother's Recipe Mixed Pickle",85.00,9.00,2,77.00,300,False,300
2548,"Ice Cream & Desserts","Sunfeast Yippee! Pasta Treat - Sour Cream Onion",28.00,17.00,3,23.00,65,False,65
2549,"Ice Cream & Desserts","The Whole Truth Peanut Cocoa Protein Bar No Sugar",100.00,26.00,6,74.00,52,False,52
2550,"Ice Cream & Desserts","Yoga Bar Breakfast Muesli - Chocolate & Cranberry ",325.00,4.00,6,309.00,400,False,400
2551,"Ice Cream & Desserts","Sunfeast YiPPee! Magic Masala Noodles",70.00,10.00,3,63.00,405,False,405
2552,"Ice Cream & Desserts","Veeba Sweet Onion Sauce",141.00,14.00,4,121.00,350,False,350
2553,"Ice Cream & Desserts","Quaker Oats Breakfast Cereals - With Flavour Mix Nutritious Rich Source Of Energy",49.00,8.00,6,45.00,200,False,200
2554,"Ice Cream & Desserts","Mother's Recipe Tamarind Paste",50.00,2.00,6,49.00,200,False,200
2555,"Ice Cream & Desserts","Yogabar No Added Sugar Protein Bar Brownie",125.00,15.00,4,106.00,60,False,60
2556,"Ice Cream & Desserts","Bambino Popular Vermicelli ",40.00,2.00,3,39.00,400,False,400
2557,"Ice Cream & Desserts","Ching's Secret Mix Veg Instant Soup",10.00,0.00,3,10.00,15,False,15
2558,"Ice Cream & Desserts","Mother's Recipe Pickle - Red Stuffed Chilli",145.00,11.00,3,129.00,400,False,400
2559,"Ice Cream & Desserts","Kellogg's No Added Sugar Muesli",335.00,11.00,6,298.00,500,False,500
2560,"Ice Cream & Desserts","Veeba Salsa Dip",119.00,6.00,6,111.00,360,False,360
2561,"Ice Cream & Desserts","Veeba Thousand Island Dressing",149.00,8.00,6,137.00,300,False,300
2562,"Ice Cream & Desserts","Baggry's Crunchy Muesli Almond Raisins & Honey",130.00,0.00,5,130.00,200,False,200
2563,"Ice Cream & Desserts","Knorr Chinese Hot And Sour Veg Soup",55.00,3.00,1,53.00,43,False,43
2564,"Ice Cream & Desserts","Go Cheese Spread - Garlic",99.00,5.00,6,94.00,200,False,200
2565,"Ice Cream & Desserts","The Whole Truth Peanut Butter With Dates - Creamy No Sugar",215.00,9.00,6,194.00,325,False,325
2566,"Ice Cream & Desserts","Zorabian Chicken Smoked Ham",205.00,5.00,1,194.00,250,False,250
2567,"Ice Cream & Desserts","Kissan Pineapple Jam",165.00,9.00,1,149.00,500,False,500
2568,"Ice Cream & Desserts","Smith & Jones Masala Noodles",89.00,0.00,5,89.00,480,False,480
2569,"Ice Cream & Desserts","Nestle Nestle Nan Pro Follow-Up Formula",650.00,0.00,6,650.00,400,False,400
2570,"Ice Cream & Desserts","Sunfeast Yippee! Power Up Atta Noodles",96.00,15.00,6,81.00,280,False,280
2571,"Ice Cream & Desserts","McCain Super Wedges",120.00,7.00,6,111.00,400,False,400
2572,"Ice Cream & Desserts","Kellogg's Crunchy Granola Honey, Almonds, Strawberries & Pumpkin Seeds",330.00,10.00,1,294.00,450,False,450
2573,"Ice Cream & Desserts","Kellogg's Chocos",130.00,10.00,6,117.00,250,False,250
2574,"Ice Cream & Desserts","Ching's Secret Just Soak - Whole Wheat Veg Hakka Noodle",32.00,0.00,3,32.00,150,False,150
2575,"Ice Cream & Desserts","The Whole Truth Vegan Fig Apricot & Orange Energy Bar No Sugar",60.00,20.00,6,48.00,40,False,40
2576,"Ice Cream & Desserts","Saffola Veggie Twist Masala Oats",195.00,12.00,2,171.00,500,False,500
2577,"Ice Cream & Desserts","ITC Master Chef Classic Aloo Tikki",80.00,10.00,3,72.00,320,False,320
2578,"Ice Cream & Desserts","Smith & Jones Pink Pasta Sauce Mix",40.00,0.00,4,40.00,46,False,46
2579,"Ice Cream & Desserts","Wingreens Farms Chipotle Dip",200.00,25.00,1,150.00,180,False,180
2580,"Ice Cream & Desserts","Kellogg's Real Almond & Honey Corn Flakes",550.00,5.00,3,520.00,1000,False,1
2581,"Ice Cream & Desserts","Kellogg's Crunchy Granola Chocolate & Almonds",330.00,10.00,3,294.00,450,False,450
2582,"Ice Cream & Desserts","Cornitos Cornitos Taco Shells - 6 Inches",160.00,20.00,4,128.00,180,False,180
2583,"Ice Cream & Desserts","Ching's Secret Singapore Curry Instant Noodles",15.00,0.00,3,15.00,60,False,60
2584,"Ice Cream & Desserts","Mother's Recipe Pickle - Mango",125.00,9.00,6,113.00,400,False,500
2585,"Ice Cream & Desserts","Godrej Yummiez Chilli Chicken Sausages ",160.00,10.00,3,144.00,250,False,250
2586,"Ice Cream & Desserts","Pedigree Dentastix  Dog Treat Oral Care for Adult Medium Breed ",175.00,20.00,6,140.00,180,False,180
2587,"Ice Cream & Desserts","Maggi Hot & Sweet - Tomato Chilli Sauce",170.00,10.00,1,153.00,1000,False,1
2588,"Ice Cream & Desserts","Ching's Secret Asian Hot Instant Soup",15.00,0.00,3,15.00,15,False,15
2589,"Ice Cream & Desserts","Kelloggç´ Chocos Protein And Fibre Of 1 Roti",499.00,11.00,6,444.00,1200,False,1
2590,"Ice Cream & Desserts","Mother's Recipe Pickle - Mango",149.00,26.00,4,109.00,500,False,500
2591,"Ice Cream & Desserts","Chings Secret Manchurian Instant Noodle",60.00,0.00,6,60.00,240,False,240
2592,"Ice Cream & Desserts","Kellogg's Original Corn Flakes",310.00,6.00,6,290.00,875,False,875
2593,"Ice Cream & Desserts","Ching's Singapore Curry Instant Noodles",60.00,0.00,4,60.00,240,False,240
2594,"Ice Cream & Desserts","Kellogg's Almonds And Cranberries Granola",330.00,6.00,6,310.00,460,False,460
2595,"Ice Cream & Desserts","Nestle Ceregrow Multigrain Cereal with Milk and Fruits - 3 to 6 years",292.00,0.00,6,292.00,300,False,300
2596,"Ice Cream & Desserts","MTR 3 Minute Breakfast - Magic Masala Upma",25.00,0.00,6,25.00,60,False,60
2597,"Ice Cream & Desserts","Smith & Jones Masala Noodles",68.00,10.00,5,61.00,360,False,360
2598,"Ice Cream & Desserts","Knorr Classic Tomato Soup With 100% Real Vegetabls, No Added Preservatives",55.00,0.00,6,55.00,53,False,53
2599,"Ice Cream & Desserts","Godrej Yummiez Chicken Punjabi Tikka ",295.00,9.00,6,266.00,360,False,360
2600,"Ice Cream & Desserts","Kellogg's Corn Flakes",425.00,9.00,1,383.00,1000,False,1
2601,"Ice Cream & Desserts","Kelloggs Chocos",170.00,5.00,4,160.00,385,False,385
2602,"Ice Cream & Desserts","Pedigree Puppy Dry Dog Food Food Chicken & Milk",290.00,20.00,6,232.00,1200,False,1200
2603,"Ice Cream & Desserts","Ching's Secret Lemon Coriander Instant Soup",15.00,0.00,5,15.00,15,False,15
2604,"Ice Cream & Desserts","Nestle Cerelac Baby Cereal With Milk Wheat-Rice Mixed Fruit",261.00,0.00,6,261.00,300,False,300
2605,"Ice Cream & Desserts","Kelloggs Chocos - Moons & Stars",660.00,40.00,4,396.00,1200,False,1
2606,"Ice Cream & Desserts","ITC Master Chef Chicken Galouti Kebab",170.00,4.00,2,162.00,210,False,210
2607,"Ice Cream & Desserts","Yogabar 100% Pure Peanut Butter Creamy & Yummy Unsweetened",229.00,10.00,6,206.00,400,False,400
2608,"Ice Cream & Desserts","Kitchens Of India Palak Paneer",130.00,30.00,6,91.00,285,False,285
2609,"Ice Cream & Desserts","Kelloggs Chocos Fills Double Chocolat",99.00,11.00,6,88.00,175,False,175
2610,"Ice Cream & Desserts","Soulfull Ragi Bites Choco Fills",169.00,5.00,4,160.00,250,False,250
2611,"Ice Cream & Desserts","Figaro Sliced Black Olive ",179.00,0.00,6,179.00,450,False,450
2612,"Ice Cream & Desserts","Veeba Barbeque Sauce",149.00,8.00,6,137.00,330,False,330
2613,"Ice Cream & Desserts","The Whole Truth Vegan Mocha Almond Fudge Energy Bar No Sugar",60.00,20.00,6,48.00,40,False,40
2614,"Ice Cream & Desserts","The Whole Truth - Nuts, Fruits & Seeds Muesli",325.00,20.00,6,260.00,350,False,350
2615,"Ice Cream & Desserts","Pantai Green Curry Paste",150.00,14.00,5,128.00,114,False,114
2616,"Ice Cream & Desserts","Kelloggs Special K",210.00,8.00,5,192.00,435,False,435
2617,"Ice Cream & Desserts","Moi Soi Sichuan Chilli Oil- For Stir Fry Marinade Spread & Dip",280.00,50.00,5,140.00,175,False,175
2618,"Ice Cream & Desserts","Mother's Recipe Madras Appalam",50.00,10.00,6,45.00,100,False,100
2619,"Ice Cream & Desserts","Top Ramen Masala Oat Masala",80.00,10.00,6,72.00,280,False,280
2620,"Ice Cream & Desserts","Saffola Everyday Peppy Tomato Masala Oats",195.00,12.00,6,171.00,500,False,500
2621,"Ice Cream & Desserts","Ching's Secret Instant Noodles, Hot Garlic",60.00,0.00,4,60.00,240,False,240
2622,"Ice Cream & Desserts","Kitchens Of India Chicken Chettinad",200.00,30.00,1,140.00,285,False,285
2623,"Ice Cream & Desserts","Nestle Cerelac Wheat - Stage 1",190.00,0.00,6,190.00,300,False,300
2624,"Ice Cream & Desserts","Sumeru Aloo Paratha",119.00,5.00,6,113.00,400,False,400
2625,"Ice Cream & Desserts","ITC Master Chef Veggie Pizza Pocket",170.00,4.00,4,162.00,340,False,340
2626,"Ice Cream & Desserts","Wingreens Farms Tangy Cheese Pita Chips & Mexican Salsa Dip",60.00,15.00,1,51.00,70,False,70
2627,"Ice Cream & Desserts","Ching's Secret Manchow Soup",55.00,0.00,3,55.00,55,False,55
2628,"Ice Cream & Desserts","Veeba Carrot & Cucumber Sandwich Spread",85.00,10.00,6,76.00,250,False,250
2629,"Ice Cream & Desserts","Kellogg's Real Almond & Honey Corn Flakes",370.00,12.00,3,324.00,650,False,650
2630,"Ice Cream & Desserts","Kitchens Of India Mughlai Paneer",160.00,30.00,4,112.00,285,False,285
2631,"Ice Cream & Desserts","Ching's Secret Just Soak - Veg Hakka Noodles",30.00,0.00,5,30.00,150,False,150
2632,"Ice Cream & Desserts","Ching's Secret Chowmein Hakka Noodles Masala",60.00,10.00,2,54.00,100,False,100
2633,"Ice Cream & Desserts","The Whole Truth Dark Chocolate Peanut Butter - Crunchy",235.00,20.00,5,188.00,325,False,325
2634,"Ice Cream & Desserts","Mother's Recipe Bhel Puri Chutney",55.00,9.00,4,50.00,200,False,200
2635,"Ice Cream & Desserts","Kelloggs Chocos Moon & Stars",330.00,10.00,6,294.00,680,False,680
2636,"Ice Cream & Desserts","Mother's Recipe Lime Pickle ",120.00,5.00,1,114.00,400,False,400
2637,"Ice Cream & Desserts","Kitchens of India Dal Makhani",110.00,30.00,2,77.00,285,False,285
2638,"Ice Cream & Desserts","Pantai Light Soy Sauce",275.00,14.00,5,234.00,200,False,200
2639,"Ice Cream & Desserts","Ching's Secret Sweet Corn Soup",55.00,0.00,6,55.00,55,False,55
2640,"Ice Cream & Desserts","Top Ramen Noodles, Atta",80.00,0.00,1,80.00,280,False,280
2641,"Ice Cream & Desserts","Cantina Tortilla Dip Sauce Sour Creamy Tex Mex",225.00,15.00,5,191.00,190,False,190
2642,"Ice Cream & Desserts","Dabur Hommade - Rajasthan Ki Garlic Chutne",65.00,6.00,6,61.00,200,False,200
2643,"Ice Cream & Desserts","MTR Seviyan Vermicelli ",42.00,0.00,2,42.00,400,False,400
2644,"Ice Cream & Desserts","Pantai Oyster Sauce",275.00,14.00,4,234.00,200,False,200
2645,"Ice Cream & Desserts","Go Cheese Spread - Four Pepper (Soft & Creamy)",99.00,5.00,6,94.00,200,False,200
2646,"Ice Cream & Desserts","MTR Ready To Eat Paneer Butter Masala",135.00,9.00,2,122.00,300,False,300
2647,"Ice Cream & Desserts","Nestle Lactogen Stage 2 Follow-up Formula Powder",340.00,0.00,2,340.00,400,False,400
2648,"Ice Cream & Desserts","Kellogg's Crunchy Bites Chocos",190.00,10.00,6,171.00,375,False,375
2649,"Ice Cream & Desserts","Veeba Hot Sweet Tomato Chilli Sauce",104.00,20.00,3,83.00,500,False,500
2650,"Ice Cream & Desserts","Borges Durum Wheat Pasta Superior Quality",250.00,40.00,6,149.00,500,False,500
2651,"Ice Cream & Desserts","Funfoods Peanut Butter Crunchy",169.00,7.00,1,156.00,400,False,400
2652,"Ice Cream & Desserts","Pantai Red Curry Paste",60.00,0.00,4,60.00,50,False,50
2653,"Ice Cream & Desserts","ITC Master Chef Chicken Seekh Kabab",325.00,0.00,6,325.00,500,False,500
2654,"Ice Cream & Desserts","Del Monte Pizza & Pasta Sauce Spout Pack",99.00,0.00,3,99.00,400,False,400
2655,"Ice Cream & Desserts","Pantai Sriracha Red Chilli Sauce",225.00,15.00,6,191.00,200,False,200
2656,"Ice Cream & Desserts","Hershey's Cocoa Spread",295.00,0.00,3,295.00,350,False,350
2657,"Ice Cream & Desserts","Maggi Ghee Tadka Upma Express Pouch",25.00,0.00,6,25.00,65,False,65
2658,"Ice Cream & Desserts","Ching's Secret Manchurian Noodles",91.00,0.00,5,91.00,360,False,360
2659,"Ice Cream & Desserts","Kellogg's All Bran Wheat Flakes",220.00,6.00,5,205.00,425,False,425
2660,"Ice Cream & Desserts","Yummiez Chicken Breakfast Sausages",150.00,0.00,3,150.00,250,False,250
2661,"Ice Cream & Desserts","Pantai Red Curry Paste",150.00,14.00,3,128.00,114,False,114
2662,"Ice Cream & Desserts","Bagrrys Muesli Crunchy Fruit & Nut With Cranberries",330.00,10.00,6,297.00,400,False,400
2663,"Ice Cream & Desserts","Quaker Oats Pouch",276.00,10.00,6,248.00,1500,False,1
2664,"Ice Cream & Desserts","Prasuma Momos -  Cheesy Spicy Veg",295.00,0.00,6,295.00,24,False,24
2665,"Ice Cream & Desserts","Veeba Sriracha Chilli Garlic Sauce",149.00,8.00,5,137.00,320,False,320
2666,"Ice Cream & Desserts","Ching's Secret Just Soak - Veg Hakka Noodles",115.00,0.00,6,115.00,600,False,600
2667,"Ice Cream & Desserts","Moi Soi Kung Pao Sauce - For Stir Fry Marinade Spread & Dip",280.00,50.00,5,140.00,175,False,175
2668,"Ice Cream & Desserts","Figaro Plain Green Olive ",179.00,0.00,6,179.00,450,False,450
2669,"Ice Cream & Desserts","Mother's Recipe Gujrati Gorkeri Pickle",140.00,10.00,3,126.00,500,False,500
2670,"Ice Cream & Desserts","Kellogg's Muesli 20% Nuts Delight",320.00,0.00,6,320.00,500,False,500
2671,"Ice Cream & Desserts","Borges Farfalle Durum Wheat Pasta ",250.00,0.00,5,250.00,500,False,500
2673,"Ice Cream & Desserts","Nestle Nan Pro 4 Follow Up Formula Powder For Older Infants ",620.00,0.00,1,620.00,400,False,400
2674,"Ice Cream & Desserts","Veeba Truly Tomato Ketchup",99.00,20.00,6,79.00,500,False,500
2675,"Ice Cream & Desserts","Ching's Secret Green Chilli Sauce",85.00,4.00,1,81.00,680,False,680
2676,"Ice Cream & Desserts","MTR Roasted Vermicelli ",55.00,0.00,1,55.00,400,False,400
2677,"Ice Cream & Desserts","Mother's Recipe Punjabi Teekha Mang Pickle",120.00,10.00,4,108.00,400,False,400
2678,"Ice Cream & Desserts","Ching's Secret Hot Garlic Instant Noodles",114.00,0.00,6,114.00,480,False,480
2679,"Ice Cream & Desserts","Kellogg's Real Honey Corn Flakes",290.00,7.00,5,267.00,630,False,630
2680,"Ice Cream & Desserts","ITC Master Chef Lebanese Falafel Kebab",130.00,4.00,4,124.00,230,False,230
2681,"Ice Cream & Desserts","Kelloggs Chocos Fills Double Chocolaty",185.00,10.00,5,165.00,250,False,250
2682,"Ice Cream & Desserts","Organic India Apple Cider Vinegar",595.00,9.00,2,536.00,500,False,500
2683,"Ice Cream & Desserts","Masala Oats Masala & Coriander ",195.00,9.00,5,176.00,500,False,500
2684,"Ice Cream & Desserts","Ching's Secret  Noodles - Pad Thai Lemongras",200.00,0.00,5,200.00,130,False,130
2685,"Ice Cream & Desserts","Bagrrys Fruit and Nut Muesli with Cranberries",499.00,0.00,5,499.00,750,False,750
2686,"Ice Cream & Desserts","Kitchens Of India Yellow Dal Tadka",110.00,30.00,6,77.00,285,False,285
2687,"Ice Cream & Desserts","Soulfull Vanilla Fills - Ragi Bites",169.00,5.00,6,160.00,250,False,250
2688,"Ice Cream & Desserts","Pantai Teriyaki Sauce with Garlic",325.00,15.00,6,276.00,200,False,200
2689,"Ice Cream & Desserts","Whiskas Adult Pocket Tuna Cat Food",410.00,0.00,1,410.00,1200,False,1
2690,"Ice Cream & Desserts","Kitchens Of India Chicken Darbari ",200.00,30.00,4,140.00,285,False,285
2691,"Ice Cream & Desserts","Soulfull Millet Muesli Fruit & Nut Almonds & Real Fruits",299.00,10.00,6,269.00,400,False,400
2692,"Ice Cream & Desserts","Smith & Jones Red Pasta Sauce Mix",40.00,0.00,6,40.00,46,False,46
2693,"Ice Cream & Desserts","Kellogg's Muesli Nuts Delight",425.00,9.00,3,383.00,750,False,750
2694,"Ice Cream & Desserts","Kitchens of India Dal Bukhara Gravy Mix",110.00,30.00,6,77.00,285,False,285
2695,"Ice Cream & Desserts","The Whole Truth Peanut Butter - Sweetened & Crunchy",215.00,20.00,6,172.00,325,False,325
2696,"Ice Cream & Desserts","Remia Mayonnaise",230.00,0.00,6,230.00,241,False,241
2697,"Ice Cream & Desserts","Ching's Secret Green Chilli Sauce",105.00,0.00,6,105.00,425,False,425
2698,"Ice Cream & Desserts","Bagrrys Fruit N Fibre Muesli - Strawberry",595.00,0.00,1,595.00,1000,False,1
2699,"Ice Cream & Desserts","Ching's Secret Tomato Oats Instant Soup",15.00,0.00,3,15.00,20,False,20
2700,"Ice Cream & Desserts","Kellogg's Special K Original Corn Flakes",140.00,5.00,1,133.00,290,False,290
2701,"Ice Cream & Desserts","Moi Soi  Black Bean Sauce - Dip Spread Stir Fry & Marinade",280.00,50.00,5,140.00,175,False,175
2702,"Ice Cream & Desserts","Tong Garden Wasabi Green Peas",175.00,4.00,6,167.00,150,False,150
2703,"Ice Cream & Desserts","Ching's Secret Red Chilli Sauce",105.00,0.00,4,105.00,440,False,440
2704,"Ice Cream & Desserts","Ching's Instant Hot and Sour Soup",55.00,0.00,5,55.00,55,False,55
2705,"Ice Cream & Desserts","Ching's Secret Noodles - Pad Thai Original",200.00,0.00,6,200.00,130,False,130
2706,"Ice Cream & Desserts","Aashirvaad Instant Meals - Khatta Meetha Pohaa With Millets",55.00,30.00,5,38.00,80,False,80
2707,"Ice Cream & Desserts","Del Monte Black Sliced Olives",250.00,0.00,1,250.00,450,False,450
2708,"Ice Cream & Desserts","Kitchens Of India Murgh Methi",220.00,30.00,5,154.00,285,False,285
2709,"Ice Cream & Desserts","Nestle Cerelac 5 Grains & Fruits Cereal",288.00,0.00,6,288.00,300,False,300
2710,"Ice Cream & Desserts","The Whole Truth - 5 Grain Muesli No Added Sugar",325.00,20.00,6,260.00,350,False,350
2711,"Ice Cream & Desserts","Ching's Secret  Pad Thai Noodles Green Curry",200.00,0.00,6,200.00,130,False,130
2712,"Ice Cream & Desserts","Aashirvaad Suji Halwa With Jaggery",75.00,0.00,6,75.00,70,False,70
2713,"Ice Cream & Desserts","Mother's Recipe Mango Pickle ",120.00,0.00,1,120.00,400,False,400
2714,"Ice Cream & Desserts","Ching's Secret Pad Thai Noodles - Extra Hot Thai Chilli",200.00,0.00,6,200.00,130,False,130
2715,"Ice Cream & Desserts","Kellogg's Special K Original Corn Flakes",399.00,11.00,6,355.00,900,False,900
2716,"Ice Cream & Desserts","Knorr Sweet Corn Chicken Soup",55.00,0.00,2,55.00,42,False,42
2717,"Ice Cream & Desserts","Ching's Secret Tomato Soup",55.00,0.00,6,55.00,55,False,55
2718,"Ice Cream & Desserts","Funfoods Peanut Butter Creamy",169.00,0.00,1,169.00,400,False,400
2719,"Ice Cream & Desserts","Japanese Choice Udon Noodles",295.00,9.00,6,266.00,250,False,250
2720,"Ice Cream & Desserts","Kelloggs Muesli - With 22% Fruit Magic",320.00,10.00,5,288.00,500,False,500
2721,"Ice Cream & Desserts","Dabur Hommade - Kalonji Tamatar Ki Chutney",65.00,6.00,6,61.00,200,False,200
2722,"Ice Cream & Desserts","Kitchens Of India Dal Makhani",110.00,30.00,1,77.00,285,False,285
2723,"Ice Cream & Desserts","Aashirvaad Suji Halwa With Jaggery",55.00,30.00,6,38.00,80,False,80
2724,"Ice Cream & Desserts","Del Monte Green Chili Sauce",55.00,0.00,3,55.00,190,False,190
2725,"Ice Cream & Desserts","Pedigree Dog Food Adult Chicken & Veg",660.00,10.00,1,594.00,3000,False,3
2726,"Ice Cream & Desserts","Kellogg's Original Corn Flakes",185.00,5.00,6,175.00,475,False,475
2727,"Ice Cream & Desserts","Pedigree Puppy Dry Dog Food Food Chicken & Milk",690.00,6.00,2,648.00,3000,False,3
2728,"Ice Cream & Desserts","Kitchens Of India Rajma Masala",110.00,30.00,5,77.00,285,False,285
2729,"Ice Cream & Desserts","Kitchen Of India Ready-To-Eat Pindi Channa",110.00,30.00,2,77.00,285,False,285
2730,"Ice Cream & Desserts","Figaro Pitted Black Olive ",179.00,0.00,6,179.00,450,False,450
2731,"Ice Cream & Desserts","Cantina Tabasco Red Sauce",140.00,15.00,6,119.00,60,False,60
2732,"Ice Cream & Desserts","Mother's Recipe Pickle - Mixed",149.00,26.00,6,109.00,500,False,500
2733,"Ice Cream & Desserts","Nestle Cerelac Baby Cereal with Milk 5 Grains & Vegetables from 18 to 24 Month",279.00,0.00,5,279.00,300,False,300
2734,"Ice Cream & Desserts","Mother's Recipe Tamarind Paste",50.00,2.00,2,49.00,200,False,200
2735,"Ice Cream & Desserts","Pedigree Meat Jerky Adult Dog Treat Barbecued Chicken",140.00,20.00,6,112.00,80,False,80
2736,"Ice Cream & Desserts","Veeba Peri Peri Sauce",161.00,0.00,6,161.00,300,False,300
2737,"Ice Cream & Desserts","Pantai Sriracha Yellow Chilli Sauce",225.00,15.00,6,191.00,200,False,200
2738,"Ice Cream & Desserts","Praakritik Organic Jumbo Rolled Oats",190.00,11.00,6,169.00,500,False,500
2739,"Ice Cream & Desserts","Ching's Secret Just Soak - Whole Wheat Veg Hakka Noodles",123.00,0.00,6,123.00,600,False,600
2740,"Ice Cream & Desserts","Pantai Spring Roll Sauce",275.00,10.00,6,245.00,200,False,200
2741,"Ice Cream & Desserts","MTR Vermicelli Payasam",75.00,0.00,6,75.00,180,False,180
2742,"Ice Cream & Desserts","Bagrrys Corn Flakes",350.00,0.00,6,350.00,880,False,800
2743,"Ice Cream & Desserts","MTR Ready To Eat Palak Paneer ",135.00,11.00,6,120.00,300,False,300
2744,"Ice Cream & Desserts","Del Monte Red Chili Sauce",55.00,0.00,5,55.00,190,False,190
2745,"Ice Cream & Desserts","Kitchens of India Mutter Paneer Mix",120.00,30.00,4,84.00,285,False,285
2746,"Ice Cream & Desserts","Pantai Green Curry Paste",60.00,6.00,6,56.00,50,False,50
2747,"Ice Cream & Desserts","The Laughing Cow Cheese Spread Plain",110.00,0.00,6,110.00,180,False,180
2748,"Ice Cream & Desserts","MTR Dal Fry",110.00,0.00,5,110.00,300,False,300
2749,"Ice Cream & Desserts","Pantai Fish Sauce",275.00,14.00,6,234.00,200,False,200
2750,"Ice Cream & Desserts","Cantina Beans Mexican Beans",250.00,14.00,6,213.00,410,False,410
2751,"Ice Cream & Desserts","Ching's Secret Manchurian Instant Noodle",114.00,0.00,6,114.00,480,False,480
2752,"Ice Cream & Desserts","Remia Salad Italian Dressing ",230.00,0.00,6,230.00,250,False,250
2753,"Ice Cream & Desserts","Yummiez Veg Cheese Fingers Pouch",230.00,0.00,4,230.00,400,False,400
2754,"Ice Cream & Desserts","MTR Dal Makhani",110.00,0.00,4,110.00,300,False,300
2755,"Ice Cream & Desserts","MTR Ready to Eat Pav Bhaji",110.00,0.00,6,110.00,300,False,300
2756,"Ice Cream & Desserts","Weikfield Tomato Salsa Instant Pasta",25.00,0.00,1,25.00,77,False,77
2757,"Ice Cream & Desserts","Nestlã»CERELAC Baby Cereal with Milk",272.00,0.00,1,272.00,300,False,300
2758,"Ice Cream & Desserts","Remia Salad Caesar Dressing",250.00,0.00,6,250.00,250,False,250
2759,"Ice Cream & Desserts","Bagrrys Fruit N Fibre Muesli Mixed Fruit",330.00,0.00,6,330.00,500,False,500
2760,"Ice Cream & Desserts","MTR Paneer Butter Masala & Veg Pulao",175.00,9.00,4,158.00,375,False,375
2761,"Ice Cream & Desserts","Sundrop Cocoa Nut Hazelnut Chocolatey Spread",120.00,0.00,6,120.00,160,False,160
2762,"Ice Cream & Desserts","Moi Soi Manchurian Sauce - For Stir Fry Marinade Spread & Dip",280.00,50.00,6,140.00,175,False,175
2763,"Ice Cream & Desserts","Pedigree Dog Food Adult Meat & Rice",660.00,7.00,2,608.00,3000,False,3
2764,"Ice Cream & Desserts","Pantai Sriracha Green Chilli Sauce",225.00,15.00,6,191.00,200,False,200
2765,"Ice Cream & Desserts","Pantai Chilli Garlic Sauce",275.00,14.00,6,234.00,200,False,200
2766,"Ice Cream & Desserts","Pantai Dark Soy Sauce",275.00,14.00,6,234.00,200,False,200
2767,"Ice Cream & Desserts","Yoga Bar Peanut Butter Dark Chocolate Jar",249.00,0.00,4,249.00,400,False,400
2768,"Ice Cream & Desserts","Cantina Tabasco Green Sauce",140.00,15.00,6,119.00,60,False,60
2769,"Ice Cream & Desserts","Pantai Pad Thai Sauce (Non-Veg)",325.00,9.00,5,293.00,200,False,200
2770,"Ice Cream & Desserts","Pantai Sweet Chilli Sauce",275.00,14.00,6,234.00,200,False,200
2771,"Ice Cream & Desserts","Ching's Secret Schezwan Instant Noodle",114.00,0.00,6,114.00,480,False,480
2772,"Ice Cream & Desserts","Yummiez Chicken Garlic Fingers Pouch",250.00,0.00,5,250.00,400,False,400
2773,"Ice Cream & Desserts","Pediasure Premium Chocolate Powdered Health Drink",610.00,0.00,2,610.00,400,False,400
2774,"Ice Cream & Desserts","Chings Secret Hot Garlic Instant Noodles",91.00,0.00,6,91.00,60,False,60
2775,"Ice Cream & Desserts","Godrej Yummiez Cheese Corn Nuggets ",230.00,0.00,4,230.00,400,False,400
2776,"Ice Cream & Desserts","Pantai Hot Chilli Sauce",275.00,14.00,6,234.00,200,False,200
2777,"Ice Cream & Desserts","Knorr International Mexican Tomato Corn Soup ",65.00,6.00,3,61.00,52,False,52
2778,"Ice Cream & Desserts","Bagrry's Fruit Fibre Muesli Mixed Fruit ",595.00,0.00,5,595.00,1000,False,1
2779,"Ice Cream & Desserts","MTR Roasted Vermicelli ",105.00,0.00,4,105.00,850,False,850
2780,"Ice Cream & Desserts","Maggi 2-Minute Instant Noodles - Masala",44.00,0.00,0,44.00,280,True,280
2781,"Ice Cream & Desserts","Kurkure Green Chutney, Rajasthani Style",20.00,0.00,0,20.00,90,True,90
2782,"Ice Cream & Desserts","Kellogg's Chocos Combo Pack",60.00,6.00,0,56.00,156,True,156
2783,"Ice Cream & Desserts","Kissan Mixed Fruit Jam ",155.00,0.00,0,155.00,500,True,500
2784,"Ice Cream & Desserts","Lijjat Urad Papad",60.00,5.00,0,57.00,200,True,200
2785,"Ice Cream & Desserts","Amul Cheese Spread Yummy Plain",85.00,0.00,0,85.00,200,True,200
2786,"Ice Cream & Desserts","Mother's Recipe Ginger And Garlic Paste",50.00,24.00,0,38.00,200,True,200
2787,"Ice Cream & Desserts","Maggi Magic Cubes Chicken",40.00,2.00,0,39.00,40,True,40
2788,"Ice Cream & Desserts","Pedigree Puppy Chicken Chunks in Gravy ",35.00,2.00,0,34.00,70,True,70
2789,"Ice Cream & Desserts","The Whole Truth Peanut Butter - Unsweetened & Crunchy",185.00,20.00,0,148.00,325,True,325
2790,"Ice Cream & Desserts","Ching's Chow Mein Hakka Noodles Masala",10.00,0.00,0,10.00,20,True,20
2791,"Ice Cream & Desserts","Safal Frozen Mixed Vegetables",60.00,5.00,0,57.00,500,True,500
2792,"Ice Cream & Desserts","Safal Frozen Corn",41.00,4.00,0,39.00,200,True,200
2793,"Ice Cream & Desserts","Amul Cheese Spread Spicy Garlic",85.00,3.00,0,82.00,200,True,200
2794,"Ice Cream & Desserts","Ching's Secret Veg Hakka Noodles",107.00,0.00,0,107.00,600,True,600
2795,"Ice Cream & Desserts","Saffola Oats 100 % Natural",15.00,0.00,0,15.00,38,True,38
2796,"Ice Cream & Desserts","Lijjat Moong Papad",60.00,5.00,0,57.00,200,True,200
2797,"Ice Cream & Desserts","Mothers Recipe Papad - Sabudana With Rock Salt",31.00,9.00,0,28.00,70,True,70
2798,"Ice Cream & Desserts","Maggi Chilly Chow Cuppa Noodles",50.00,0.00,0,50.00,70,True,70
2799,"Ice Cream & Desserts","Veeba Favourites Eggless Burger Mayonnaise",69.00,8.00,0,63.00,250,True,250
2800,"Ice Cream & Desserts","Sunfeast Yippee! Magic Masala Noodles",48.00,6.00,0,45.00,240,True,240
2802,"Ice Cream & Desserts","Kelloggs Corn Flakes With Real Strawberry Pure",265.00,10.00,0,236.00,575,True,575
2803,"Ice Cream & Desserts","Mother's Recipe Potato Papad",31.00,9.00,0,28.00,70,True,75
2804,"Ice Cream & Desserts","Mothers Recipe Rice Papad Ajwain",24.00,0.00,0,24.00,75,True,75
2805,"Ice Cream & Desserts","Chef's Basket Durum Wheat Penne Pasta",160.00,50.00,0,80.00,500,True,500
2806,"Ice Cream & Desserts","Dabur Hommade - Imli Sauce Saunth",20.00,10.00,0,18.00,100,True,100
2807,"Ice Cream & Desserts","Zorabian Chicken Kheema Parathas",190.00,0.00,0,190.00,300,True,300
2808,"Ice Cream & Desserts","Sunfeast Pasta Treat Pack of Tomato Cheese",28.00,17.00,0,23.00,65,True,65
2809,"Ice Cream & Desserts","Safal Frozen - Sweet Corn",160.00,5.00,0,152.00,1000,True,1
2810,"Ice Cream & Desserts","MTR Vegetable Upma",25.00,0.00,0,25.00,60,True,60
2811,"Ice Cream & Desserts","Del Monte Original Blend Tomato Ketchup Pouch",120.00,7.00,0,111.00,950,True,950
2812,"Ice Cream & Desserts","Del Monte Natural Vinegar ",55.00,3.00,0,53.00,180,True,180
2813,"Ice Cream & Desserts","Del Monte Eggless Mayo",135.00,6.00,0,126.00,500,True,500
2814,"Ice Cream & Desserts","ITC Master Chef Cheesy Corn Triangles",160.00,5.00,0,152.00,320,True,320
2815,"Ice Cream & Desserts","Mother's Recipe Mixed Pickle ",115.00,4.00,0,110.00,400,True,400
2816,"Ice Cream & Desserts","Godrej Yummiez Chicken Breakfast Salami",150.00,4.00,0,143.00,250,True,250
2817,"Ice Cream & Desserts","Hershey's Cocoa + Almond Spread",295.00,9.00,0,266.00,350,True,350
2818,"Ice Cream & Desserts","Maggi Special Masala Spicy Yummy Noodles",72.00,0.00,0,72.00,280,True,280
2819,"Ice Cream & Desserts","Del Monte Schezwan Sauce",55.00,0.00,0,55.00,190,True,190
2820,"Ice Cream & Desserts","Yummiez Green Peas",135.00,0.00,0,135.00,500,True,500
2821,"Ice Cream & Desserts","Yummiez Green Peas",250.00,0.00,0,250.00,1000,True,1
2822,"Ice Cream & Desserts","Yummiez American Sweet Corn",85.00,0.00,0,85.00,400,True,400
2823,"Ice Cream & Desserts","Dr Oetker Cucumber & Carrot Sandwich Spread Veg",79.00,0.00,0,79.00,250,True,250
2824,"Ice Cream & Desserts","Del Monte Pitted Green Olives",250.00,0.00,0,250.00,450,True,450
2825,"Chocolates & Candies","Maggi 2 Minute Masala Noodles",12.00,0.00,6,12.00,70,False,70
2826,"Chocolates & Candies","iD Idli & Dosa Batter ",80.00,15.00,6,68.00,1000,False,1
2827,"Chocolates & Candies","iD Malabar Parota ",80.00,10.00,4,72.00,400,False,400
2828,"Chocolates & Candies","iD Wheat Lachha Paratha",80.00,12.00,6,70.00,400,False,400
2829,"Chocolates & Candies","McCain Aloo Tikki",110.00,4.00,6,105.00,400,False,400
2830,"Chocolates & Candies","McCain Smiles Cripsy Happy Potatoes",120.00,5.00,6,114.00,415,False,415
2831,"Chocolates & Candies","McCain Veggie Burger Patty",115.00,3.00,6,111.00,360,False,360
2832,"Chocolates & Candies","McCain Veggie Fingers",117.00,5.00,6,111.00,400,False,400
2833,"Chocolates & Candies","Amul Delicious Fat Spread - Cholesterol Free",18.00,5.00,6,17.00,100,False,100
2834,"Chocolates & Candies","Whiskas Wetï£° Meal (Adult - Cat Food)ï£° Chicken in Gravy",35.00,2.00,2,34.00,85,False,85
2835,"Chocolates & Candies","McCain Chilli Garlic Potato Bites Crunchy Potato Nuggets",125.00,5.00,1,118.00,420,False,420
2836,"Chocolates & Candies","Ching's Secret Instant Hot Garlic Noodles",15.00,0.00,3,15.00,60,False,60
2837,"Chocolates & Candies","Veeba Eggless Mayonnaise",79.00,11.00,5,70.00,250,False,250
2838,"Chocolates & Candies","Ching's Secret Instant Schezwan Noodles",15.00,0.00,6,15.00,60,False,60
2839,"Chocolates & Candies","Veeba Pasta And Pizza Sauce",75.00,13.00,5,65.00,280,False,280
2840,"Chocolates & Candies","Top Ramen  Noodles Curry Veg Pouch",20.00,0.00,1,20.00,70,False,70
2841,"Chocolates & Candies","Saffola Veggie Twist Masala Oats",15.00,0.00,6,15.00,38,False,38
2842,"Chocolates & Candies","Unibic Almond & Oats Protein Bar",40.00,17.00,4,33.00,30,False,30
2843,"Chocolates & Candies","Quaker Oats",79.00,0.00,2,79.00,400,False,400
2844,"Chocolates & Candies","Amul Delicious Fat Spread - Cholesterol Free",88.00,2.00,2,86.00,500,False,500
2845,"Chocolates & Candies","McCain French Fries",120.00,5.00,1,114.00,420,False,420
2846,"Chocolates & Candies","Ching's Secret Manchow Instant Soup",10.00,0.00,1,10.00,15,False,15
2847,"Chocolates & Candies","McCain Potato Cheese Shotz",130.00,4.00,6,124.00,250,False,250
2848,"Chocolates & Candies","McCain Masala - Fries",120.00,5.00,3,114.00,375,False,375
2849,"Chocolates & Candies","Ching's Secret Schezwan Fried Rice Masala",15.00,0.00,6,15.00,20,False,20
2850,"Chocolates & Candies","McCain New Mini Samosa with Cheese Pizza Style Filling",120.00,1.00,3,118.00,240,False,240
2851,"Chocolates & Candies","McCain Chilli Cheesy Nuggets",130.00,4.00,1,124.00,250,False,250
2852,"Chocolates & Candies","Whiskas Adult (+1 Year) Dry Cat Food, Ocean Fish Flavour",430.00,10.00,6,387.00,1200,False,1
2853,"Chocolates & Candies","Chings Instant Soup - Hot & Sour",10.00,0.00,1,10.00,15,False,15
2854,"Chocolates & Candies","Amul Spray Infant Milk Food",197.00,2.00,6,193.00,500,False,500
2855,"Chocolates & Candies","McCain Smiles - Pudina Chatka",120.00,5.00,3,114.00,375,False,375
2856,"Chocolates & Candies","McCain French Fries Crisp & Delicious",175.00,4.00,3,167.00,750,False,750
2857,"Chocolates & Candies","Ferrero Nutella Hazelnut Spread",220.00,5.00,2,207.00,180,False,180
2858,"Chocolates & Candies","Lijjat Garlic Papad",60.00,5.00,5,57.00,200,False,200
2859,"Chocolates & Candies","Switz Samosa Dough Sheets",90.00,4.00,6,86.00,50,False,50
2860,"Chocolates & Candies","Amul Cheese Spread Creamy",85.00,5.00,6,80.00,180,False,180
2861,"Chocolates & Candies","Maggi Imli Sauce Pichkoo",22.00,0.00,6,22.00,90,False,90
2862,"Chocolates & Candies","Whiskas Kitten (2-12 months) Dry Cat Food Food Ocean Fish",385.00,9.00,5,347.00,1100,False,1100
2863,"Chocolates & Candies","Chings Instant Soup - Sweet Corn Veg",10.00,0.00,2,10.00,15,False,15
2864,"Chocolates & Candies","Whiskas Wetï£° Meal (Kitten - Cat Food)ï£° Chicken in Gravy",35.00,5.00,2,33.00,85,False,85
2865,"Chocolates & Candies","McCain Crazy Fries Masala MixHot 'n' Tangy",120.00,5.00,6,114.00,400,False,400
2866,"Chocolates & Candies","The Whole Truth Double Cocoa Protein Bar No Sugar",100.00,10.00,6,90.00,52,False,52
2867,"Chocolates & Candies","Amul Happy Treats French Fries",68.00,4.00,1,65.00,425,False,425
2868,"Chocolates & Candies","Ferrero Nutella Hazeulnut Spread",380.00,6.00,5,357.00,350,False,350
2869,"Chocolates & Candies","Veeba Chipolte Southwest Dressing",161.00,7.00,4,149.00,300,False,300
2870,"Chocolates & Candies","Ching's Secret Manchow Noodles Instant Soup",15.00,0.00,6,15.00,20,False,20
2871,"Chocolates & Candies","Yoga Bar Breakfast Protein Bar - Blueberry Pie",50.00,12.00,1,44.00,50,False,50
2872,"Chocolates & Candies","Quaker Oats",199.00,7.00,6,184.00,1000,False,1
2873,"Chocolates & Candies","The Whole Truth Mini Protein Bar - Coconut Cocoa No Added Sugar",55.00,25.00,6,41.00,27,False,27
2874,"Chocolates & Candies","Switz Spring Roll Dough Sheets",90.00,4.00,6,86.00,1160,False,20
2875,"Chocolates & Candies","Unibic Fruit & Nut Real Cranberries & Almonds Protein Bar",40.00,17.00,6,33.00,30,False,30
2876,"Chocolates & Candies","Ching's Secret Tomato Instant Soup",10.00,0.00,1,10.00,16,False,15
2877,"Chocolates & Candies","Chef's Basket Durum Wheat Elbow Pasta",160.00,50.00,6,80.00,500,False,500
2878,"Chocolates & Candies","Sunfeast Yippee! Mood Masala Noodles",60.00,28.00,3,43.00,260,False,260
2879,"Chocolates & Candies","MTR Breakfast Khatta Meetha Poha Mix",25.00,20.00,6,20.00,60,False,60
2880,"Chocolates & Candies","Kellogg's Crunchy Fruit & Nut Breakfast Cereals Muesli",445.00,9.00,6,401.00,750,False,750
2881,"Chocolates & Candies","Ching's Secret Chilli Vinegar",50.00,0.00,4,50.00,170,False,170
2882,"Chocolates & Candies","Ching's Red Chilli Sauce",55.00,0.00,6,55.00,200,False,200
2883,"Chocolates & Candies","Amul Lite Spread",40.00,2.00,5,39.00,100,False,100
2884,"Chocolates & Candies","Borges Durum Wheat Fusilli Pasta ",250.00,0.00,3,250.00,500,False,500
2885,"Chocolates & Candies","The Whole Truth Cranberry Mini Protein Bar No Sugar",55.00,20.00,6,44.00,27,False,27
2886,"Chocolates & Candies","The Whole Truth Mini Protein Bar - Coffee Cocoa No Added Sugar",55.00,20.00,6,44.00,27,False,27
2887,"Chocolates & Candies","Maggi Hot & Sweet Tomato Chilli Sauce",115.00,0.00,1,115.00,500,False,500
2888,"Chocolates & Candies","Sunfeast YiPPee! Noodles - Magic Masala",96.00,5.00,4,91.00,540,False,540
2889,"Chocolates & Candies","Chef's Basket Durum Wheat Fusilli Pasta",160.00,50.00,6,80.00,500,False,500
2890,"Chocolates & Candies","Top Ramen Chicken Noodles",60.00,10.00,1,54.00,280,False,280
2891,"Chocolates & Candies","Veeba Cheese and Chilli Sandwich Spread",89.00,11.00,6,79.00,275,False,275
2892,"Chocolates & Candies","Chingç´ Secret Chowmein Hakka Noodles Masala ",44.00,0.00,2,44.00,60,False,60
2893,"Chocolates & Candies","Safal Frozen - Mixed Vegetables",110.00,4.00,2,105.00,1000,False,1
2894,"Chocolates & Candies","MTR 3 Min Poha",25.00,0.00,6,25.00,60,False,60
2895,"Chocolates & Candies","Ching's Manchurian Instant Noodles",15.00,0.00,5,15.00,60,False,60
2896,"Chocolates & Candies","The Whole Truth Peanut Cocoa Mini Protein Bar No Sugar ",55.00,25.00,6,41.00,27,False,27
2897,"Chocolates & Candies","Gits Pav Bhaji Ready to Eat",110.00,22.00,6,85.00,300,False,300
2898,"Chocolates & Candies","McCain New Mini Samosa with Cheese Corn Style Filling",120.00,1.00,2,118.00,240,False,240
2899,"Chocolates & Candies","Lijjat Udad Mini Papad",60.00,6.00,6,56.00,200,False,200
2900,"Chocolates & Candies","McCain Herb & Garlic Crazy Fries Masala Mix ",120.00,5.00,5,114.00,400,False,400
2901,"Chocolates & Candies","Yoga Bar Multigrain Energy Bar Nuts And Seeds",40.00,12.00,4,35.00,38,False,38
2902,"Chocolates & Candies","Ching's Secret Sauce, Green Chilli",55.00,0.00,5,55.00,190,False,190
2903,"Chocolates & Candies","Veeba Pizza Topping",75.00,6.00,4,70.00,280,False,280
2904,"Chocolates & Candies","Switz Paratha Puff",110.00,4.00,6,105.00,400,False,400
2905,"Chocolates & Candies","New Kellogg's Muesli with 21% Fruit, Nut & Seeds",325.00,6.00,6,305.00,500,False,500
2906,"Chocolates & Candies","The Whole Truth Double Cocoa Mini Protein Bar No Sugar",55.00,20.00,5,44.00,27,False,27
2907,"Chocolates & Candies","Sunfeast Yippee Tricolor Pasta Seasoning",28.00,17.00,1,23.00,65,False,65
2908,"Chocolates & Candies","Wingreens Cheesy Chipotle Sauce",99.00,49.00,1,50.00,130,False,130
2909,"Chocolates & Candies","Maggi Rich Tomato Ketchup",105.00,4.00,2,100.00,500,False,500
2910,"Chocolates & Candies","The Whole Truth Dark Chocolate Peanut Butter - Creamy",235.00,25.00,6,174.00,325,False,325
2911,"Chocolates & Candies","Godrej Yummiez Chicken Nuggets",325.00,9.00,1,293.00,500,False,500
2912,"Chocolates & Candies","Go Cheese  Spread Plain",99.00,5.00,6,94.00,200,False,200
2913,"Chocolates & Candies","Kellogg's Real Almond & Honey Corn Flakes",175.00,9.00,6,158.00,300,False,300
2914,"Chocolates & Candies","The Whole Truth Vegan Almond Choco Fudge Energy Bar No Sugar",60.00,20.00,6,48.00,40,False,40
2915,"Chocolates & Candies","Prasuma Vegetable Momos",270.00,0.00,5,270.00,24,False,24
2916,"Chocolates & Candies","MTR Upma",50.00,10.00,6,45.00,160,False,160
2917,"Chocolates & Candies","Ching's Schezwan Masala Instant Noodles",60.00,0.00,1,60.00,240,False,240
2918,"Chocolates & Candies","The Whole Truth Cranberry Protein Bar No Sugar",100.00,26.00,6,74.00,52,False,52
2919,"Chocolates & Candies","Saffola Yummy Masala Noodles ",20.00,0.00,2,20.00,46,False,46
2920,"Chocolates & Candies","Veeba English Mustard",74.00,6.00,2,69.00,300,False,300
2921,"Chocolates & Candies","Dabur Hommade Tamarind Paste",48.00,6.00,6,45.00,200,False,200
2922,"Chocolates & Candies","Yoga Bar Breakfast Muesli - Almond Caramel (No Added Sugar)",325.00,4.00,6,309.00,400,False,400
2923,"Chocolates & Candies","The Whole Truth Mini Protein Bar - Peanut Butter No Added Sugar",55.00,25.00,6,41.00,27,False,27
2924,"Chocolates & Candies","ITC Master Chef Crispy Chicken Fries ",170.00,4.00,3,162.00,280,False,280
2925,"Chocolates & Candies","Kelloggs Corn Flakes",99.00,13.00,6,86.00,250,False,250
2926,"Chocolates & Candies","Nissin Cup Noodles Tangy Tomato",50.00,10.00,2,45.00,70,False,70
2927,"Chocolates & Candies","Smith & Jones White Pasta Sauce Mix",40.00,0.00,3,40.00,46,False,46
2928,"Chocolates & Candies","Sunfeast Yippee! Pasta Treat - Sour Cream Onion",28.00,10.00,1,25.00,65,False,65
2929,"Chocolates & Candies","Mothers Recipe Tamrind Date Chutney ",55.00,9.00,2,50.00,200,False,200
2930,"Chocolates & Candies","Veeba Mint Mayonnaise",169.00,8.00,4,155.00,300,False,300
2931,"Chocolates & Candies","Mccain Emotibites - Crispy Happy Potato Snack",130.00,0.00,6,129.00,415,False,415
2932,"Chocolates & Candies","The Whole Truth Energy Bar Choco Cranberry Fudge",60.00,26.00,6,44.00,40,False,40
2933,"Chocolates & Candies","Godrej Yummiez Chicken Lucknowi Seekh Kebab",260.00,10.00,4,234.00,400,False,400
2934,"Chocolates & Candies","Prasuma Vegetable Momos",150.00,0.00,5,150.00,580,False,10
2935,"Chocolates & Candies","Mother's Recipe Mixed Pickle",85.00,9.00,2,77.00,300,False,300
2936,"Chocolates & Candies","Sunfeast Yippee! Pasta Treat - Sour Cream Onion",28.00,17.00,3,23.00,65,False,65
2937,"Chocolates & Candies","The Whole Truth Peanut Cocoa Protein Bar No Sugar",100.00,26.00,6,74.00,52,False,52
2938,"Chocolates & Candies","Yoga Bar Breakfast Muesli - Chocolate & Cranberry ",325.00,4.00,6,309.00,400,False,400
2939,"Chocolates & Candies","Sunfeast YiPPee! Magic Masala Noodles",70.00,10.00,3,63.00,405,False,405
2940,"Chocolates & Candies","Veeba Sweet Onion Sauce",141.00,14.00,4,121.00,350,False,350
2941,"Chocolates & Candies","Quaker Oats Breakfast Cereals - With Flavour Mix Nutritious Rich Source Of Energy",49.00,8.00,6,45.00,200,False,200
2942,"Chocolates & Candies","Mother's Recipe Tamarind Paste",50.00,2.00,6,49.00,200,False,200
2943,"Chocolates & Candies","Yogabar No Added Sugar Protein Bar Brownie",125.00,15.00,4,106.00,60,False,60
2944,"Chocolates & Candies","Bambino Popular Vermicelli ",40.00,2.00,3,39.00,400,False,400
2945,"Chocolates & Candies","Ching's Secret Mix Veg Instant Soup",10.00,0.00,3,10.00,15,False,15
2946,"Chocolates & Candies","Mother's Recipe Pickle - Red Stuffed Chilli",145.00,11.00,3,129.00,400,False,400
2947,"Chocolates & Candies","Kellogg's No Added Sugar Muesli",335.00,11.00,6,298.00,500,False,500
2948,"Chocolates & Candies","Veeba Salsa Dip",119.00,6.00,6,111.00,360,False,360
2949,"Chocolates & Candies","Veeba Thousand Island Dressing",149.00,8.00,6,137.00,300,False,300
2950,"Chocolates & Candies","Baggry's Crunchy Muesli Almond Raisins & Honey",130.00,0.00,5,130.00,200,False,200
2951,"Chocolates & Candies","Knorr Chinese Hot And Sour Veg Soup",55.00,3.00,1,53.00,43,False,43
2952,"Chocolates & Candies","Go Cheese Spread - Garlic",99.00,5.00,6,94.00,200,False,200
2953,"Chocolates & Candies","The Whole Truth Peanut Butter With Dates - Creamy No Sugar",215.00,9.00,6,194.00,325,False,325
2954,"Chocolates & Candies","Zorabian Chicken Smoked Ham",205.00,5.00,1,194.00,250,False,250
2955,"Chocolates & Candies","Kissan Pineapple Jam",165.00,9.00,1,149.00,500,False,500
2956,"Chocolates & Candies","Smith & Jones Masala Noodles",89.00,0.00,5,89.00,480,False,480
2957,"Chocolates & Candies","Nestle Nestle Nan Pro Follow-Up Formula",650.00,0.00,6,650.00,400,False,400
2958,"Chocolates & Candies","Sunfeast Yippee! Power Up Atta Noodles",96.00,15.00,6,81.00,280,False,280
2959,"Chocolates & Candies","McCain Super Wedges",120.00,7.00,6,111.00,400,False,400
2960,"Chocolates & Candies","Kellogg's Crunchy Granola Honey, Almonds, Strawberries & Pumpkin Seeds",330.00,10.00,1,294.00,450,False,450
2961,"Chocolates & Candies","Kellogg's Chocos",130.00,10.00,6,117.00,250,False,250
2962,"Chocolates & Candies","Ching's Secret Just Soak - Whole Wheat Veg Hakka Noodle",32.00,0.00,3,32.00,150,False,150
2963,"Chocolates & Candies","The Whole Truth Vegan Fig Apricot & Orange Energy Bar No Sugar",60.00,20.00,6,48.00,40,False,40
2964,"Chocolates & Candies","Saffola Veggie Twist Masala Oats",195.00,12.00,2,171.00,500,False,500
2965,"Chocolates & Candies","ITC Master Chef Classic Aloo Tikki",80.00,10.00,3,72.00,320,False,320
2966,"Chocolates & Candies","Smith & Jones Pink Pasta Sauce Mix",40.00,0.00,4,40.00,46,False,46
2967,"Chocolates & Candies","Wingreens Farms Chipotle Dip",200.00,25.00,1,150.00,180,False,180
2968,"Chocolates & Candies","Kellogg's Real Almond & Honey Corn Flakes",550.00,5.00,3,520.00,1000,False,1
2969,"Chocolates & Candies","Kellogg's Crunchy Granola Chocolate & Almonds",330.00,10.00,3,294.00,450,False,450
2970,"Chocolates & Candies","Cornitos Cornitos Taco Shells - 6 Inches",160.00,20.00,4,128.00,180,False,180
2971,"Chocolates & Candies","Ching's Secret Singapore Curry Instant Noodles",15.00,0.00,3,15.00,60,False,60
2972,"Chocolates & Candies","Mother's Recipe Pickle - Mango",125.00,9.00,6,113.00,400,False,500
2973,"Chocolates & Candies","Godrej Yummiez Chilli Chicken Sausages ",160.00,10.00,3,144.00,250,False,250
2974,"Chocolates & Candies","Pedigree Dentastix  Dog Treat Oral Care for Adult Medium Breed ",175.00,20.00,6,140.00,180,False,180
2975,"Chocolates & Candies","Maggi Hot & Sweet - Tomato Chilli Sauce",170.00,10.00,1,153.00,1000,False,1
2976,"Chocolates & Candies","Ching's Secret Asian Hot Instant Soup",15.00,0.00,3,15.00,15,False,15
2977,"Chocolates & Candies","Kelloggç´ Chocos Protein And Fibre Of 1 Roti",499.00,11.00,6,444.00,1200,False,1
2978,"Chocolates & Candies","Mother's Recipe Pickle - Mango",149.00,26.00,4,109.00,500,False,500
2979,"Chocolates & Candies","Chings Secret Manchurian Instant Noodle",60.00,0.00,6,60.00,240,False,240
2980,"Chocolates & Candies","Kellogg's Original Corn Flakes",310.00,6.00,6,290.00,875,False,875
2981,"Chocolates & Candies","Ching's Singapore Curry Instant Noodles",60.00,0.00,4,60.00,240,False,240
2982,"Chocolates & Candies","Kellogg's Almonds And Cranberries Granola",330.00,6.00,6,310.00,460,False,460
2983,"Chocolates & Candies","Nestle Ceregrow Multigrain Cereal with Milk and Fruits - 3 to 6 years",292.00,0.00,6,292.00,300,False,300
2984,"Chocolates & Candies","MTR 3 Minute Breakfast - Magic Masala Upma",25.00,0.00,6,25.00,60,False,60
2985,"Chocolates & Candies","Smith & Jones Masala Noodles",68.00,10.00,5,61.00,360,False,360
2986,"Chocolates & Candies","Knorr Classic Tomato Soup With 100% Real Vegetabls, No Added Preservatives",55.00,0.00,6,55.00,53,False,53
2987,"Chocolates & Candies","Godrej Yummiez Chicken Punjabi Tikka ",295.00,9.00,6,266.00,360,False,360
2988,"Chocolates & Candies","Kellogg's Corn Flakes",425.00,9.00,1,383.00,1000,False,1
2989,"Chocolates & Candies","Kelloggs Chocos",170.00,5.00,4,160.00,385,False,385
2990,"Chocolates & Candies","Pedigree Puppy Dry Dog Food Food Chicken & Milk",290.00,20.00,6,232.00,1200,False,1200
2991,"Chocolates & Candies","Ching's Secret Lemon Coriander Instant Soup",15.00,0.00,5,15.00,15,False,15
2992,"Chocolates & Candies","Nestle Cerelac Baby Cereal With Milk Wheat-Rice Mixed Fruit",261.00,0.00,6,261.00,300,False,300
2993,"Chocolates & Candies","Kelloggs Chocos - Moons & Stars",660.00,40.00,4,396.00,1200,False,1
2994,"Chocolates & Candies","ITC Master Chef Chicken Galouti Kebab",170.00,4.00,2,162.00,210,False,210
2995,"Chocolates & Candies","Yogabar 100% Pure Peanut Butter Creamy & Yummy Unsweetened",229.00,10.00,6,206.00,400,False,400
2996,"Chocolates & Candies","Kitchens Of India Palak Paneer",130.00,30.00,6,91.00,285,False,285
2997,"Chocolates & Candies","Kelloggs Chocos Fills Double Chocolat",99.00,11.00,6,88.00,175,False,175
2998,"Chocolates & Candies","Soulfull Ragi Bites Choco Fills",169.00,5.00,4,160.00,250,False,250
2999,"Chocolates & Candies","Figaro Sliced Black Olive ",179.00,0.00,6,179.00,450,False,450
3000,"Chocolates & Candies","Veeba Barbeque Sauce",149.00,8.00,6,137.00,330,False,330
3001,"Chocolates & Candies","The Whole Truth Vegan Mocha Almond Fudge Energy Bar No Sugar",60.00,20.00,6,48.00,40,False,40
3002,"Chocolates & Candies","The Whole Truth - Nuts, Fruits & Seeds Muesli",325.00,20.00,6,260.00,350,False,350
3003,"Chocolates & Candies","Pantai Green Curry Paste",150.00,14.00,5,128.00,114,False,114
3004,"Chocolates & Candies","Kelloggs Special K",210.00,8.00,5,192.00,435,False,435
3005,"Chocolates & Candies","Moi Soi Sichuan Chilli Oil- For Stir Fry Marinade Spread & Dip",280.00,50.00,5,140.00,175,False,175
3006,"Chocolates & Candies","Mother's Recipe Madras Appalam",50.00,10.00,6,45.00,100,False,100
3007,"Chocolates & Candies","Top Ramen Masala Oat Masala",80.00,10.00,6,72.00,280,False,280
3008,"Chocolates & Candies","Saffola Everyday Peppy Tomato Masala Oats",195.00,12.00,6,171.00,500,False,500
3009,"Chocolates & Candies","Ching's Secret Instant Noodles, Hot Garlic",60.00,0.00,4,60.00,240,False,240
3010,"Chocolates & Candies","Kitchens Of India Chicken Chettinad",200.00,30.00,1,140.00,285,False,285
3011,"Chocolates & Candies","Nestle Cerelac Wheat - Stage 1",190.00,0.00,6,190.00,300,False,300
3012,"Chocolates & Candies","Sumeru Aloo Paratha",119.00,5.00,6,113.00,400,False,400
3013,"Chocolates & Candies","ITC Master Chef Veggie Pizza Pocket",170.00,4.00,4,162.00,340,False,340
3014,"Chocolates & Candies","Wingreens Farms Tangy Cheese Pita Chips & Mexican Salsa Dip",60.00,15.00,1,51.00,70,False,70
3015,"Chocolates & Candies","Ching's Secret Manchow Soup",55.00,0.00,3,55.00,55,False,55
3016,"Chocolates & Candies","Veeba Carrot & Cucumber Sandwich Spread",85.00,10.00,6,76.00,250,False,250
3017,"Chocolates & Candies","Kellogg's Real Almond & Honey Corn Flakes",370.00,12.00,3,324.00,650,False,650
3018,"Chocolates & Candies","Kitchens Of India Mughlai Paneer",160.00,30.00,4,112.00,285,False,285
3019,"Chocolates & Candies","Ching's Secret Just Soak - Veg Hakka Noodles",30.00,0.00,5,30.00,150,False,150
3020,"Chocolates & Candies","Ching's Secret Chowmein Hakka Noodles Masala",60.00,10.00,2,54.00,100,False,100
3021,"Chocolates & Candies","The Whole Truth Dark Chocolate Peanut Butter - Crunchy",235.00,20.00,5,188.00,325,False,325
3022,"Chocolates & Candies","Mother's Recipe Bhel Puri Chutney",55.00,9.00,4,50.00,200,False,200
3023,"Chocolates & Candies","Kelloggs Chocos Moon & Stars",330.00,10.00,6,294.00,680,False,680
3024,"Chocolates & Candies","Mother's Recipe Lime Pickle ",120.00,5.00,1,114.00,400,False,400
3025,"Chocolates & Candies","Kitchens of India Dal Makhani",110.00,30.00,2,77.00,285,False,285
3026,"Chocolates & Candies","Pantai Light Soy Sauce",275.00,14.00,5,234.00,200,False,200
3027,"Chocolates & Candies","Ching's Secret Sweet Corn Soup",55.00,0.00,6,55.00,55,False,55
3028,"Chocolates & Candies","Top Ramen Noodles, Atta",80.00,0.00,1,80.00,280,False,280
3029,"Chocolates & Candies","Cantina Tortilla Dip Sauce Sour Creamy Tex Mex",225.00,15.00,5,191.00,190,False,190
3030,"Chocolates & Candies","Dabur Hommade - Rajasthan Ki Garlic Chutne",65.00,6.00,6,61.00,200,False,200
3031,"Chocolates & Candies","MTR Seviyan Vermicelli ",42.00,0.00,2,42.00,400,False,400
3032,"Chocolates & Candies","Pantai Oyster Sauce",275.00,14.00,4,234.00,200,False,200
3033,"Chocolates & Candies","Go Cheese Spread - Four Pepper (Soft & Creamy)",99.00,5.00,6,94.00,200,False,200
3034,"Chocolates & Candies","MTR Ready To Eat Paneer Butter Masala",135.00,9.00,2,122.00,300,False,300
3035,"Chocolates & Candies","Nestle Lactogen Stage 2 Follow-up Formula Powder",340.00,0.00,2,340.00,400,False,400
3036,"Chocolates & Candies","Kellogg's Crunchy Bites Chocos",190.00,10.00,6,171.00,375,False,375
3037,"Chocolates & Candies","Veeba Hot Sweet Tomato Chilli Sauce",104.00,20.00,3,83.00,500,False,500
3038,"Chocolates & Candies","Borges Durum Wheat Pasta Superior Quality",250.00,40.00,6,149.00,500,False,500
3039,"Chocolates & Candies","Funfoods Peanut Butter Crunchy",169.00,7.00,1,156.00,400,False,400
3040,"Chocolates & Candies","Pantai Red Curry Paste",60.00,0.00,4,60.00,50,False,50
3041,"Chocolates & Candies","ITC Master Chef Chicken Seekh Kabab",325.00,0.00,6,325.00,500,False,500
3042,"Chocolates & Candies","Del Monte Pizza & Pasta Sauce Spout Pack",99.00,0.00,3,99.00,400,False,400
3043,"Chocolates & Candies","Pantai Sriracha Red Chilli Sauce",225.00,15.00,6,191.00,200,False,200
3044,"Chocolates & Candies","Hershey's Cocoa Spread",295.00,0.00,3,295.00,350,False,350
3045,"Chocolates & Candies","Maggi Ghee Tadka Upma Express Pouch",25.00,0.00,6,25.00,65,False,65
3046,"Chocolates & Candies","Ching's Secret Manchurian Noodles",91.00,0.00,5,91.00,360,False,360
3047,"Chocolates & Candies","Kellogg's All Bran Wheat Flakes",220.00,6.00,5,205.00,425,False,425
3048,"Chocolates & Candies","Yummiez Chicken Breakfast Sausages",150.00,0.00,3,150.00,250,False,250
3049,"Chocolates & Candies","Pantai Red Curry Paste",150.00,14.00,3,128.00,114,False,114
3050,"Chocolates & Candies","Bagrrys Muesli Crunchy Fruit & Nut With Cranberries",330.00,10.00,6,297.00,400,False,400
3051,"Chocolates & Candies","Quaker Oats Pouch",276.00,10.00,6,248.00,1500,False,1
3052,"Chocolates & Candies","Prasuma Momos -  Cheesy Spicy Veg",295.00,0.00,6,295.00,24,False,24
3053,"Chocolates & Candies","Veeba Sriracha Chilli Garlic Sauce",149.00,8.00,5,137.00,320,False,320
3054,"Chocolates & Candies","Ching's Secret Just Soak - Veg Hakka Noodles",115.00,0.00,6,115.00,600,False,600
3055,"Chocolates & Candies","Moi Soi Kung Pao Sauce - For Stir Fry Marinade Spread & Dip",280.00,50.00,5,140.00,175,False,175
3056,"Chocolates & Candies","Figaro Plain Green Olive ",179.00,0.00,6,179.00,450,False,450
3057,"Chocolates & Candies","Mother's Recipe Gujrati Gorkeri Pickle",140.00,10.00,3,126.00,500,False,500
3058,"Chocolates & Candies","Kellogg's Muesli 20% Nuts Delight",320.00,0.00,6,320.00,500,False,500
3059,"Chocolates & Candies","Borges Farfalle Durum Wheat Pasta ",250.00,0.00,5,250.00,500,False,500
3060,"Chocolates & Candies","Kellogg's Chocos",299.00,10.00,4,269.00,700,False,700
3061,"Chocolates & Candies","Nestle Nan Pro 4 Follow Up Formula Powder For Older Infants ",620.00,0.00,1,620.00,400,False,400
3062,"Chocolates & Candies","Veeba Truly Tomato Ketchup",99.00,20.00,6,79.00,500,False,500
3063,"Chocolates & Candies","Ching's Secret Green Chilli Sauce",85.00,4.00,1,81.00,680,False,680
3064,"Chocolates & Candies","MTR Roasted Vermicelli ",55.00,0.00,1,55.00,400,False,400
3065,"Chocolates & Candies","Mother's Recipe Punjabi Teekha Mang Pickle",120.00,10.00,4,108.00,400,False,400
3066,"Chocolates & Candies","Ching's Secret Hot Garlic Instant Noodles",114.00,0.00,6,114.00,480,False,480
3067,"Chocolates & Candies","Kellogg's Real Honey Corn Flakes",290.00,7.00,5,267.00,630,False,630
3068,"Chocolates & Candies","ITC Master Chef Lebanese Falafel Kebab",130.00,4.00,4,124.00,230,False,230
3069,"Chocolates & Candies","Kelloggs Chocos Fills Double Chocolaty",185.00,10.00,5,165.00,250,False,250
3070,"Chocolates & Candies","Organic India Apple Cider Vinegar",595.00,9.00,2,536.00,500,False,500
3071,"Chocolates & Candies","Masala Oats Masala & Coriander ",195.00,9.00,5,176.00,500,False,500
3072,"Chocolates & Candies","Ching's Secret  Noodles - Pad Thai Lemongras",200.00,0.00,5,200.00,130,False,130
3073,"Chocolates & Candies","Bagrrys Fruit and Nut Muesli with Cranberries",499.00,0.00,5,499.00,750,False,750
3074,"Chocolates & Candies","Kitchens Of India Yellow Dal Tadka",110.00,30.00,6,77.00,285,False,285
3075,"Chocolates & Candies","Soulfull Vanilla Fills - Ragi Bites",169.00,5.00,6,160.00,250,False,250
3076,"Chocolates & Candies","Pantai Teriyaki Sauce with Garlic",325.00,15.00,6,276.00,200,False,200
3077,"Chocolates & Candies","Whiskas Adult Pocket Tuna Cat Food",410.00,0.00,1,410.00,1200,False,1
3078,"Chocolates & Candies","Kitchens Of India Chicken Darbari ",200.00,30.00,4,140.00,285,False,285
3079,"Chocolates & Candies","Soulfull Millet Muesli Fruit & Nut Almonds & Real Fruits",299.00,10.00,6,269.00,400,False,400
3080,"Chocolates & Candies","Smith & Jones Red Pasta Sauce Mix",40.00,0.00,6,40.00,46,False,46
3081,"Chocolates & Candies","Kellogg's Muesli Nuts Delight",425.00,9.00,3,383.00,750,False,750
3082,"Chocolates & Candies","Kitchens of India Dal Bukhara Gravy Mix",110.00,30.00,6,77.00,285,False,285
3083,"Chocolates & Candies","The Whole Truth Peanut Butter - Sweetened & Crunchy",215.00,20.00,6,172.00,325,False,325
3084,"Chocolates & Candies","Remia Mayonnaise",230.00,0.00,6,230.00,241,False,241
3085,"Chocolates & Candies","Ching's Secret Green Chilli Sauce",105.00,0.00,6,105.00,425,False,425
3086,"Chocolates & Candies","Bagrrys Fruit N Fibre Muesli - Strawberry",595.00,0.00,1,595.00,1000,False,1
3087,"Chocolates & Candies","Ching's Secret Tomato Oats Instant Soup",15.00,0.00,3,15.00,20,False,20
3088,"Chocolates & Candies","Kellogg's Special K Original Corn Flakes",140.00,5.00,1,133.00,290,False,290
3089,"Chocolates & Candies","Moi Soi  Black Bean Sauce - Dip Spread Stir Fry & Marinade",280.00,50.00,5,140.00,175,False,175
3090,"Chocolates & Candies","Tong Garden Wasabi Green Peas",175.00,4.00,6,167.00,150,False,150
3091,"Chocolates & Candies","Ching's Secret Red Chilli Sauce",105.00,0.00,4,105.00,440,False,440
3092,"Chocolates & Candies","Ching's Instant Hot and Sour Soup",55.00,0.00,5,55.00,55,False,55
3093,"Chocolates & Candies","Ching's Secret Noodles - Pad Thai Original",200.00,0.00,6,200.00,130,False,130
3094,"Chocolates & Candies","Aashirvaad Instant Meals - Khatta Meetha Pohaa With Millets",55.00,30.00,5,38.00,80,False,80
3095,"Chocolates & Candies","Del Monte Black Sliced Olives",250.00,0.00,1,250.00,450,False,450
3096,"Chocolates & Candies","Kitchens Of India Murgh Methi",220.00,30.00,5,154.00,285,False,285
3097,"Chocolates & Candies","Nestle Cerelac 5 Grains & Fruits Cereal",288.00,0.00,6,288.00,300,False,300
3098,"Chocolates & Candies","The Whole Truth - 5 Grain Muesli No Added Sugar",325.00,20.00,6,260.00,350,False,350
3099,"Chocolates & Candies","Ching's Secret  Pad Thai Noodles Green Curry",200.00,0.00,6,200.00,130,False,130
3100,"Chocolates & Candies","Aashirvaad Suji Halwa With Jaggery",75.00,0.00,6,75.00,70,False,70
3101,"Chocolates & Candies","Mother's Recipe Mango Pickle ",120.00,0.00,1,120.00,400,False,400
3102,"Chocolates & Candies","Ching's Secret Pad Thai Noodles - Extra Hot Thai Chilli",200.00,0.00,6,200.00,130,False,130
3103,"Chocolates & Candies","Kellogg's Special K Original Corn Flakes",399.00,11.00,6,355.00,900,False,900
3104,"Chocolates & Candies","Knorr Sweet Corn Chicken Soup",55.00,0.00,2,55.00,42,False,42
3105,"Chocolates & Candies","Ching's Secret Tomato Soup",55.00,0.00,6,55.00,55,False,55
3106,"Chocolates & Candies","Funfoods Peanut Butter Creamy",169.00,0.00,1,169.00,400,False,400
3107,"Chocolates & Candies","Japanese Choice Udon Noodles",295.00,9.00,6,266.00,250,False,250
3108,"Chocolates & Candies","Kelloggs Muesli - With 22% Fruit Magic",320.00,10.00,5,288.00,500,False,500
3109,"Chocolates & Candies","Dabur Hommade - Kalonji Tamatar Ki Chutney",65.00,6.00,6,61.00,200,False,200
3110,"Chocolates & Candies","Kitchens Of India Dal Makhani",110.00,30.00,1,77.00,285,False,285
3111,"Chocolates & Candies","Aashirvaad Suji Halwa With Jaggery",55.00,30.00,6,38.00,80,False,80
3112,"Chocolates & Candies","Del Monte Green Chili Sauce",55.00,0.00,3,55.00,190,False,190
3113,"Chocolates & Candies","Pedigree Dog Food Adult Chicken & Veg",660.00,10.00,1,594.00,3000,False,3
3114,"Chocolates & Candies","Kellogg's Original Corn Flakes",185.00,5.00,6,175.00,475,False,475
3115,"Chocolates & Candies","Pedigree Puppy Dry Dog Food Food Chicken & Milk",690.00,6.00,2,648.00,3000,False,3
3116,"Chocolates & Candies","Kitchens Of India Rajma Masala",110.00,30.00,5,77.00,285,False,285
3117,"Chocolates & Candies","Kitchen Of India Ready-To-Eat Pindi Channa",110.00,30.00,2,77.00,285,False,285
3118,"Chocolates & Candies","Figaro Pitted Black Olive ",179.00,0.00,6,179.00,450,False,450
3119,"Chocolates & Candies","Cantina Tabasco Red Sauce",140.00,15.00,6,119.00,60,False,60
3120,"Chocolates & Candies","Mother's Recipe Pickle - Mixed",149.00,26.00,6,109.00,500,False,500
3121,"Chocolates & Candies","Nestle Cerelac Baby Cereal with Milk 5 Grains & Vegetables from 18 to 24 Month",279.00,0.00,5,279.00,300,False,300
3122,"Chocolates & Candies","Mother's Recipe Tamarind Paste",50.00,2.00,2,49.00,200,False,200
3123,"Chocolates & Candies","Pedigree Meat Jerky Adult Dog Treat Barbecued Chicken",140.00,20.00,6,112.00,80,False,80
3124,"Chocolates & Candies","Veeba Peri Peri Sauce",161.00,0.00,6,161.00,300,False,300
3125,"Chocolates & Candies","Pantai Sriracha Yellow Chilli Sauce",225.00,15.00,6,191.00,200,False,200
3126,"Chocolates & Candies","Praakritik Organic Jumbo Rolled Oats",190.00,11.00,6,169.00,500,False,500
3127,"Chocolates & Candies","Ching's Secret Just Soak - Whole Wheat Veg Hakka Noodles",123.00,0.00,6,123.00,600,False,600
3128,"Chocolates & Candies","Pantai Spring Roll Sauce",275.00,10.00,6,245.00,200,False,200
3129,"Chocolates & Candies","MTR Vermicelli Payasam",75.00,0.00,6,75.00,180,False,180
3130,"Chocolates & Candies","Bagrrys Corn Flakes",350.00,0.00,6,350.00,880,False,800
3131,"Chocolates & Candies","MTR Ready To Eat Palak Paneer ",135.00,11.00,6,120.00,300,False,300
3132,"Chocolates & Candies","Del Monte Red Chili Sauce",55.00,0.00,5,55.00,190,False,190
3133,"Chocolates & Candies","Kitchens of India Mutter Paneer Mix",120.00,30.00,4,84.00,285,False,285
3134,"Chocolates & Candies","Pantai Green Curry Paste",60.00,6.00,6,56.00,50,False,50
3135,"Chocolates & Candies","The Laughing Cow Cheese Spread Plain",110.00,0.00,6,110.00,180,False,180
3136,"Chocolates & Candies","MTR Dal Fry",110.00,0.00,5,110.00,300,False,300
3137,"Chocolates & Candies","Pantai Fish Sauce",275.00,14.00,6,234.00,200,False,200
3138,"Chocolates & Candies","Cantina Beans Mexican Beans",250.00,14.00,6,213.00,410,False,410
3139,"Chocolates & Candies","Ching's Secret Manchurian Instant Noodle",114.00,0.00,6,114.00,480,False,480
3140,"Chocolates & Candies","Remia Salad Italian Dressing ",230.00,0.00,6,230.00,250,False,250
3141,"Chocolates & Candies","Yummiez Veg Cheese Fingers Pouch",230.00,0.00,4,230.00,400,False,400
3142,"Chocolates & Candies","MTR Dal Makhani",110.00,0.00,4,110.00,300,False,300
3143,"Chocolates & Candies","MTR Ready to Eat Pav Bhaji",110.00,0.00,6,110.00,300,False,300
3144,"Chocolates & Candies","Weikfield Tomato Salsa Instant Pasta",25.00,0.00,1,25.00,77,False,77
3145,"Chocolates & Candies","Nestlã»CERELAC Baby Cereal with Milk",272.00,0.00,1,272.00,300,False,300
3146,"Chocolates & Candies","Remia Salad Caesar Dressing",250.00,0.00,6,250.00,250,False,250
3147,"Chocolates & Candies","Bagrrys Fruit N Fibre Muesli Mixed Fruit",330.00,0.00,6,330.00,500,False,500
3148,"Chocolates & Candies","MTR Paneer Butter Masala & Veg Pulao",175.00,9.00,4,158.00,375,False,375
3149,"Chocolates & Candies","Sundrop Cocoa Nut Hazelnut Chocolatey Spread",120.00,0.00,6,120.00,160,False,160
3150,"Chocolates & Candies","Moi Soi Manchurian Sauce - For Stir Fry Marinade Spread & Dip",280.00,50.00,6,140.00,175,False,175
3151,"Chocolates & Candies","Pedigree Dog Food Adult Meat & Rice",660.00,7.00,2,608.00,3000,False,3
3152,"Chocolates & Candies","Pantai Sriracha Green Chilli Sauce",225.00,15.00,6,191.00,200,False,200
3153,"Chocolates & Candies","Pantai Chilli Garlic Sauce",275.00,14.00,6,234.00,200,False,200
3154,"Chocolates & Candies","Pantai Dark Soy Sauce",275.00,14.00,6,234.00,200,False,200
3155,"Chocolates & Candies","Yoga Bar Peanut Butter Dark Chocolate Jar",249.00,0.00,4,249.00,400,False,400
3156,"Chocolates & Candies","Cantina Tabasco Green Sauce",140.00,15.00,6,119.00,60,False,60
3157,"Chocolates & Candies","Pantai Pad Thai Sauce (Non-Veg)",325.00,9.00,5,293.00,200,False,200
3158,"Chocolates & Candies","Pantai Sweet Chilli Sauce",275.00,14.00,6,234.00,200,False,200
3159,"Chocolates & Candies","Ching's Secret Schezwan Instant Noodle",114.00,0.00,6,114.00,480,False,480
3160,"Chocolates & Candies","Yummiez Chicken Garlic Fingers Pouch",250.00,0.00,5,250.00,400,False,400
3161,"Chocolates & Candies","Pediasure Premium Chocolate Powdered Health Drink",610.00,0.00,2,610.00,400,False,400
3162,"Chocolates & Candies","Chings Secret Hot Garlic Instant Noodles",91.00,0.00,6,91.00,60,False,60
3163,"Chocolates & Candies","Godrej Yummiez Cheese Corn Nuggets ",230.00,0.00,4,230.00,400,False,400
3164,"Chocolates & Candies","Pantai Hot Chilli Sauce",275.00,14.00,6,234.00,200,False,200
3165,"Chocolates & Candies","Knorr International Mexican Tomato Corn Soup ",65.00,6.00,3,61.00,52,False,52
3166,"Chocolates & Candies","Bagrry's Fruit Fibre Muesli Mixed Fruit ",595.00,0.00,5,595.00,1000,False,1
3167,"Chocolates & Candies","MTR Roasted Vermicelli ",105.00,0.00,4,105.00,850,False,850
3168,"Chocolates & Candies","Maggi 2-Minute Instant Noodles - Masala",44.00,0.00,0,44.00,280,True,280
3169,"Chocolates & Candies","Kurkure Green Chutney, Rajasthani Style",20.00,0.00,0,20.00,90,True,90
3170,"Chocolates & Candies","Kellogg's Chocos Combo Pack",60.00,6.00,0,56.00,156,True,156
3171,"Chocolates & Candies","Kissan Mixed Fruit Jam ",155.00,0.00,0,155.00,500,True,500
3172,"Chocolates & Candies","Lijjat Urad Papad",60.00,5.00,0,57.00,200,True,200
3173,"Chocolates & Candies","Amul Cheese Spread Yummy Plain",85.00,0.00,0,85.00,200,True,200
3174,"Chocolates & Candies","Mother's Recipe Ginger And Garlic Paste",50.00,24.00,0,38.00,200,True,200
3175,"Chocolates & Candies","Maggi Magic Cubes Chicken",40.00,2.00,0,39.00,40,True,40
3176,"Chocolates & Candies","Pedigree Puppy Chicken Chunks in Gravy ",35.00,2.00,0,34.00,70,True,70
3177,"Chocolates & Candies","The Whole Truth Peanut Butter - Unsweetened & Crunchy",185.00,20.00,0,148.00,325,True,325
3178,"Chocolates & Candies","Ching's Chow Mein Hakka Noodles Masala",10.00,0.00,0,10.00,20,True,20
3179,"Chocolates & Candies","Safal Frozen Mixed Vegetables",60.00,5.00,0,57.00,500,True,500
3181,"Chocolates & Candies","Amul Cheese Spread Spicy Garlic",85.00,3.00,0,82.00,200,True,200
3182,"Chocolates & Candies","Ching's Secret Veg Hakka Noodles",107.00,0.00,0,107.00,600,True,600
3183,"Chocolates & Candies","Saffola Oats 100 % Natural",15.00,0.00,0,15.00,38,True,38
3184,"Chocolates & Candies","Lijjat Moong Papad",60.00,5.00,0,57.00,200,True,200
3185,"Chocolates & Candies","Mothers Recipe Papad - Sabudana With Rock Salt",31.00,9.00,0,28.00,70,True,70
3186,"Chocolates & Candies","Maggi Chilly Chow Cuppa Noodles",50.00,0.00,0,50.00,70,True,70
3187,"Chocolates & Candies","Veeba Favourites Eggless Burger Mayonnaise",69.00,8.00,0,63.00,250,True,250
3188,"Chocolates & Candies","Sunfeast Yippee! Magic Masala Noodles",48.00,6.00,0,45.00,240,True,240
3189,"Chocolates & Candies","Top Ramen Masala",91.00,9.00,0,82.00,560,True,560
3190,"Chocolates & Candies","Kelloggs Corn Flakes With Real Strawberry Pure",265.00,10.00,0,236.00,575,True,575
3191,"Chocolates & Candies","Mother's Recipe Potato Papad",31.00,9.00,0,28.00,70,True,75
3192,"Chocolates & Candies","Mothers Recipe Rice Papad Ajwain",24.00,0.00,0,24.00,75,True,75
3193,"Chocolates & Candies","Chef's Basket Durum Wheat Penne Pasta",160.00,50.00,0,80.00,500,True,500
3194,"Chocolates & Candies","Dabur Hommade - Imli Sauce Saunth",20.00,10.00,0,18.00,100,True,100
3195,"Chocolates & Candies","Zorabian Chicken Kheema Parathas",190.00,0.00,0,190.00,300,True,300
3196,"Chocolates & Candies","Sunfeast Pasta Treat Pack of Tomato Cheese",28.00,17.00,0,23.00,65,True,65
3197,"Chocolates & Candies","Safal Frozen - Sweet Corn",160.00,5.00,0,152.00,1000,True,1
3198,"Chocolates & Candies","MTR Vegetable Upma",25.00,0.00,0,25.00,60,True,60
3199,"Chocolates & Candies","Del Monte Original Blend Tomato Ketchup Pouch",120.00,7.00,0,111.00,950,True,950
3200,"Chocolates & Candies","Del Monte Natural Vinegar ",55.00,3.00,0,53.00,180,True,180
3201,"Chocolates & Candies","Del Monte Eggless Mayo",135.00,6.00,0,126.00,500,True,500
3202,"Chocolates & Candies","ITC Master Chef Cheesy Corn Triangles",160.00,5.00,0,152.00,320,True,320
3203,"Chocolates & Candies","Mother's Recipe Mixed Pickle ",115.00,4.00,0,110.00,400,True,400
3204,"Chocolates & Candies","Godrej Yummiez Chicken Breakfast Salami",150.00,4.00,0,143.00,250,True,250
3205,"Chocolates & Candies","Hershey's Cocoa + Almond Spread",295.00,9.00,0,266.00,350,True,350
3206,"Chocolates & Candies","Maggi Special Masala Spicy Yummy Noodles",72.00,0.00,0,72.00,280,True,280
3207,"Chocolates & Candies","Del Monte Schezwan Sauce",55.00,0.00,0,55.00,190,True,190
3208,"Chocolates & Candies","Yummiez Green Peas",135.00,0.00,0,135.00,500,True,500
3209,"Chocolates & Candies","Yummiez Green Peas",250.00,0.00,0,250.00,1000,True,1
3210,"Chocolates & Candies","Yummiez American Sweet Corn",85.00,0.00,0,85.00,400,True,400
3211,"Chocolates & Candies","Dr Oetker Cucumber & Carrot Sandwich Spread Veg",79.00,0.00,0,79.00,250,True,250
3212,"Chocolates & Candies","Del Monte Pitted Green Olives",250.00,0.00,0,250.00,450,True,450
3213,"Meats, Fish & Eggs","Arden Eggs White",97.00,0.00,4,97.00,696,False,12
3214,"Meats, Fish & Eggs","Arden Eggs White",65.00,15.00,4,55.00,348,False,6
3215,"Meats, Fish & Eggs","Arden Eggs Brown",85.00,7.00,4,79.00,348,False,6
3216,"Meats, Fish & Eggs","Godrej Real Good Chicken Whole Pre-Cut",300.00,10.00,4,270.00,1000,False,1
3217,"Meats, Fish & Eggs","Zorabian Chicken Breast Boneless",145.00,8.00,3,133.00,250,False,250
3218,"Meats, Fish & Eggs","Godrej Real Good Chicken Curry Cut",175.00,9.00,3,158.00,500,False,500
3219,"Meats, Fish & Eggs","TGFC Chicken Curry Cut Fresh",249.00,25.00,1,186.00,500,False,500
3220,"Meats, Fish & Eggs","Arden Desi Eggs",110.00,13.00,4,95.00,348,False,6
3221,"Meats, Fish & Eggs","Godrej Real Good Chicken Breast Boneless",275.00,9.00,6,248.00,450,False,450
3222,"Meats, Fish & Eggs","Fresh Chicken Boneless Cubes (Halal)",215.00,5.00,1,204.00,500,False,500
3223,"Meats, Fish & Eggs","Godrej Real Good Chicken Kheema",255.00,9.00,3,230.00,450,False,450
3224,"Meats, Fish & Eggs","Suguna Sharp Egg ",72.00,13.00,3,62.00,348,False,6
3225,"Meats, Fish & Eggs","TGFC Bombay Duck Whole Cleaned",319.00,14.00,1,274.00,500,False,500
3226,"Meats, Fish & Eggs","Zorabian Pre Cut Chicken Skinless (Half)",165.00,0.00,1,165.00,500,False,500
3227,"Meats, Fish & Eggs","Godrej Real Good Chicken Drumstick ",265.00,9.00,2,239.00,500,False,500
3228,"Meats, Fish & Eggs","Suguna Active - DHA",72.00,13.00,4,62.00,348,False,6
3229,"Meats, Fish & Eggs","Godrej Real Good Chicken Marinated Lollipop ",200.00,10.00,2,180.00,580,False,10
3230,"Meats, Fish & Eggs","Godrej Yummiez Chicken Nuggets",325.00,9.00,1,293.00,500,False,500
3231,"Meats, Fish & Eggs","Eastern Chicken Masala",70.00,7.00,3,65.00,100,False,100
3232,"Meats, Fish & Eggs","Ching's Chicken Chilli Masala",10.00,0.00,6,10.00,20,False,20
3233,"Meats, Fish & Eggs","Fresh Chicken Whole Leg - Skinless (Halal)",165.00,4.00,1,157.00,500,False,500
3234,"Meats, Fish & Eggs","Ceres Foods Fish Mustard Instant Liquid Masala",220.00,50.00,6,110.00,200,False,200
3235,"Meats, Fish & Eggs","TGFC Tilapia Curry Cut",259.00,43.00,1,147.00,500,False,500
3236,"Meats, Fish & Eggs","Godrej Yummiez Chicken Lucknowi Seekh Kebab",260.00,10.00,4,234.00,400,False,400
3237,"Meats, Fish & Eggs","Godrej Real Good Marinated Hot & Grill Chicken",245.00,9.00,2,221.00,450,False,450
3238,"Meats, Fish & Eggs","Everest Meat Masala Powder",74.00,9.00,3,67.00,100,False,100
3239,"Meats, Fish & Eggs","Suguna Heart- Omega3",72.00,13.00,4,62.00,348,False,6
3240,"Meats, Fish & Eggs","Everest Powder - Egg Curry Masala",40.00,2.00,6,39.00,50,False,50
3241,"Meats, Fish & Eggs","TGFC Chicken Boneless Fresh Whole",261.00,14.00,1,222.00,500,False,500
3242,"Meats, Fish & Eggs","Zorabian Chicken Smoked Ham",205.00,5.00,1,194.00,250,False,250
3243,"Meats, Fish & Eggs","Suguna Fit Egg",120.00,43.00,4,68.00,348,False,6
3244,"Meats, Fish & Eggs","Everest Tandoori Chicken Masala",39.00,2.00,5,38.00,50,False,50
3245,"Meats, Fish & Eggs","Godrej Yummiez Chilli Chicken Sausages ",160.00,10.00,3,144.00,250,False,250
3246,"Meats, Fish & Eggs","Godrej Yummiez Chicken Punjabi Tikka ",295.00,9.00,6,266.00,360,False,360
3247,"Meats, Fish & Eggs","Eastern Fish Masala",48.00,2.00,5,47.00,100,False,100
3248,"Meats, Fish & Eggs","TGFC Catla Bengali Cut",290.00,29.00,1,204.00,500,False,500
3249,"Meats, Fish & Eggs","Godrej Real Good Chicken Leg Boneless",275.00,9.00,3,248.00,450,False,450
3250,"Meats, Fish & Eggs","TGFC Rohu Bengali Cut",249.00,28.00,1,179.00,500,False,500
3251,"Meats, Fish & Eggs","Godrej Real Good Chicken Lollypop",175.00,9.00,1,158.00,580,False,10
3252,"Meats, Fish & Eggs","Godrej Real Good Chicken Liver Sealed ",75.00,9.00,1,68.00,200,False,200
3253,"Meats, Fish & Eggs","Everest Tandoori Chicken Masala",74.00,9.00,3,67.00,100,False,100
3254,"Meats, Fish & Eggs","Fresh Mutton Mince - Kheema (Halal)",515.00,3.00,1,495.00,500,False,500
3255,"Meats, Fish & Eggs","Fresh Mutton Curry Cut Cubes (Halal)",465.00,4.00,1,442.00,500,False,500
3256,"Meats, Fish & Eggs","Ceres Foods Laal Maas Instant Liquid Masala",220.00,50.00,5,110.00,200,False,200
3257,"Meats, Fish & Eggs","Godrej Real Good Chicken Legs ",210.00,10.00,1,189.00,116,False,2
3258,"Meats, Fish & Eggs","Yummiez Chicken Breakfast Sausages",150.00,0.00,3,150.00,250,False,250
3259,"Meats, Fish & Eggs","TGFC Basa Fillets",329.00,24.00,1,247.00,500,False,500
3260,"Meats, Fish & Eggs","Zorabian Chicken Legs Skinless",210.00,0.00,1,210.00,450,False,450
3261,"Meats, Fish & Eggs","Ceres Foods Nalli Nihari Instant Liquid Masala",220.00,50.00,6,110.00,200,False,200
3262,"Meats, Fish & Eggs","Yummiez Chicken Garlic Fingers Pouch",250.00,0.00,5,250.00,400,False,400
3263,"Meats, Fish & Eggs","Suhana Spice Mix - Chicken Biryani",66.00,0.00,6,66.00,50,False,50
3264,"Meats, Fish & Eggs","Suguna Nourish Egg",62.00,0.00,0,62.00,696,True,12
3265,"Meats, Fish & Eggs","Fresh Chicken Curry Cut - Skinless (Halal)",140.00,0.00,0,140.00,500,True,500
3266,"Meats, Fish & Eggs","Zorabian Chicken Breast Boneless ",145.00,0.00,0,145.00,450,True,450
3267,"Meats, Fish & Eggs","Zorabian Chicken Kheema Parathas",190.00,0.00,0,190.00,300,True,300
3268,"Meats, Fish & Eggs","Fresh Chicken Mince - Kheema (Halal)",215.00,5.00,0,204.00,500,True,500
3269,"Meats, Fish & Eggs","Godrej Real Good Chicken Boneless Cubes ",275.00,9.00,0,248.00,450,True,450
3270,"Meats, Fish & Eggs","Suguna Vitamin D Egg",75.00,17.00,0,62.00,348,True,6
3271,"Meats, Fish & Eggs","Suguna Nourish Egg ",72.00,16.00,0,60.00,348,True,6
3272,"Meats, Fish & Eggs","Zorabian Chicken Mince",250.00,0.00,0,250.00,450,True,450
3273,"Meats, Fish & Eggs","Zorabian Chicken Leg Boneless ",250.00,0.00,0,250.00,450,True,450
3274,"Meats, Fish & Eggs","Godrej Yummiez Chicken Breakfast Salami",150.00,4.00,0,143.00,250,True,250
3275,"Meats, Fish & Eggs","Zorabian Chicken Cubes",270.00,0.00,0,270.00,500,True,500
3276,"Biscuits","Britannia Good Day Cashew Cookies",10.00,0.00,6,10.00,60,False,58
3277,"Biscuits","Britannia 50-50 Maska Chaska Biscuits",32.00,3.00,6,31.00,120,False,120
3278,"Biscuits","Dukes Waffy Chocolate Wafers",45.00,51.00,4,22.00,60,False,75
3279,"Biscuits","Britannia Nutri Choice Digestive Biscuit",45.00,0.00,1,45.00,200,False,150
3280,"Biscuits","Britannia Goodday Chocochip Cookies",120.00,17.00,5,99.00,400,False,400
3281,"Biscuits","Britannia Good Day Pista Badam",45.00,2.00,1,44.00,200,False,200
3282,"Biscuits","Cadbury Chocobakes Chocolate Filled Cookies ",30.00,0.00,5,30.00,75,False,75
3283,"Biscuits","Dukes Waffy Strawberry Roll",150.00,50.00,3,75.00,250,False,250
3284,"Biscuits","Parle Monaco Classic Salty Biscuits",70.00,0.00,4,70.00,400,False,400
3285,"Biscuits","Dukes Waffy Orange Wafers",45.00,51.00,5,22.00,60,False,75
3286,"Biscuits","Britannia Good Day Pista Badam",20.00,0.00,6,20.00,100,False,100
3287,"Biscuits","Britannia Milk Bikis Biscuits Packet",20.00,0.00,3,20.00,200,False,200
3288,"Biscuits","Britannia Toastea (Premium Bake Rusk)",65.00,0.00,6,65.00,400,False,400
3289,"Biscuits","Dukes Waffy Strawberry Wafers",45.00,51.00,2,22.00,60,False,75
3290,"Biscuits","Britannia Toastea Premium Bake Rusk",35.00,0.00,3,35.00,182,False,182
3291,"Biscuits","Lotte Choco Pie ",80.00,10.00,3,72.00,168,False,168
3292,"Biscuits","Bauli Moonfils Choco Veg Puff Roll",15.00,0.00,2,15.00,45,False,45
3293,"Biscuits","Sunfeast Dark Fantasy Choco Fills Cookies Packet",150.00,15.00,3,127.00,300,False,300
3294,"Biscuits","Britannia 50-50 Maska Chaska Biscuit",75.00,10.00,6,67.50,300,False,300
3295,"Biscuits","Britannnia 50-50 Sweet & Salty Biscuit",25.00,0.00,4,25.00,200,False,200
3296,"Biscuits","Britannia Good Day Chunky Cookies",50.00,15.00,6,42.50,120,False,120
3297,"Biscuits","Sunfeast Marie Light",23.00,13.00,1,20.00,200,False,200
3298,"Biscuits","Britannia Bourbon Biscuit Buy 4 Get 1 Free",80.00,10.00,2,72.00,500,False,500
3299,"Biscuits","The Bake Shop Whole Wheat Oats Khari",65.00,6.00,5,61.00,200,False,200
3300,"Biscuits","Britannia Nutri Choice Oats Milk Almond Biscuit",25.00,10.00,6,22.50,75,False,75
3301,"Biscuits","Sunfeast Dark Fantasy Choco Creme",80.00,27.00,4,58.00,300,False,300
3302,"Biscuits","Lotte Choco Pie Chocolate Cake",25.00,0.00,6,25.00,56,False,56
3303,"Biscuits","Sunfeast Mom's Magic Cashew & Almond Cookies Packet",30.00,10.00,3,27.00,200,False,200
3304,"Biscuits","Unibic SugarFree - Oatmeal Cookies",50.00,16.00,3,42.00,75,False,75
3305,"Biscuits","Parle Hide & Seek Cookies With Added Almonds",30.00,3.00,1,29.00,100,False,100
3306,"Biscuits","Unibic Fruit & Nut Cookies",25.00,8.00,3,23.00,67,False,67
3307,"Biscuits","Sunfeast Yumfills Whoopie Pie",140.00,25.00,5,105.00,253,False,276
3308,"Biscuits","Britannia Toastea Premium Bake Rusk",110.00,14.00,1,94.00,700,False,700
3309,"Biscuits","McVitie's Marie biscuits with Goodness of Calcium",30.00,0.00,6,30.00,250,False,250
3310,"Biscuits","Britannia Treat Croissant Vanilla Creme Roll",20.00,10.00,2,18.00,47,False,47
3311,"Biscuits","Unibic Honey Oatmeal Cookies",25.00,8.00,6,23.00,75,False,75
3312,"Biscuits","Britannia Good Day Choco Chip Cookies",30.00,3.00,6,29.00,100,False,100
3313,"Biscuits","The Bake Shop Masala Cheese Crackers",95.00,6.00,3,89.00,100,False,100
3314,"Biscuits","Britannia Pure Magic Vanilla Creme Biscuit",35.00,17.00,4,29.00,100,False,100
3315,"Biscuits","Open Secret Assorted Story Box",105.00,22.00,4,81.00,75,False,75
3316,"Biscuits","Cadbury Oreo Dipped Biscuit",70.00,10.00,1,63.00,150,False,150
3317,"Biscuits","Sunfeast Farmlite Oats & Almonds Biscuits Packet",60.00,10.00,3,54.00,150,False,150
3318,"Biscuits","Unibic SugarFree - Butter Cookies",50.00,16.00,6,42.00,75,False,75
3319,"Biscuits","Britannia Good Day Cashew Cookies Packet",120.00,12.00,6,105.60,600,False,600
3320,"Biscuits","Dukes Sour & Cream Onion Nibbles Baked",55.00,25.00,3,41.00,150,False,150
3321,"Biscuits","Britannia Treat Croissant Vanilla Creme Roll",20.00,0.00,6,20.00,47,False,47
3322,"Biscuits","Parle Hide & Seek Choco Rolls",50.00,2.00,4,49.00,120,False,120
3323,"Biscuits","Britannia Treat Creme Wafers - Vanilla",45.00,11.00,6,40.00,60,False,1
3325,"Biscuits","Lotte Choco Pie ",140.00,6.00,2,131.00,336,False,336
3326,"Biscuits","Sunfeast Mom's Magic Cashew & Almond Biscuits",120.00,15.00,6,102.00,600,False,600
3327,"Biscuits","Unibic Cashew Cookies",25.00,8.00,6,23.00,75,False,75
3328,"Biscuits","Parle Monaco Jeffs Zeera Biscuit",60.00,10.00,4,54.00,200,False,200
3329,"Biscuits","Unibic Snack Bar - Multigrain, Choco",40.00,17.00,6,33.00,30,False,30
3330,"Biscuits","The Bake Shop Methi Khari Simply Delicious",65.00,6.00,2,61.00,200,False,200
3331,"Biscuits","Britannia Treat Jimjam Family Pack (Buy 4 Get 1 Free)",100.00,0.00,6,100.00,500,False,500
3332,"Biscuits","Open Secret Choco Almond Tiffin Pack",35.00,22.00,3,27.00,25,False,25
3333,"Biscuits","Lotte Choco Pie ",150.00,20.00,6,120.00,696,False,12
3334,"Biscuits","Baker Street Suji Rusk Large Pack",30.00,10.00,6,27.00,200,False,200
3335,"Biscuits","Parle Hide & Seek Choco Rolls",30.00,0.00,1,30.00,75,False,75
3336,"Biscuits","Sunfeast Dark Fantasy Vanilla Creme",80.00,15.00,6,68.00,300,False,300
3337,"Biscuits","Britannia Treat Burst Choco Creme Fills",30.00,0.00,3,30.00,120,False,120
3338,"Biscuits","Parle Milano Mixed Berries Cookies",35.00,2.00,3,34.00,75,False,75
3339,"Biscuits","Karachi Bakery Cashew Biscuits ",210.00,5.00,4,199.00,400,False,400
3340,"Biscuits","Britannia Pure Magic Choco Lush Cookies",120.00,20.00,4,96.00,300,False,300
3341,"Biscuits","Britannia Treart Creme Wafers Chocolate",45.00,11.00,6,40.00,60,False,1
3342,"Biscuits","Unibic Daily Digestive (Multigrain Cookies)",30.00,6.00,6,28.00,75,False,75
3343,"Biscuits","Cadbury Chocobakes Choc Filled Cookies",60.00,0.00,6,60.00,150,False,150
3344,"Biscuits","The Bake Shop Whole Wheat Multigrain Toast (Rusk)",60.00,6.00,2,56.00,200,False,200
3345,"Biscuits","Unibic Choco Kiss Cookies",45.00,15.00,5,38.00,75,False,75
3346,"Biscuits","Britannia Treat Creme Wafers - Orange",45.00,11.00,6,40.00,60,False,60
3347,"Biscuits","Bauli Moonfills Pack of 4",60.00,10.00,6,54.00,180,False,190
3348,"Biscuits","Unibic Oatmeal Digestive Cookies ",50.00,6.00,6,47.00,150,False,150
3349,"Biscuits","Orion Choco Pie - Chocolate Coated Soft Biscuit",150.00,25.00,2,112.00,336,False,336
3350,"Biscuits","Britannia Good Day Cashew Cookies Pack Of 6",120.00,10.00,6,108.00,120,False,120
3351,"Biscuits","Parle Fab Bourbon",30.00,0.00,3,30.00,150,False,150
3352,"Biscuits","Open Secret White Choco Tiffin Pack",35.00,22.00,1,27.00,25,False,25
3353,"Biscuits","The Bake Shop Whole Wheat Bread Sticks",60.00,6.00,1,56.00,100,False,100
3354,"Biscuits","Unibic Assorted Cookies ",149.00,8.00,6,137.00,450,False,450
3355,"Biscuits","The Bake Shop Milk & Raisin Toast (Rusk)",60.00,6.00,4,56.00,200,False,200
3356,"Biscuits","Lotte Choco Pie Cocoa Pie",90.00,10.00,6,81.00,168,False,168
3357,"Biscuits","Bauli Moonfils Veg - Strawberry",15.00,0.00,5,15.00,45,False,47
3358,"Biscuits","The Bake Shop Masala Lavash",75.00,6.00,6,70.00,100,False,200
3359,"Biscuits","Britannia Good Day Nut Cookies",30.00,0.00,6,30.00,120,False,120
3360,"Biscuits","Sunfeast Mom's Magic Rich Butter Cookies",30.00,10.00,6,27.00,200,False,200
3361,"Biscuits","The Bake Shop Whole Wheat Toast (Rusk) ",60.00,6.00,4,56.00,200,False,200
3362,"Biscuits","Open Secret Peanut Butter Story Box",105.00,22.00,6,81.00,75,False,75
3363,"Biscuits","Open Secret White Choco Story Box",105.00,22.00,6,81.00,75,False,75
3364,"Biscuits","The Bake Shop Whole Wheat Multigrain Lavash",75.00,6.00,3,70.00,100,False,200
3365,"Biscuits","McVitie's Oat Cookies",45.00,0.00,2,45.00,120,False,120
3366,"Biscuits","Britannia Tiger Krunch Biscuits",120.00,0.00,4,120.00,400,False,400
3367,"Biscuits","McVitie's Butter Cookies",30.00,10.00,6,27.00,200,False,200
3368,"Biscuits","Bauli Moonfils Strawberry",15.00,0.00,5,15.00,45,False,45
3369,"Biscuits","Britannia Good Day Butter Cookies",80.00,10.00,6,72.00,600,False,600
3370,"Biscuits","Parle Hide & Seek Choco Rolls",60.00,0.00,1,60.00,120,False,120
3371,"Biscuits","The Bake Shop Jeera Ajwain Bread Sticks",60.00,6.00,6,56.00,100,False,100
3372,"Biscuits","Parle Fab!o Vanilla Creme Sandwich Biscuit",30.00,3.00,6,29.00,120,False,120
3373,"Biscuits","Sunfeast Farmlite Nuts Digestive",70.00,11.00,6,62.00,250,False,250
3374,"Biscuits","Britannia Pure Magic - Chocolush",35.00,2.00,6,34.00,100,False,100
3375,"Biscuits","The Bake Shop Maska & Multigrain Cheese Crackers",130.00,10.00,3,116.00,100,False,150
3376,"Biscuits","Britannia Nutri Choice Ragi Cookies",70.00,10.00,6,63.00,150,False,150
3377,"Biscuits","Sunfeast Farmlite 5 Seed Digestive",60.00,0.00,2,60.00,250,False,250
3378,"Biscuits","Dukes Nibbles - Ranch Crackers",50.00,0.00,6,50.00,150,False,150
3379,"Biscuits","Danish Butter Cookies",350.00,0.00,1,350.00,400,False,400
3380,"Biscuits","The Bake Shop Sesame Seed Crackers",130.00,10.00,4,116.00,100,False,150
3381,"Biscuits","Good Day Butter Cookies",10.00,0.00,0,10.00,75,True,75
3382,"Biscuits","Britannia Marie Gold Biscuits Packet",30.00,0.00,0,30.00,250,True,250
3383,"Biscuits","Britannia Good Day Cashew Cookies",20.00,0.00,0,20.00,100,True,100
3384,"Biscuits","Sunfeast Dark Fantasy Choco Fills",35.00,8.00,0,32.00,75,True,75
3385,"Biscuits","Britannia Nutri Choice Digestive Biscuits Packet",25.00,0.00,0,25.00,100,True,100
3386,"Biscuits","Britannia Classic Little Hearts ",25.00,0.00,0,25.00,75,True,75
3387,"Biscuits","Britannia Good Day Cashew Cookies Packet",40.00,5.00,0,38.00,200,True,200
3388,"Biscuits","Britannia Nice Time Biscuit",25.00,0.00,0,25.00,150,True,150
3389,"Biscuits","Britannia Milk Bikis Cream Biscuit",45.00,0.00,0,45.00,200,True,200
3390,"Biscuits","Britannia Bourbon Chocolate Cream Biscuits",35.00,2.00,0,34.00,150,True,150
3391,"Biscuits","Dukes Waffy Chocolate Wafer Rolls ",150.00,50.00,0,75.00,250,True,250
3392,"Biscuits","Britannia Milk Bikis Milky Sandwich",25.00,0.00,0,25.00,120,True,120
3393,"Biscuits","Britannia Marie Gold Biscuit",28.00,0.00,0,28.00,200,True,200
3394,"Biscuits","Britannia Marie Gold (Buy 4 Get 1 Free)",80.00,0.00,0,80.00,600,True,600
3395,"Biscuits","Britannia 50-50 Maska Chaska Biscuit",10.00,0.00,0,10.00,46,True,45
3396,"Biscuits","Unibic Choco Nut Cookies",25.00,8.00,0,23.00,75,True,75
3397,"Biscuits","Britannia Vita Marie Gold Biscuit",45.00,0.00,0,45.00,300,True,300
3398,"Biscuits","The Bake Shop Maska Khari",65.00,6.00,0,61.00,200,True,100
3399,"Biscuits","Parle Fab! Jam-In Cream Filled ",35.00,2.00,0,34.00,150,True,150
3400,"Biscuits","Sunfeast Nice Biscuit",25.00,12.00,0,22.00,150,True,150
3401,"Biscuits","Britannia Nutrichoice 5 Grain Digestive Biscuits",75.00,0.00,0,75.00,200,True,200
3402,"Biscuits","Cadbury Oreo Strawberry Bicuits",30.00,3.00,0,29.00,120,True,120
3403,"Biscuits","Sunfeast Mom's Magic Cashew & Almond Biscuit",10.00,0.00,0,10.00,60,True,60
3404,"Biscuits","Britannia Roll Yo! Strawberry Swiss Roll",10.00,0.00,0,10.00,28,True,28
3405,"Biscuits","Bauli Moonfils Choco Cream (With Egg)",15.00,0.00,0,15.00,45,True,45
3406,"Biscuits","Britannia Nutri Choice Oats Choco Almond Biscuit",25.00,10.00,0,22.50,100,True,75
3407,"Biscuits","Britannia Nutri Choice Cracker Sugar Free Biscuit",35.00,0.00,0,35.00,300,True,300
3408,"Biscuits","Cadbury Oreo Chocolatey Sandwich Biscuits Family Pack",80.00,0.00,0,80.00,300,True,300
3409,"Biscuits","Bauli Moonfils Orange Puff Roll",15.00,0.00,0,15.00,45,True,45
3410,"Biscuits","Britannia Treat Jimjam Cream Biscuits ",25.00,0.00,0,25.00,100,True,100
3411,"Biscuits","Britannia Toastea Premium Bake Rusk",50.00,6.00,0,47.00,300,True,300
3412,"Biscuits","The Bake Shop Jeera Khari",65.00,0.00,0,65.00,200,True,200
3413,"Biscuits","Cadbury Oreo Creme Biscuit - Vanilla, Original 120 g",30.00,3.00,0,29.00,120,True,120
3414,"Biscuits","Britannia Good Day Cashew Cookies",230.00,25.00,0,172.00,1000,True,1
3415,"Biscuits","Bauli Moonfils - Vanilla",15.00,0.00,0,15.00,45,True,45
3416,"Biscuits","Britannia Roll Yo! Choco Swiss Roll (With Egg)",10.00,0.00,0,10.00,28,True,28
3417,"Biscuits","Britannia Milk Bikis Cream Biscuit",70.00,0.00,0,70.00,500,True,500
3418,"Biscuits","Open Secret Choco Almond Story Box",105.00,22.00,0,81.00,75,True,75
3419,"Biscuits","Parle Monaco Sixer Salted Biscuits ",60.00,10.00,0,54.00,200,True,200
3420,"Biscuits","Sunfeast Dark Fantasy Bourbon Bliss",35.00,17.00,0,29.00,150,True,150
3421,"Biscuits","Patanjali Atta Doodh Rusk",40.00,0.00,0,40.00,300,True,300
3422,"Biscuits","Sunfeast Dark Fantasy Bourbon Bliss",35.00,0.00,0,35.00,150,True,150
3423,"Personal Care","Clove Sensitive Toothpaste with Anti-Sensitivity & Fluoride Formulation",160.00,35.00,3,104.00,80,False,80
3424,"Personal Care","Dettol Original Germ Protection Alcohol Based Hand Sanitizer",25.00,0.00,6,25.00,50,False,50
3425,"Personal Care","Colgate Visible White Toothpaste",115.00,10.00,6,103.00,100,False,100
3426,"Personal Care","Dettol SKincare Handwash Value Refill",109.00,3.00,6,105.00,750,False,750
3427,"Personal Care","Savlon Herbal Sensitive Liquid Handwash Refill Pouch",115.00,4.00,6,110.00,750,False,500
3428,"Personal Care","Colgate Total 12 Whole Mouth Protection Toothpaste",120.00,10.00,6,108.00,120,False,120
3429,"Personal Care","Lux International Creamy White Soap Bar",35.00,2.00,6,34.00,75,False,75
3430,"Personal Care","Colgate Herbal Toothpaste",114.00,18.00,2,93.00,200,False,200
3431,"Personal Care","Nivea Men Deodorant Fresh Active 48h Long lasting Freshness",225.00,24.00,6,169.00,150,False,150
3432,"Personal Care","Dabur Meswak Toothpaste",58.00,5.00,6,55.00,100,False,100
3433,"Personal Care","Colgate Max Fresh Cooling Crystals Toothpaste",101.00,5.00,2,95.00,150,False,150
3434,"Personal Care","Indulekha Bhringa Hair Oil",432.00,15.00,6,367.00,100,False,100
3435,"Personal Care","Colgate Sensitive Soft Bristles Toothbrush",50.00,0.00,6,50.00,58,False,1
3436,"Personal Care","Pears Pure & Gentle Glycerin Bath Soap",75.00,0.00,6,75.00,125,False,125
3437,"Personal Care","Vaseline Skin Protecting Jelly",79.00,13.00,6,68.00,50,False,50
3438,"Personal Care","Dettol Original Germ Protection Bathing Soap Bar",166.00,5.00,4,157.00,375,False,375
3439,"Personal Care","Dettol Intense Cool Soap (B4G1)",260.00,5.00,6,247.00,625,False,625
3440,"Personal Care","Livon Anti-Frizz Serum",250.00,10.00,3,225.00,100,False,100
3441,"Personal Care","Lifebuoy Germ Protection Care Soap Bar",30.00,3.00,3,29.00,100,False,125
3442,"Personal Care","Lux International Creamy White Soap Bar",70.00,10.00,6,63.00,125,False,125
3443,"Personal Care","Godrej Nupur ã»100% Pure Henna (Mehendi)",10.00,0.00,6,10.00,18,False,18
3444,"Personal Care","Glow & Lovely Advanced Multivitamin Face Cream",213.00,10.00,6,190.00,110,False,110
3445,"Personal Care","Set Wet Style Vertical Hold Hair Gel",50.00,10.00,4,45.00,50,False,50
3446,"Personal Care","Godrej Expert Rich Créªe, Natural Black",30.00,0.00,6,30.00,20,False,20
3447,"Personal Care","Nycil Germ Expert Cool Herbal Talc",130.00,8.00,1,119.00,150,False,200
3448,"Personal Care","Godrej Expert Creme Hair Natural Brown Colour ",30.00,0.00,6,30.00,20,False,20
3449,"Personal Care","Veet Sensitive Skin Hair Removal Cream",135.00,5.00,6,128.00,50,False,50
3450,"Personal Care","Closeup Everfresh+ Anti-Germ Gel Toothpaste Red Hot",50.00,2.00,1,49.00,80,False,80
3451,"Personal Care","Pears Pure And Gentle Value Pack Of 3 Bathing Soap",199.00,6.00,5,186.00,375,False,375
3452,"Personal Care","Gillette Presto Ready Shaver 5 Cartridges ",88.00,6.00,6,82.00,290,False,5
3453,"Personal Care","Closeup Everfresh+ Anti-Germ Gel Toothpaste Red Hot",160.00,10.00,4,144.00,300,False,300
3454,"Personal Care","Godrej Expert Rich Créªe, Dark Brown",30.00,0.00,4,30.00,20,False,20
3455,"Personal Care","Nivea Soft Light Moisturizer for Face Hand & Body Non-Sticky Cream with Vitamin E & Jojoba Oil ",185.00,15.00,3,157.00,100,False,100
3456,"Personal Care","Fiama Gel Bar Celebration Pack Buy 4 Get 1 Free",290.00,10.00,6,261.00,625,False,625
3457,"Personal Care","Gillette Sensitive Shaving Foam",225.00,6.00,4,210.00,418,False,418
3458,"Personal Care","Dove Hair Fall Rescue Shampoo",150.00,6.00,5,141.00,180,False,180
3459,"Personal Care","Gillette Mach 3 Mens Razor Blades",499.00,7.00,4,460.00,232,False,4
3460,"Personal Care","Palmolive Aroma Absolute Relax Shower Gel",199.00,20.00,2,159.00,250,False,250
3461,"Personal Care","Godrej Protekt Germ Fighter Handwash",99.00,0.00,6,99.00,750,False,750
3462,"Personal Care","Dettol Hand Sanitizer",100.00,5.00,6,95.00,200,False,200
3464,"Personal Care","Dettol Original Liquid Handwash",89.00,4.00,6,85.00,200,False,200
3465,"Personal Care","L'Oreal Paris Total Repair 5 Conditioner",199.00,0.00,6,199.00,192,False,180
3466,"Personal Care","Patanjali Saundarya Aloe Vera Gel",90.00,0.00,5,90.00,150,False,150
3467,"Personal Care","Head & Shoulders 2 In 1 Anti Dandruff Shampoo Conditioner ",195.00,10.00,4,174.00,180,False,180
3468,"Personal Care","Clean & Clear Pimple Clearing Face Wash",130.00,10.00,2,117.00,80,False,80
3469,"Personal Care","Himalaya Anti Dandruff Shampoo",140.00,8.00,2,128.00,200,False,200
3470,"Personal Care","Stayfree Secure Dry Cover Regular Sanitary Pad With Wings",30.00,3.00,6,29.00,406,False,7
3471,"Personal Care","Savlon Moisture Shield Hand Wash",99.00,4.00,6,95.00,750,False,750
3472,"Personal Care","Dove Intense Repair Conditioner",190.00,14.00,6,162.00,175,False,80
3473,"Personal Care","Dabur Gulabari Rose Glow Face Cleanse",75.00,5.00,4,71.00,100,False,100
3474,"Personal Care","Parachute Jasmine Hair Oil",82.00,9.00,6,74.00,190,False,190
3475,"Personal Care","Johnson's Baby Skincare Wipes",79.00,6.00,6,74.00,1160,False,20
3476,"Personal Care","Dettol Skincare Liquid Hand Wash",79.00,0.00,6,79.00,200,False,200
3477,"Personal Care","Old Spice Original Lather Shaving Cream",75.00,9.00,6,68.00,70,False,70
3478,"Personal Care","Veet Hair Removal Cream Dry Skin",135.00,5.00,5,128.00,50,False,50
3479,"Personal Care","L'Oreal Paris Total Repair 5 Shampoo",265.00,0.00,2,265.00,396,False,360
3480,"Personal Care","Fiama Menthol & Magnolia Cooling Gel Bar Soap",160.00,11.00,6,141.00,375,False,375
3481,"Personal Care","Nivea Lip Balm Original Care for 24h Moisture with Shea Butter & Natural Oils",140.00,15.00,6,119.00,5,False,4
3482,"Personal Care","Oral-B Charcoal Deep Clean Stain Removal Toothbrush Soft",99.00,0.00,3,99.00,232,False,4
3483,"Personal Care","Neutrogena Ultra Sheer Dry Touch SPF 50+ Sunblock Sunscreen Lotion",250.00,10.00,3,225.00,30,False,30
3484,"Personal Care","Clinic Plus Strong & Long Health Shampoo",499.00,10.00,3,449.00,650,False,650
3485,"Personal Care","Johnson's Baby No More Tears Baby Shampoo",98.00,0.00,5,98.00,100,False,100
3486,"Personal Care","Colgate Zig Zag Toothbrush",120.00,0.00,3,120.00,348,False,6
3487,"Personal Care","Savlon Moisture Shield Germ Protection Handwash Refill (Buy 1 Get 1 Free)",189.00,0.00,6,189.00,1500,False,1500
3488,"Personal Care","Colgate Sensitive Everyday Protection Anticavity Toothpaste",75.00,0.00,6,75.00,40,False,40
3489,"Personal Care","Whisper Ultra Soft XL+ Sanitary Pads",330.00,2.00,6,323.00,30,False,30
3490,"Personal Care","Garnier Colour Naturals Hair Colour - 1 Natural Black",80.00,0.00,1,80.00,60,False,60
3491,"Personal Care","Axe Pulse Men's Deodorant",210.00,0.00,6,210.00,150,False,150
3492,"Personal Care","Colgate Zigzag Charcoal Soft Bristle Toothbrush - 4 Pcs",99.00,0.00,6,99.00,232,False,4
3493,"Personal Care","Whisper Ultra Clean Wings XL+  Pouch",449.00,7.00,6,415.00,44,False,44
3494,"Personal Care","Whisper Choice Regular Sanitary Pads",90.00,0.00,6,90.00,1160,False,20
3495,"Personal Care","Axe Dark Temptation Men's Deodorant",210.00,7.00,5,194.00,150,False,150
3496,"Personal Care","Head & Shoulders Anti-Dandruff Smooth & Silky Shampoo",150.00,0.00,4,150.00,180,False,180
3497,"Personal Care","Clinic Plus Strength & Shine Shampoo With Egg Protein ",105.00,0.00,2,105.00,175,False,175
3498,"Personal Care","Engage M1 Perfume Spray for Men ",210.00,7.00,6,194.00,120,False,120
3499,"Personal Care","Tresemme Keratin Smooth Conditioner",380.00,0.00,3,380.00,340,False,340
3500,"Personal Care","Garnier Color Naturals Créªe Hair Color, Shade 5 Light Brown",180.00,0.00,1,180.00,100,False,100
3501,"Personal Care","Origami Aloe Vera Wipes",75.00,13.00,4,65.00,25,False,25
3502,"Personal Care","Engage Drizzle Deodorant For Women, Floral And Lavender, Skin Friendly",195.00,10.00,6,174.00,150,False,150
3503,"Personal Care","Gellette Presto Ready Shaver",20.00,0.00,1,20.00,58,False,1
3504,"Personal Care","Colgate Max Fresh Plax Mouthwash - Fresh Mint",150.00,20.00,5,120.00,250,False,250
3505,"Personal Care","Colgate Zig Zag Charcoal Medium Toothbrush 4 Pcs",99.00,0.00,6,99.00,232,False,4
3506,"Personal Care","Godrej Protekt",99.00,0.00,3,99.00,750,False,750
3507,"Personal Care","Colgate Total Charcoal Anticavity Toothpaste",110.00,10.00,3,99.00,120,False,120
3508,"Personal Care","Colgate Kids 0-2 Extra Soft Tooth Brush",30.00,16.00,6,25.00,58,False,1
3509,"Personal Care","Gillete Mach3 ",260.00,10.00,6,234.00,116,False,2
3510,"Personal Care","Maybelline New York Colossal Kajal Black",149.00,0.00,2,149.00,0,False,0
3511,"Personal Care","Godrej Cinthol Lime Talc",55.00,0.00,3,55.00,100,False,100
3512,"Personal Care","Hamam Soap Bar Neem Tulsi and Aloe Vera",58.00,0.00,6,58.00,150,False,150
3513,"Personal Care","Godrej Expert Rich Créªe, Burgundy",33.00,0.00,6,33.00,20,False,20
3514,"Personal Care","Colgate Gentle Sensitive+ Toothbrush Pack Of 4",120.00,10.00,4,108.00,232,False,4
3515,"Personal Care","Nivea Creme All Season Multi-Purpose Cream ",175.00,10.00,4,157.00,100,False,100
3516,"Personal Care","Oral-B Charcoal Deep Clean Stain Removal Toothbrush Medium",99.00,0.00,1,99.00,232,False,4
3517,"Personal Care","Mamaearth 100% Natural Berry Blast Kids Toothpaste",149.00,10.00,4,134.00,50,False,50
3518,"Personal Care","HImalaya Gentle Baby Wipes",200.00,10.00,3,180.00,72,False,72
3519,"Personal Care","Stayfree Dry Max All Night XL Dry Cover Sanitary Pads",340.00,12.00,6,298.00,28,False,28
3520,"Personal Care","L'Oreal Paris Excellence Creme Hair Color, 1 Black",620.00,0.00,1,620.00,172,False,172
3521,"Personal Care","Fem Fairness Naturals Saffron Skin Bleach",85.00,15.00,4,72.00,64,False,64
3522,"Personal Care","Engage Woman Blush Body Deo Spray",195.00,10.00,5,174.00,150,False,150
3523,"Personal Care","Dove Pink Rosa Beauty Bathinhg Bar",60.00,0.00,6,60.00,100,False,100
3524,"Personal Care","Sebamed Cleansing Bar",99.00,10.00,4,89.00,100,False,100
3525,"Personal Care","Pampers Premium Care Pants - Large",1099.00,18.00,2,899.00,44,False,44
3526,"Personal Care","Nivea Women Deodorant Fresh Natural Long Lasting Freshness & 48h Protection",199.00,20.00,2,159.00,150,False,150
3527,"Personal Care","L'Oreal Paris Excellence Creme Hair Color, 3 Dark Brown/Natural Darkest Brown",620.00,0.00,6,620.00,172,False,172
3528,"Personal Care","Patanjali Kesh Kanti Natural Hair Cleanser",75.00,9.00,4,68.00,200,False,200
3529,"Personal Care","Godrej No.1 Bathing Soap ã»Lime & Aloe Vera",149.00,0.00,6,149.00,600,False,600
3530,"Personal Care","Pantene Advanced Control Hair Fall Solution Shampoo",120.00,6.00,5,112.00,180,False,180
3531,"Personal Care","Veet Full Body Waxing Kit For Dry Skin",235.00,7.00,6,218.00,1160,False,20
3532,"Personal Care","Johnson's Baby Skincare Wipes",245.00,9.00,6,221.00,72,False,72
3533,"Personal Care","Gillette Lemon Lime Shaving Foam",199.00,11.00,4,177.00,196,False,196
3534,"Personal Care","Old Spice After Shave Lotion Musk",215.00,6.00,3,200.00,100,False,100
3535,"Personal Care","Whisper Ultra Soft Air Fresh Sanitary Pads (XL) with Wings",315.00,0.00,4,315.00,30,False,30
3536,"Personal Care","Himalaya Baby Powder",80.00,8.00,4,73.00,100,False,100
3537,"Personal Care","Fiama Men's Refreshing Pulse Shower Gel",225.00,20.00,4,180.00,250,False,250
3538,"Personal Care","Whisper Ultra Clean XL Plus Sanitary Pad",175.00,0.00,5,175.00,870,False,15
3539,"Personal Care","Johnson's Baby Powder",143.00,0.00,6,143.00,200,False,200
3540,"Personal Care","Dove Cream Beauty Bathing Bar",235.00,9.00,6,212.00,125,False,125
3541,"Personal Care","Patanjali Kesh Kanti Shikakai Hair Cleanser",95.00,0.00,4,95.00,200,False,200
3542,"Personal Care","L'Oreal Paris Color Protect Conditioner",199.00,0.00,3,199.00,192,False,192
3543,"Personal Care","Nivea Men Active Clean with Active Charcoal Shower Gel for Body Face & Hair",199.00,4.00,5,191.00,250,False,250
3544,"Personal Care","L'Oreal 6 Oil Nourish Conditioner",135.00,0.00,1,135.00,192,False,192
3545,"Personal Care","Godrej Easy Natural Black Hair Colour",25.00,0.00,5,25.00,20,False,20
3546,"Personal Care","Dabur Gulabari Rose Water Daily Glow",80.00,6.00,2,75.00,250,False,250
3547,"Personal Care","Himalaya Purifying Neem Face Wash",170.00,10.00,6,153.00,150,False,150
3548,"Personal Care","Fem Fairness Naturals Gold Skin Bleach",65.00,9.00,3,59.00,24,False,24
3549,"Personal Care","Whisper Choice Ultra XL Sanitary Pad",133.00,2.00,5,130.00,1160,False,20
3550,"Personal Care","Dove Dandruff Care Shampoo",158.00,6.00,5,147.00,180,False,180
3551,"Personal Care","Head & Shoulders Anti Dandruff Anti Hairfall Shampoo",285.00,0.00,5,285.00,340,False,240
3552,"Personal Care","L'Oreal Casting Creme Ebony Black Hair Color",550.00,0.00,6,550.00,159,False,87
3553,"Personal Care","Mamaearth Onion Hair Oil",399.00,10.00,6,359.00,150,False,150
3554,"Personal Care","L'Oreal Paris Casting Creme Gloss Hair Color (Dark Brown 400)",550.00,0.00,4,550.00,159,False,159
3555,"Personal Care","Palmolive Naturals Sea Minerals Liquid Hand Wash",99.00,10.00,6,89.00,250,False,250
3556,"Personal Care","Oral-B Extra Soft Bristles Sensitive ",98.00,0.00,4,98.00,232,False,4
3557,"Personal Care","Engage M3 Perfume Spray for Men",200.00,10.00,3,180.00,120,False,120
3558,"Personal Care","Mamaearth Deeply Nourishing wash for Babies",199.00,0.00,4,199.00,200,False,200
3559,"Personal Care","Dettol Original Soap (B4G1)",260.00,5.00,6,247.00,625,False,625
3560,"Personal Care","Woodward's Gripe Water",75.00,0.00,6,75.00,200,False,200
3561,"Personal Care","MamyPoko Pants Extra Absorb Diapers, New Born",299.00,6.00,5,279.00,28,False,28
3562,"Personal Care","Johnson's Baby Soap",70.00,0.00,6,70.00,100,False,100
3563,"Personal Care","Engage M4 Perfume Spray For Men",200.00,10.00,6,180.00,120,False,120
3564,"Personal Care","Fem Fairness Naturals Hair Removal Cream Fair & Soft - Gold",65.00,10.00,4,58.00,40,False,40
3565,"Personal Care","Dove Hair Fall Rescue Conditioner",190.00,0.00,4,190.00,175,False,175
3566,"Personal Care","Himalaya Anti Hair Fall Shampoo",130.00,12.00,2,114.00,200,False,200
3567,"Personal Care","Fiama Peach & Avocado Gel Bar",176.00,10.00,3,158.00,375,False,375
3568,"Personal Care","Pears Pure & Gentle Value Pack Of 4 Bathing Soap ",125.00,0.00,6,125.00,75,False,75
3569,"Personal Care","Fiama Fresh Hand Wash",150.00,6.00,3,140.00,400,False,400
3570,"Personal Care","Palmolive Black Orchid And Milk Liquid Hand Wash",99.00,10.00,6,89.00,250,False,250
3571,"Personal Care","Oral-B Criss Cross Medium Toothbrush (Buy 2 Get 2 Free)",160.00,0.00,5,160.00,232,False,4
3572,"Personal Care","Gillette Mach 3 Turbo Razor",349.00,6.00,5,325.00,58,False,1
3573,"Personal Care","Himalaya Baby Lotion",165.00,12.00,3,145.00,200,False,200
3574,"Personal Care","Head & Shoulders 2-in-1 Cool Menthol Anti Dandruff Shampoo + Conditioner",375.00,0.00,1,375.00,340,False,180
3575,"Personal Care","Sunsilk Lusciously Thick & Long Shampoo",249.00,6.00,6,234.00,340,False,340
3576,"Personal Care","Fiama Di Wills Men's Refreshing Pulse Shower Gel",225.00,4.00,3,214.00,250,False,250
3577,"Personal Care","Sebamed Anti - Dandruff Shampoo",600.00,10.00,2,540.00,200,False,200
3578,"Personal Care","Listerine Cool Mint Mouthwash - Mild Taste",150.00,10.00,6,135.00,250,False,250
3579,"Personal Care","L'Oreal Paris Excellence Creme Hair Color, 4.25 Aishwarya's Brown",620.00,0.00,6,620.00,172,False,172
3580,"Personal Care","Himalaya Gentle Baby Bath",165.00,9.00,6,150.00,200,False,200
3581,"Personal Care","L'Oreal Paris Casting Creme Gloss Hair Color, Medium Brown 500",550.00,0.00,4,550.00,160,False,159
3582,"Personal Care","L'Oreal Paris Color Protect Shampoo",282.00,0.00,3,282.00,360,False,360
3583,"Personal Care","Fiama Di Wills Lemongrass & Jojoba Gel Bar",176.00,10.00,6,158.00,375,False,375
3584,"Personal Care","Colgate Plax Peppermint Mouthwash",150.00,20.00,5,120.00,250,False,250
3585,"Personal Care","Dove Daily Shine Conditioner",90.00,10.00,1,81.00,80,False,80
3586,"Personal Care","Patanjali Kesh Kanti Anti Dandruff Hair Cleanser",110.00,0.00,6,110.00,200,False,200
3587,"Personal Care","Old Spice Original After Shave Lotion",250.00,0.00,1,250.00,150,False,150
3588,"Personal Care","Dove Hair Fall Rescue Shampoo",137.00,10.00,4,123.00,180,False,180
3589,"Personal Care","Dettol Clinical Strength Hand Sanitizer Liquid",250.00,10.00,6,225.00,500,False,500
3590,"Personal Care","Nivea Soft Light Moisturizer for Face Hand & Body Non-Sticky Cream with Vitamin E & Jojoba Oil",399.00,20.00,3,319.00,300,False,300
3591,"Personal Care","Comfy Baby Pants XL 12-17 kg",429.00,15.00,1,364.00,24,False,24
3592,"Personal Care","Dettol Liquid Handwash With Free Liquid",99.00,0.00,6,99.00,200,False,200
3593,"Personal Care","Nivea Body Milk Lotion for Very Dry Skin",399.00,20.00,6,319.00,400,False,400
3594,"Personal Care","Lakme Sun Expert",225.00,0.00,6,225.00,60,False,60
3595,"Personal Care","Head & shoulders Anti Dandruff Shampoo Cool Menthol",170.00,0.00,6,170.00,180,False,180
3596,"Personal Care","Godrej Nupur Henna",75.00,0.00,5,75.00,150,False,120
3597,"Personal Care","Johnson's Baby Lotion",100.00,0.00,4,100.00,100,False,100
3598,"Personal Care","Himalaya Anti Dandruff Shampoo",140.00,10.00,1,126.00,200,False,200
3599,"Personal Care","Maybelline New York Colossal Kajal Super Black",300.00,8.00,3,275.00,0,False,0
3600,"Personal Care","Stayfree Dry-Max All Night Ultra-Dry Sanitary Pad",90.00,10.00,6,81.00,406,False,7
3601,"Personal Care","Dove Daily Shine Shampoo",645.00,5.00,3,612.00,650,False,650
3602,"Personal Care","Godrej Easy 5 Minute Natural Brown 4 Hair Colour",29.00,0.00,5,29.00,20,False,20
3603,"Personal Care","Colgate Sensitive Plus Enamel Toothpaste Tube",140.00,0.00,6,140.00,160,False,160
3604,"Personal Care","Colgate Max Fresh Peppermint Toothpaste ",182.00,15.00,6,154.00,300,False,300
3605,"Personal Care","Pond's Light Moisturiser",309.00,10.00,6,278.00,250,False,250
3606,"Personal Care","Engage Mate For Man Deo Spray",195.00,10.00,5,174.00,150,False,150
3607,"Personal Care","Pantene Advanced Hair Fall Solution Shampoo - Total Damage Care",120.00,0.00,5,120.00,180,False,180
3608,"Personal Care","Whisper Choice Regular Wing Sanitary Pad",30.00,0.00,2,30.00,406,False,7
3609,"Personal Care","Colgate Slim Soft Charcoal Toothbrush",150.00,18.00,4,123.00,232,False,4
3610,"Personal Care","Fiama Scents Juniper & Geranium Body Wash",199.00,6.00,5,186.00,250,False,250
3611,"Personal Care","Mamaearth Ubtan Body Lotion",399.00,15.00,4,339.00,400,False,400
3612,"Personal Care","Godrej Aer Power Pocket - Long Lasting Bathroom Fragrance Floral Delight",55.00,0.00,6,55.00,10,False,10
3613,"Personal Care","Himalaya Anti-Hair Fall Shampoo",230.00,18.00,1,188.00,400,False,400
3614,"Personal Care","Nivea Soft Light Moisturizer for Face Hand & Body Non-Sticky Cream with Vitamin E & Jojoba Oil",310.00,15.00,6,263.00,200,False,200
3615,"Personal Care","Engage M2 Perfume Spray For Men",200.00,10.00,6,180.00,120,False,120
3616,"Personal Care","Listerine Cool Mint Mouthwash - Mild Taste",150.00,10.00,6,135.00,250,False,250
3617,"Personal Care","Mamaearth Ubtan Face Scrub Turmeric & Walnut",349.00,10.00,1,314.00,100,False,100
3618,"Personal Care","Himalaya Purifying Neem Face Wash Tube",270.00,15.00,6,229.00,300,False,300
3619,"Personal Care","Johnson's Baby Top To Toe Bath Body Wash",165.00,0.00,4,165.00,210,False,210
3620,"Personal Care","Gillette Mach 3 Start",249.00,0.00,6,249.00,116,False,2
3621,"Personal Care","Scalpe Pro Anti dandruff Shampoo 100ml",185.00,0.00,2,185.00,100,False,100
3622,"Personal Care","Johnson's Baby Cream",150.00,0.00,6,150.00,100,False,100
3623,"Personal Care","Johnson's Baby Soap",105.00,0.00,6,105.00,150,False,150
3624,"Personal Care","Himalaya Gentle Baby Shampoo",320.00,17.00,6,265.00,400,False,400
3625,"Personal Care","L'Oreal Paris Shine Masque Royal Jelly Hair Colour",550.00,0.00,3,550.00,88,False,87
3626,"Personal Care","Engage Rush Deodorant For Men",190.00,11.00,6,169.00,150,False,150
3627,"Personal Care","Clean & Clear Foaming Face Wash",140.00,10.00,4,126.00,100,False,100
3628,"Personal Care","Dettol Lather Shaving Cream",75.00,5.00,6,71.00,78,False,78
3629,"Personal Care","Gillette Classic Regular Pre Shave Foam",199.00,0.00,4,199.00,196,False,196
3630,"Personal Care","Dove Daily Shine Conditioner",190.00,0.00,6,190.00,175,False,180
3631,"Personal Care","Johnson's Baby Shampoo",180.00,0.00,6,180.00,200,False,200
3632,"Personal Care","Park Avenue Beer Shampoo ",155.00,9.00,4,140.00,180,False,180
3633,"Personal Care","Pantene Advanced Hair Fall Solution Silky Smooth Care Shampoo",120.00,6.00,6,112.00,180,False,180
3634,"Personal Care","Fem Fairness Naturals Hair Removal Cream Fair & Soft - Rose",65.00,10.00,6,58.00,40,False,40
3635,"Personal Care","Sunsilk Stunning Black Shine Shampoo",555.00,6.00,6,521.00,650,False,650
3636,"Personal Care","Dabur Meswak Toothpaste",100.00,0.00,1,100.00,200,False,200
3637,"Personal Care","Patanjali Kesh Kanti Reetha Hair Cleanser",85.00,0.00,5,85.00,200,False,200
3638,"Personal Care","Nivea Lip Balm Soft Rose for 24h Moisture with Natural Oils Delicate Rose Shine",185.00,8.00,6,169.00,5,False,4
3639,"Personal Care","Santoor Total Skin Care Soap With Sandal & Turmeric",180.00,0.00,6,180.00,600,False,600
3640,"Personal Care","L'Oreal Paris Excellence Creme Hair Color, 4 Natural Brown/Natural Dark Brown",620.00,0.00,1,620.00,172,False,172
3641,"Personal Care","Gillette Pre Shave Foam - Classic Regular Skin",225.00,0.00,6,225.00,418,False,418
3642,"Personal Care","Fiama Di Wills Shower Gel Patchouli & Macadamia",199.00,10.00,6,179.00,250,False,250
3643,"Personal Care","Listerine Fresh Burst Mouthwash",140.00,10.00,4,126.00,250,False,250
3644,"Personal Care","Nivea Cocoa Nourish Body Lotion With Coconut Oil & Cocoa Butter For Very Dry Skin ",299.00,17.00,5,247.00,200,False,200
3645,"Personal Care","Pantene Hair Fall Control Shampoo",240.00,7.00,2,221.00,340,False,340
3646,"Personal Care","Fogg Master - Royal Intense",250.00,0.00,5,250.00,120,False,120
3647,"Personal Care","TRESemme Smooth And Shine Conditioner",220.00,0.00,5,220.00,190,False,190
3648,"Personal Care","Whisper Ultra Clean XL Plus Sanitary Pad",155.00,0.00,6,155.00,870,False,15
3649,"Personal Care","Colgate Kids Toothpaste - 6+ Years, Strawberry Flavour",93.00,5.00,6,88.00,80,False,80
3650,"Personal Care","Nivea Soft Moisturizing Cream",310.00,12.00,1,272.00,200,False,200
3651,"Personal Care","Patanjali Kesh Kanti Aloe Vera Hair Cleanser",85.00,0.00,5,85.00,200,False,200
3652,"Personal Care","Neutrogena Deep Clean Foaming Cleanser",130.00,11.00,2,115.00,50,False,50
3653,"Personal Care","Clean & Clear Morning Energy Berry Face Wash",155.00,6.00,6,145.00,100,False,100
3654,"Personal Care","Pampers Premium Care New Baby Pants",320.00,0.00,4,320.00,24,False,24
3655,"Personal Care","Vaseline Intensive Care Aloe Fresh",225.00,9.00,6,203.00,200,False,200
3656,"Personal Care","L'Oreal Paris Dream Lengths Shampoo",149.00,0.00,6,149.00,192,False,192
3658,"Personal Care","Engage Man Rush Deodorant",195.00,9.00,6,176.00,150,False,150
3659,"Personal Care","Pantene Advanced Hair Fall Solution Shampoo - Total Damage Care",264.00,0.00,6,264.00,340,False,340
3660,"Personal Care","Whisper Daily Liners Clean and Fresh",105.00,0.00,4,105.00,1160,False,20
3661,"Personal Care","Himalaya Men Pimple Clear Neem Face Wash",180.00,9.00,2,163.00,100,False,100
3662,"Personal Care","Pantene Adv Hairfall Solution Conditioner Silky Smooth",190.00,0.00,5,190.00,200,False,200
3663,"Personal Care","Himalaya Prickly Heat Baby Powder",90.00,10.00,6,81.00,100,False,100
3664,"Personal Care","Mamaearth Daily Moisturizing Lotion For Babies",199.00,0.00,6,199.00,200,False,200
3665,"Personal Care","Stayfree Advanced XL Ultra Comfort Sanitary napkins with Wings",175.00,0.00,3,175.00,812,False,14
3666,"Personal Care","Pampers Premium Care Pants - Medium",1099.00,18.00,6,899.00,54,False,54
3667,"Personal Care","Fiama Men's Refreshing Pulse Shower Gel",199.00,10.00,6,179.00,250,False,250
3668,"Personal Care","Vaseline Original Skin Protecting Jelly",125.00,10.00,6,112.00,100,False,100
3669,"Personal Care","Clean & Clear Foaming Face Wash",180.00,10.00,6,162.00,150,False,150
3670,"Personal Care","Fiama Lemongrass and Jojoba Shower Gel",225.00,20.00,6,180.00,250,False,250
3671,"Personal Care","Oral-B Charcoal Cross Cross Extra Soft Toothbrush (Buy 2 Get 1 Free)",180.00,0.00,1,180.00,174,False,3
3672,"Personal Care","Listerine Fresh Burst Mouthwash",285.00,7.00,6,263.00,500,False,500
3673,"Personal Care","Veet Full Body Waxing Kit",235.00,7.00,6,218.00,1160,False,20
3674,"Personal Care","Listerine Original Mouthwash",55.00,9.00,6,50.00,80,False,80
3675,"Personal Care","Santoor Almond Soft With Sandal & Almond Milk",180.00,0.00,2,180.00,625,False,625
3676,"Personal Care","Nivea Body Shea Smooth with Shea Butter for Dry Skin",425.00,20.00,5,340.00,400,False,9
3677,"Personal Care","Neutrogena Deep Clean Facial Cleanser",130.00,0.00,4,130.00,50,False,50
3678,"Personal Care","L'Oreal Paris Excellence Creme Hair Color, 3.16 Burgundy",550.00,0.00,3,550.00,159,False,172
3679,"Personal Care","Johnson's Baby Powder",235.00,0.00,6,235.00,400,False,400
3680,"Personal Care","Bombay Shaving Company Charcoal Face Wash",249.00,0.00,4,249.00,100,False,100
3681,"Personal Care","Colgate Kids 2+ Years Extra Soft Toothbrush",20.00,0.00,3,20.00,58,False,1
3682,"Personal Care","Veet Hair Removal Cream (Normal Skin)",135.00,5.00,6,128.00,50,False,50
3683,"Personal Care","Dove Daily Shine Shampoo",240.00,0.00,4,240.00,340,False,340
3684,"Personal Care","L'Oreal Anti Hair Fall Conditioner",199.00,0.00,6,199.00,192,False,192
3685,"Personal Care","Nivea Body Lotion Aloe Hydration For Normal Skin ",275.00,10.00,6,247.00,200,False,200
3686,"Personal Care","Pampers Pants - Large",1549.00,45.00,3,849.00,82,False,82
3687,"Personal Care","Engage Urge Deodorant For Men, Citrus And Woody, Skin Friendly",195.00,10.00,6,174.00,150,False,150
3688,"Personal Care","Head & Shoulders 2 In 1 Anti Dandruff Smooth & Silky Shampoo+Conditioner",375.00,10.00,6,334.00,340,False,340
3689,"Personal Care","Fem Fairness Natural Gold Skin Bleach",85.00,7.00,4,79.00,64,False,64
3690,"Personal Care","Engage Deo Frost",195.00,9.00,6,176.00,150,False,150
3691,"Personal Care","Stayfree Secure XL Size Sanitary Napkins",115.00,0.00,5,115.00,1160,False,20
3692,"Personal Care","Pampers Pants - Medium",699.00,21.00,1,549.00,50,False,50
3693,"Personal Care","Pampers Active Baby Diapers New Born Extra Small ",1099.00,22.00,3,849.00,72,False,72
3694,"Personal Care","Nivea Creme, All Season Multi-Purpose Cream",175.00,9.00,6,158.00,100,False,100
3695,"Personal Care","Woodwards Gripe Water ",50.00,0.00,4,50.00,130,False,130
3696,"Personal Care","Clean & Clear Morning Energy Aqua Splash Face Wash",145.00,9.00,5,131.00,100,False,100
3697,"Personal Care","Sunsilk Lusciously Thick & Long Shampoo",555.00,6.00,6,521.00,650,False,650
3698,"Personal Care","Mamaearth Skin Correct Face Serum",599.00,15.00,1,509.00,30,False,30
3699,"Personal Care","Chik Hairfall Prevent Egg Shampoo",178.00,0.00,6,178.00,340,False,340
3700,"Personal Care","Pantene Silky Smooth Care Shampoo",225.00,6.00,3,210.00,340,False,340
3701,"Personal Care","Garnier Skin Naturals, Micellar Cleansing Water",199.00,5.00,4,189.00,125,False,125
3702,"Personal Care","Set Wet Swag Avatar Deodorant & Body Spray Perfume For Men",199.00,0.00,1,199.00,150,False,150
3703,"Personal Care","Pampers All Round Protection Pants - Medium",699.00,17.00,6,575.00,50,False,50
3704,"Personal Care","Set Wet Deodrant Charm Avatar",199.00,0.00,1,199.00,150,False,150
3705,"Personal Care","Nupur Heena Mehandi",199.00,0.00,6,199.00,500,False,500
3706,"Personal Care","Head & Shoulders 2-in-1 Active Protect Shampoo",375.00,9.00,6,338.00,340,False,340
3707,"Personal Care","Gillette Mach 3 Turbo Cartridges",649.00,10.00,6,578.00,232,False,4
3708,"Personal Care","TRESemme Smooth And Shine Conditioner",210.00,13.00,1,182.00,190,False,190
3709,"Personal Care","Bombay Shaving Company Sensitive Cartridges",375.00,0.00,2,375.00,116,False,2
3710,"Personal Care","Himalaya Baby Lotion",300.00,12.00,1,264.00,400,False,400
3711,"Personal Care","Old Spice Lime Lather Shaving Cream",75.00,0.00,6,75.00,70,False,70
3712,"Personal Care","Colgate Sensitive Plus Anticavity Toothpaste ",140.00,10.00,6,126.00,70,False,70
3713,"Personal Care","Colgate Toothpaste For Kids Motu Oatlu",93.00,0.00,6,93.00,80,False,80
3714,"Personal Care","Pantene Total Damage Care Shampoo",120.00,0.00,6,120.00,180,False,180
3715,"Personal Care","Himalaya Moisturising Aloe Vera Facial Wipes",100.00,10.00,6,90.00,25,False,25
3716,"Personal Care","Savlon Moisture Shield Hand Wash",69.00,0.00,5,69.00,200,False,200
3717,"Personal Care","Pampers Active Baby Diapers New Born Extra Small",360.00,10.00,6,324.00,24,False,24
3718,"Personal Care","Himalaya Anti Dandruff Shampoo",260.00,18.00,1,213.00,400,False,400
3719,"Personal Care","Himalaya Anti Hair Fall Shampoo",490.00,25.00,4,367.00,700,False,700
3720,"Personal Care","Johnson's Baby Oil",200.00,0.00,6,200.00,200,False,200
3721,"Personal Care","Vaseline Intensive Care Deep Moisture Body Lotion",325.00,0.00,4,325.00,400,False,400
3722,"Personal Care","L'Oreal Paris Dream Lengths Conditioner",199.00,0.00,1,199.00,193,False,193
3723,"Personal Care","Nivea Soft Light Moisturizing Cream",185.00,15.00,6,157.00,100,False,100
3724,"Personal Care","Whisper Ultra Soft XL+ Sanitary Pads",555.00,0.00,1,555.00,60,False,60
3725,"Personal Care","Palmolive Feel The Massage Shower Gel",249.00,20.00,6,199.00,250,False,250
3726,"Personal Care","L'Oreal Paris Dream Lengths Conditioner",209.00,0.00,3,209.00,193,False,193
3727,"Personal Care","Head & Shoulders Anti-Dandruff Smooth & Silky Shampoo",285.00,6.00,6,266.00,340,False,340
3728,"Personal Care","Mamaearth Moisturizing Baby Bath Soap",249.00,0.00,4,249.00,150,False,150
3729,"Personal Care","Listerine Original Mouthwash",150.00,10.00,6,135.00,250,False,250
3730,"Personal Care","Himalaya Gentle Baby Shampoo",170.00,14.00,6,146.00,200,False,200
3731,"Personal Care","Dove Dryness Care Shampoo",268.00,5.00,1,252.00,340,False,340
3732,"Personal Care","Dove Hair Fall Rescue Shampoo",280.00,15.00,6,236.00,340,False,340
3733,"Personal Care","Head & Shoulders Anti Dandruff Shampoo Cool Menthol",295.00,9.00,6,266.00,340,False,340
3734,"Personal Care","Bombay Shaving Company Defender Razor",345.00,0.00,6,345.00,58,False,1
3735,"Personal Care","Head & Shoulders Shampoo + Conditioner - 2-In-1, Cool Menthol",365.00,0.00,1,365.00,340,False,340
3736,"Personal Care","Himalaya Baby Nourishing Massage Oil",200.00,20.00,2,160.00,200,False,250
3737,"Personal Care","Himalaya Baby Powder",235.00,20.00,6,188.00,400,False,400
3738,"Personal Care","Fogg Paradise Fragrant Body Spray For Women ",250.00,0.00,6,250.00,150,False,150
3739,"Personal Care","Revive Revive Liquid",71.00,0.00,6,71.00,200,False,200
3740,"Personal Care","Pantene Hairfall Control Conditioner",190.00,6.00,6,178.00,200,False,200
3741,"Personal Care","Mamaearth Vitamin C Face Toner",399.00,0.00,1,399.00,200,False,200
3742,"Personal Care","Himalaya Diaper Rash Cream",80.00,10.00,2,72.00,20,False,20
3743,"Personal Care","Fogg Royal Fragrance Spray",230.00,0.00,4,230.00,150,False,120
3744,"Personal Care","Dove Pink Rosa Beauty Bathing Bar",245.00,9.00,6,221.00,100,False,100
3745,"Personal Care","Dove Dryness Care Conditioner Frizzy & Dry Hair",90.00,6.00,4,84.00,80,False,80
3746,"Personal Care","Dettol Original Liquid Handwash Refill",109.00,3.00,0,105.00,750,True,750
3747,"Personal Care","Parachute 100% Pure Coconut Oil",123.00,0.00,0,123.00,300,True,300
3748,"Personal Care","Stayfree Secure Cottony Soft Cover Sanitary Pad (Regular) with Wings",30.00,3.00,0,29.00,406,True,7
3749,"Personal Care","Dabur Gulabari Premium Rose Water",48.00,2.00,0,47.00,120,True,120
3750,"Personal Care","Parachute Advansed Gold Coconut Hair Oil",215.00,9.00,0,194.00,400,True,400
3751,"Personal Care","Closeup Everfresh+ Anti-Germ Gel Toothpaste Red Hot",90.00,10.00,0,81.00,150,True,150
3752,"Personal Care","Godrej No.1 Bathing Soap ã»Lime & Aloe Vera",100.00,16.00,0,84.00,500,True,100
3753,"Personal Care","Sensodyne Sensitive Fresh Gel Toothpaste",115.00,7.00,0,106.00,75,True,75
3754,"Personal Care","Whisper Bindazzz Nights XL + Sanitary Pad",90.00,0.00,0,90.00,406,True,7
3755,"Personal Care","Whisper Choice Sanitary Pad ",32.00,9.00,0,29.00,406,True,7
3756,"Personal Care","Godrej No.1 Bathing Soap, Jasmine",84.00,0.00,0,84.00,400,True,100
3757,"Personal Care","Gillette Venus Close & Clean Razor ",249.00,7.00,0,230.00,58,True,1
3758,"Personal Care","Whisper Choice Regular Sanitary Pads",90.00,3.00,0,87.00,58,True,20
3759,"Personal Care","Stayfree Secure Dry Cover Extra Large Sanitary Pad",42.00,2.00,0,41.00,406,True,7
3760,"Personal Care","Oxylife Natural Radiance 5 Creme Bleach - With Active Oxygen",82.00,9.00,0,74.00,27,True,27
3761,"Personal Care","Clean & Clear Morning Energy Lemon Face Wash",145.00,9.00,0,131.00,100,True,100
3762,"Personal Care","Bajaj Almond Drops Hair Oil",67.00,10.00,0,60.00,100,True,100
3763,"Personal Care","Bajaj Almond Drops Hair Oil Bottle",130.00,7.00,0,120.00,200,True,200
3764,"Personal Care","Whisper Bindazzz Night Sanitary Pads XL Plus",185.00,0.00,0,185.00,870,True,15
3765,"Personal Care","Godrej Cinthol Lime Refreshing Deo Soap",116.00,0.00,0,116.00,400,True,400
3766,"Personal Care","MamyPoko Pants Standard Diapers, Extra Large (12 - 17 kg)",399.00,7.00,0,369.00,26,True,26
3767,"Paan Corner","Clove Sensitive Toothpaste with Anti-Sensitivity & Fluoride Formulation",160.00,35.00,3,104.00,80,False,80
3768,"Paan Corner","Dettol Original Germ Protection Alcohol Based Hand Sanitizer",25.00,0.00,6,25.00,50,False,50
3769,"Paan Corner","Colgate Visible White Toothpaste",115.00,10.00,6,103.00,100,False,100
3770,"Paan Corner","Dettol SKincare Handwash Value Refill",109.00,3.00,6,105.00,750,False,750
3771,"Paan Corner","Savlon Herbal Sensitive Liquid Handwash Refill Pouch",115.00,4.00,6,110.00,750,False,500
3772,"Paan Corner","Colgate Total 12 Whole Mouth Protection Toothpaste",120.00,10.00,6,108.00,120,False,120
3773,"Paan Corner","Lux International Creamy White Soap Bar",35.00,2.00,6,34.00,75,False,75
3774,"Paan Corner","Colgate Herbal Toothpaste",114.00,18.00,2,93.00,200,False,200
3775,"Paan Corner","Nivea Men Deodorant Fresh Active 48h Long lasting Freshness",225.00,24.00,6,169.00,150,False,150
3776,"Paan Corner","Dabur Meswak Toothpaste",58.00,5.00,6,55.00,100,False,100
3777,"Paan Corner","Colgate Max Fresh Cooling Crystals Toothpaste",101.00,5.00,2,95.00,150,False,150
3779,"Paan Corner","Colgate Sensitive Soft Bristles Toothbrush",50.00,0.00,6,50.00,58,False,1
3780,"Paan Corner","Pears Pure & Gentle Glycerin Bath Soap",75.00,0.00,6,75.00,125,False,125
3781,"Paan Corner","Vaseline Skin Protecting Jelly",79.00,13.00,6,68.00,50,False,50
3782,"Paan Corner","Dettol Original Germ Protection Bathing Soap Bar",166.00,5.00,4,157.00,375,False,375
3783,"Paan Corner","Dettol Intense Cool Soap (B4G1)",260.00,5.00,6,247.00,625,False,625
3784,"Paan Corner","Livon Anti-Frizz Serum",250.00,10.00,3,225.00,100,False,100
3785,"Paan Corner","Lifebuoy Germ Protection Care Soap Bar",30.00,3.00,3,29.00,100,False,125
3786,"Paan Corner","Lux International Creamy White Soap Bar",70.00,10.00,6,63.00,125,False,125
3787,"Paan Corner","Godrej Nupur ã»100% Pure Henna (Mehendi)",10.00,0.00,6,10.00,18,False,18
3788,"Paan Corner","Glow & Lovely Advanced Multivitamin Face Cream",213.00,10.00,6,190.00,110,False,110
3789,"Paan Corner","Set Wet Style Vertical Hold Hair Gel",50.00,10.00,4,45.00,50,False,50
3790,"Paan Corner","Godrej Expert Rich Créªe, Natural Black",30.00,0.00,6,30.00,20,False,20
3791,"Paan Corner","Nycil Germ Expert Cool Herbal Talc",130.00,8.00,1,119.00,150,False,200
3792,"Paan Corner","Godrej Expert Creme Hair Natural Brown Colour ",30.00,0.00,6,30.00,20,False,20
3793,"Paan Corner","Veet Sensitive Skin Hair Removal Cream",135.00,5.00,6,128.00,50,False,50
3794,"Paan Corner","Closeup Everfresh+ Anti-Germ Gel Toothpaste Red Hot",50.00,2.00,1,49.00,80,False,80
3795,"Paan Corner","Pears Pure And Gentle Value Pack Of 3 Bathing Soap",199.00,6.00,5,186.00,375,False,375
3796,"Paan Corner","Gillette Presto Ready Shaver 5 Cartridges ",88.00,6.00,6,82.00,290,False,5
3797,"Paan Corner","Closeup Everfresh+ Anti-Germ Gel Toothpaste Red Hot",160.00,10.00,4,144.00,300,False,300
3798,"Paan Corner","Godrej Expert Rich Créªe, Dark Brown",30.00,0.00,4,30.00,20,False,20
3799,"Paan Corner","Nivea Soft Light Moisturizer for Face Hand & Body Non-Sticky Cream with Vitamin E & Jojoba Oil ",185.00,15.00,3,157.00,100,False,100
3800,"Paan Corner","Fiama Gel Bar Celebration Pack Buy 4 Get 1 Free",290.00,10.00,6,261.00,625,False,625
3801,"Paan Corner","Gillette Sensitive Shaving Foam",225.00,6.00,4,210.00,418,False,418
3802,"Paan Corner","Dove Hair Fall Rescue Shampoo",150.00,6.00,5,141.00,180,False,180
3803,"Paan Corner","Gillette Mach 3 Mens Razor Blades",499.00,7.00,4,460.00,232,False,4
3804,"Paan Corner","Palmolive Aroma Absolute Relax Shower Gel",199.00,20.00,2,159.00,250,False,250
3805,"Paan Corner","Godrej Protekt Germ Fighter Handwash",99.00,0.00,6,99.00,750,False,750
3806,"Paan Corner","Dettol Hand Sanitizer",100.00,5.00,6,95.00,200,False,200
3807,"Paan Corner","Dabur Amla Hair Oil",88.00,0.00,2,88.00,180,False,180
3808,"Paan Corner","Dettol Original Liquid Handwash",89.00,4.00,6,85.00,200,False,200
3809,"Paan Corner","L'Oreal Paris Total Repair 5 Conditioner",199.00,0.00,6,199.00,192,False,180
3810,"Paan Corner","Patanjali Saundarya Aloe Vera Gel",90.00,0.00,5,90.00,150,False,150
3811,"Paan Corner","Head & Shoulders 2 In 1 Anti Dandruff Shampoo Conditioner ",195.00,10.00,4,174.00,180,False,180
3812,"Paan Corner","Clean & Clear Pimple Clearing Face Wash",130.00,10.00,2,117.00,80,False,80
3813,"Paan Corner","Himalaya Anti Dandruff Shampoo",140.00,8.00,2,128.00,200,False,200
3814,"Paan Corner","Stayfree Secure Dry Cover Regular Sanitary Pad With Wings",30.00,3.00,6,29.00,406,False,7
3815,"Paan Corner","Savlon Moisture Shield Hand Wash",99.00,4.00,6,95.00,750,False,750
3816,"Paan Corner","Dove Intense Repair Conditioner",190.00,14.00,6,162.00,175,False,80
3817,"Paan Corner","Dabur Gulabari Rose Glow Face Cleanse",75.00,5.00,4,71.00,100,False,100
3818,"Paan Corner","Parachute Jasmine Hair Oil",82.00,9.00,6,74.00,190,False,190
3819,"Paan Corner","Johnson's Baby Skincare Wipes",79.00,6.00,6,74.00,1160,False,20
3820,"Paan Corner","Dettol Skincare Liquid Hand Wash",79.00,0.00,6,79.00,200,False,200
3821,"Paan Corner","Old Spice Original Lather Shaving Cream",75.00,9.00,6,68.00,70,False,70
3822,"Paan Corner","Veet Hair Removal Cream Dry Skin",135.00,5.00,5,128.00,50,False,50
3823,"Paan Corner","L'Oreal Paris Total Repair 5 Shampoo",265.00,0.00,2,265.00,396,False,360
3824,"Paan Corner","Fiama Menthol & Magnolia Cooling Gel Bar Soap",160.00,11.00,6,141.00,375,False,375
3825,"Paan Corner","Nivea Lip Balm Original Care for 24h Moisture with Shea Butter & Natural Oils",140.00,15.00,6,119.00,5,False,4
3826,"Paan Corner","Oral-B Charcoal Deep Clean Stain Removal Toothbrush Soft",99.00,0.00,3,99.00,232,False,4
3827,"Paan Corner","Neutrogena Ultra Sheer Dry Touch SPF 50+ Sunblock Sunscreen Lotion",250.00,10.00,3,225.00,30,False,30
3828,"Paan Corner","Clinic Plus Strong & Long Health Shampoo",499.00,10.00,3,449.00,650,False,650
3829,"Paan Corner","Johnson's Baby No More Tears Baby Shampoo",98.00,0.00,5,98.00,100,False,100
3830,"Paan Corner","Colgate Zig Zag Toothbrush",120.00,0.00,3,120.00,348,False,6
3831,"Paan Corner","Savlon Moisture Shield Germ Protection Handwash Refill (Buy 1 Get 1 Free)",189.00,0.00,6,189.00,1500,False,1500
3832,"Paan Corner","Colgate Sensitive Everyday Protection Anticavity Toothpaste",75.00,0.00,6,75.00,40,False,40
3833,"Paan Corner","Whisper Ultra Soft XL+ Sanitary Pads",330.00,2.00,6,323.00,30,False,30
3834,"Paan Corner","Garnier Colour Naturals Hair Colour - 1 Natural Black",80.00,0.00,1,80.00,60,False,60
3835,"Paan Corner","Axe Pulse Men's Deodorant",210.00,0.00,6,210.00,150,False,150
3836,"Paan Corner","Colgate Zigzag Charcoal Soft Bristle Toothbrush - 4 Pcs",99.00,0.00,6,99.00,232,False,4
3837,"Paan Corner","Whisper Ultra Clean Wings XL+  Pouch",449.00,7.00,6,415.00,44,False,44
3838,"Paan Corner","Whisper Choice Regular Sanitary Pads",90.00,0.00,6,90.00,1160,False,20
3839,"Paan Corner","Axe Dark Temptation Men's Deodorant",210.00,7.00,5,194.00,150,False,150
3840,"Paan Corner","Head & Shoulders Anti-Dandruff Smooth & Silky Shampoo",150.00,0.00,4,150.00,180,False,180
3841,"Paan Corner","Clinic Plus Strength & Shine Shampoo With Egg Protein ",105.00,0.00,2,105.00,175,False,175
3842,"Paan Corner","Engage M1 Perfume Spray for Men ",210.00,7.00,6,194.00,120,False,120
3843,"Paan Corner","Tresemme Keratin Smooth Conditioner",380.00,0.00,3,380.00,340,False,340
3844,"Paan Corner","Garnier Color Naturals Créªe Hair Color, Shade 5 Light Brown",180.00,0.00,1,180.00,100,False,100
3845,"Paan Corner","Origami Aloe Vera Wipes",75.00,13.00,4,65.00,25,False,25
3846,"Paan Corner","Engage Drizzle Deodorant For Women, Floral And Lavender, Skin Friendly",195.00,10.00,6,174.00,150,False,150
3847,"Paan Corner","Gellette Presto Ready Shaver",20.00,0.00,1,20.00,58,False,1
3848,"Paan Corner","Colgate Max Fresh Plax Mouthwash - Fresh Mint",150.00,20.00,5,120.00,250,False,250
3849,"Paan Corner","Colgate Zig Zag Charcoal Medium Toothbrush 4 Pcs",99.00,0.00,6,99.00,232,False,4
3851,"Paan Corner","Colgate Total Charcoal Anticavity Toothpaste",110.00,10.00,3,99.00,120,False,120
3852,"Paan Corner","Colgate Kids 0-2 Extra Soft Tooth Brush",30.00,16.00,6,25.00,58,False,1
3853,"Paan Corner","Gillete Mach3 ",260.00,10.00,6,234.00,116,False,2
3854,"Paan Corner","Maybelline New York Colossal Kajal Black",149.00,0.00,2,149.00,0,False,0
3855,"Paan Corner","Godrej Cinthol Lime Talc",55.00,0.00,3,55.00,100,False,100
3856,"Paan Corner","Hamam Soap Bar Neem Tulsi and Aloe Vera",58.00,0.00,6,58.00,150,False,150
3857,"Paan Corner","Godrej Expert Rich Créªe, Burgundy",33.00,0.00,6,33.00,20,False,20
3858,"Paan Corner","Colgate Gentle Sensitive+ Toothbrush Pack Of 4",120.00,10.00,4,108.00,232,False,4
3859,"Paan Corner","Nivea Creme All Season Multi-Purpose Cream ",175.00,10.00,4,157.00,100,False,100
3860,"Paan Corner","Oral-B Charcoal Deep Clean Stain Removal Toothbrush Medium",99.00,0.00,1,99.00,232,False,4
3861,"Paan Corner","Mamaearth 100% Natural Berry Blast Kids Toothpaste",149.00,10.00,4,134.00,50,False,50
3862,"Paan Corner","HImalaya Gentle Baby Wipes",200.00,10.00,3,180.00,72,False,72
3863,"Paan Corner","Stayfree Dry Max All Night XL Dry Cover Sanitary Pads",340.00,12.00,6,298.00,28,False,28
3864,"Paan Corner","L'Oreal Paris Excellence Creme Hair Color, 1 Black",620.00,0.00,1,620.00,172,False,172
3865,"Paan Corner","Fem Fairness Naturals Saffron Skin Bleach",85.00,15.00,4,72.00,64,False,64
3866,"Paan Corner","Engage Woman Blush Body Deo Spray",195.00,10.00,5,174.00,150,False,150
3867,"Paan Corner","Dove Pink Rosa Beauty Bathinhg Bar",60.00,0.00,6,60.00,100,False,100
3868,"Paan Corner","Sebamed Cleansing Bar",99.00,10.00,4,89.00,100,False,100
3869,"Paan Corner","Pampers Premium Care Pants - Large",1099.00,18.00,2,899.00,44,False,44
3870,"Paan Corner","Nivea Women Deodorant Fresh Natural Long Lasting Freshness & 48h Protection",199.00,20.00,2,159.00,150,False,150
3871,"Paan Corner","L'Oreal Paris Excellence Creme Hair Color, 3 Dark Brown/Natural Darkest Brown",620.00,0.00,6,620.00,172,False,172
3872,"Paan Corner","Patanjali Kesh Kanti Natural Hair Cleanser",75.00,9.00,4,68.00,200,False,200
3873,"Paan Corner","Godrej No.1 Bathing Soap ã»Lime & Aloe Vera",149.00,0.00,6,149.00,600,False,600
3874,"Paan Corner","Pantene Advanced Control Hair Fall Solution Shampoo",120.00,6.00,5,112.00,180,False,180
3875,"Paan Corner","Veet Full Body Waxing Kit For Dry Skin",235.00,7.00,6,218.00,1160,False,20
3876,"Paan Corner","Johnson's Baby Skincare Wipes",245.00,9.00,6,221.00,72,False,72
3877,"Paan Corner","Gillette Lemon Lime Shaving Foam",199.00,11.00,4,177.00,196,False,196
3878,"Paan Corner","Old Spice After Shave Lotion Musk",215.00,6.00,3,200.00,100,False,100
3879,"Paan Corner","Whisper Ultra Soft Air Fresh Sanitary Pads (XL) with Wings",315.00,0.00,4,315.00,30,False,30
3880,"Paan Corner","Himalaya Baby Powder",80.00,8.00,4,73.00,100,False,100
3881,"Paan Corner","Fiama Men's Refreshing Pulse Shower Gel",225.00,20.00,4,180.00,250,False,250
3882,"Paan Corner","Whisper Ultra Clean XL Plus Sanitary Pad",175.00,0.00,5,175.00,870,False,15
3883,"Paan Corner","Johnson's Baby Powder",143.00,0.00,6,143.00,200,False,200
3884,"Paan Corner","Dove Cream Beauty Bathing Bar",235.00,9.00,6,212.00,125,False,125
3885,"Paan Corner","Patanjali Kesh Kanti Shikakai Hair Cleanser",95.00,0.00,4,95.00,200,False,200
3886,"Paan Corner","L'Oreal Paris Color Protect Conditioner",199.00,0.00,3,199.00,192,False,192
3887,"Paan Corner","Nivea Men Active Clean with Active Charcoal Shower Gel for Body Face & Hair",199.00,4.00,5,191.00,250,False,250
3888,"Paan Corner","L'Oreal 6 Oil Nourish Conditioner",135.00,0.00,1,135.00,192,False,192
3889,"Paan Corner","Godrej Easy Natural Black Hair Colour",25.00,0.00,5,25.00,20,False,20
3890,"Paan Corner","Dabur Gulabari Rose Water Daily Glow",80.00,6.00,2,75.00,250,False,250
3891,"Paan Corner","Himalaya Purifying Neem Face Wash",170.00,10.00,6,153.00,150,False,150
3892,"Paan Corner","Fem Fairness Naturals Gold Skin Bleach",65.00,9.00,3,59.00,24,False,24
3893,"Paan Corner","Whisper Choice Ultra XL Sanitary Pad",133.00,2.00,5,130.00,1160,False,20
3894,"Paan Corner","Dove Dandruff Care Shampoo",158.00,6.00,5,147.00,180,False,180
3895,"Paan Corner","Head & Shoulders Anti Dandruff Anti Hairfall Shampoo",285.00,0.00,5,285.00,340,False,240
3896,"Paan Corner","L'Oreal Casting Creme Ebony Black Hair Color",550.00,0.00,6,550.00,159,False,87
3897,"Paan Corner","Mamaearth Onion Hair Oil",399.00,10.00,6,359.00,150,False,150
3898,"Paan Corner","L'Oreal Paris Casting Creme Gloss Hair Color (Dark Brown 400)",550.00,0.00,4,550.00,159,False,159
3899,"Paan Corner","Palmolive Naturals Sea Minerals Liquid Hand Wash",99.00,10.00,6,89.00,250,False,250
3900,"Paan Corner","Oral-B Extra Soft Bristles Sensitive ",98.00,0.00,4,98.00,232,False,4
3901,"Paan Corner","Engage M3 Perfume Spray for Men",200.00,10.00,3,180.00,120,False,120
3902,"Paan Corner","Mamaearth Deeply Nourishing wash for Babies",199.00,0.00,4,199.00,200,False,200
3903,"Paan Corner","Dettol Original Soap (B4G1)",260.00,5.00,6,247.00,625,False,625
3904,"Paan Corner","Woodward's Gripe Water",75.00,0.00,6,75.00,200,False,200
3905,"Paan Corner","MamyPoko Pants Extra Absorb Diapers, New Born",299.00,6.00,5,279.00,28,False,28
3906,"Paan Corner","Johnson's Baby Soap",70.00,0.00,6,70.00,100,False,100
3907,"Paan Corner","Engage M4 Perfume Spray For Men",200.00,10.00,6,180.00,120,False,120
3908,"Paan Corner","Fem Fairness Naturals Hair Removal Cream Fair & Soft - Gold",65.00,10.00,4,58.00,40,False,40
3909,"Paan Corner","Dove Hair Fall Rescue Conditioner",190.00,0.00,4,190.00,175,False,175
3910,"Paan Corner","Himalaya Anti Hair Fall Shampoo",130.00,12.00,2,114.00,200,False,200
3911,"Paan Corner","Fiama Peach & Avocado Gel Bar",176.00,10.00,3,158.00,375,False,375
3912,"Paan Corner","Pears Pure & Gentle Value Pack Of 4 Bathing Soap ",125.00,0.00,6,125.00,75,False,75
3913,"Paan Corner","Fiama Fresh Hand Wash",150.00,6.00,3,140.00,400,False,400
3914,"Paan Corner","Palmolive Black Orchid And Milk Liquid Hand Wash",99.00,10.00,6,89.00,250,False,250
3915,"Paan Corner","Oral-B Criss Cross Medium Toothbrush (Buy 2 Get 2 Free)",160.00,0.00,5,160.00,232,False,4
3916,"Paan Corner","Gillette Mach 3 Turbo Razor",349.00,6.00,5,325.00,58,False,1
3917,"Paan Corner","Himalaya Baby Lotion",165.00,12.00,3,145.00,200,False,200
3918,"Paan Corner","Head & Shoulders 2-in-1 Cool Menthol Anti Dandruff Shampoo + Conditioner",375.00,0.00,1,375.00,340,False,180
3919,"Paan Corner","Sunsilk Lusciously Thick & Long Shampoo",249.00,6.00,6,234.00,340,False,340
3920,"Paan Corner","Fiama Di Wills Men's Refreshing Pulse Shower Gel",225.00,4.00,3,214.00,250,False,250
3921,"Paan Corner","Sebamed Anti - Dandruff Shampoo",600.00,10.00,2,540.00,200,False,200
3922,"Paan Corner","Listerine Cool Mint Mouthwash - Mild Taste",150.00,10.00,6,135.00,250,False,250
3923,"Paan Corner","L'Oreal Paris Excellence Creme Hair Color, 4.25 Aishwarya's Brown",620.00,0.00,6,620.00,172,False,172
3924,"Paan Corner","Himalaya Gentle Baby Bath",165.00,9.00,6,150.00,200,False,200
3925,"Paan Corner","L'Oreal Paris Casting Creme Gloss Hair Color, Medium Brown 500",550.00,0.00,4,550.00,160,False,159
3926,"Paan Corner","L'Oreal Paris Color Protect Shampoo",282.00,0.00,3,282.00,360,False,360
3927,"Paan Corner","Fiama Di Wills Lemongrass & Jojoba Gel Bar",176.00,10.00,6,158.00,375,False,375
3928,"Paan Corner","Colgate Plax Peppermint Mouthwash",150.00,20.00,5,120.00,250,False,250
3929,"Paan Corner","Dove Daily Shine Conditioner",90.00,10.00,1,81.00,80,False,80
3930,"Paan Corner","Patanjali Kesh Kanti Anti Dandruff Hair Cleanser",110.00,0.00,6,110.00,200,False,200
3931,"Paan Corner","Old Spice Original After Shave Lotion",250.00,0.00,1,250.00,150,False,150
3932,"Paan Corner","Dove Hair Fall Rescue Shampoo",137.00,10.00,4,123.00,180,False,180
3933,"Paan Corner","Dettol Clinical Strength Hand Sanitizer Liquid",250.00,10.00,6,225.00,500,False,500
3934,"Paan Corner","Nivea Soft Light Moisturizer for Face Hand & Body Non-Sticky Cream with Vitamin E & Jojoba Oil",399.00,20.00,3,319.00,300,False,300
3935,"Paan Corner","Comfy Baby Pants XL 12-17 kg",429.00,15.00,1,364.00,24,False,24
3936,"Paan Corner","Dettol Liquid Handwash With Free Liquid",99.00,0.00,6,99.00,200,False,200
3937,"Paan Corner","Nivea Body Milk Lotion for Very Dry Skin",399.00,20.00,6,319.00,400,False,400
3938,"Paan Corner","Lakme Sun Expert",225.00,0.00,6,225.00,60,False,60
3939,"Paan Corner","Head & shoulders Anti Dandruff Shampoo Cool Menthol",170.00,0.00,6,170.00,180,False,180
3940,"Paan Corner","Godrej Nupur Henna",75.00,0.00,5,75.00,150,False,120
3941,"Paan Corner","Johnson's Baby Lotion",100.00,0.00,4,100.00,100,False,100
3942,"Paan Corner","Himalaya Anti Dandruff Shampoo",140.00,10.00,1,126.00,200,False,200
3943,"Paan Corner","Maybelline New York Colossal Kajal Super Black",300.00,8.00,3,275.00,0,False,0
3944,"Paan Corner","Stayfree Dry-Max All Night Ultra-Dry Sanitary Pad",90.00,10.00,6,81.00,406,False,7
3945,"Paan Corner","Dove Daily Shine Shampoo",645.00,5.00,3,612.00,650,False,650
3946,"Paan Corner","Godrej Easy 5 Minute Natural Brown 4 Hair Colour",29.00,0.00,5,29.00,20,False,20
3947,"Paan Corner","Colgate Sensitive Plus Enamel Toothpaste Tube",140.00,0.00,6,140.00,160,False,160
3948,"Paan Corner","Colgate Max Fresh Peppermint Toothpaste ",182.00,15.00,6,154.00,300,False,300
3949,"Paan Corner","Pond's Light Moisturiser",309.00,10.00,6,278.00,250,False,250
3950,"Paan Corner","Engage Mate For Man Deo Spray",195.00,10.00,5,174.00,150,False,150
3951,"Paan Corner","Pantene Advanced Hair Fall Solution Shampoo - Total Damage Care",120.00,0.00,5,120.00,180,False,180
3952,"Paan Corner","Whisper Choice Regular Wing Sanitary Pad",30.00,0.00,2,30.00,406,False,7
3953,"Paan Corner","Colgate Slim Soft Charcoal Toothbrush",150.00,18.00,4,123.00,232,False,4
3954,"Paan Corner","Fiama Scents Juniper & Geranium Body Wash",199.00,6.00,5,186.00,250,False,250
3955,"Paan Corner","Mamaearth Ubtan Body Lotion",399.00,15.00,4,339.00,400,False,400
3956,"Paan Corner","Godrej Aer Power Pocket - Long Lasting Bathroom Fragrance Floral Delight",55.00,0.00,6,55.00,10,False,10
3957,"Paan Corner","Himalaya Anti-Hair Fall Shampoo",230.00,18.00,1,188.00,400,False,400
3958,"Paan Corner","Nivea Soft Light Moisturizer for Face Hand & Body Non-Sticky Cream with Vitamin E & Jojoba Oil",310.00,15.00,6,263.00,200,False,200
3959,"Paan Corner","Engage M2 Perfume Spray For Men",200.00,10.00,6,180.00,120,False,120
3960,"Paan Corner","Listerine Cool Mint Mouthwash - Mild Taste",150.00,10.00,6,135.00,250,False,250
3961,"Paan Corner","Mamaearth Ubtan Face Scrub Turmeric & Walnut",349.00,10.00,1,314.00,100,False,100
3962,"Paan Corner","Himalaya Purifying Neem Face Wash Tube",270.00,15.00,6,229.00,300,False,300
3963,"Paan Corner","Johnson's Baby Top To Toe Bath Body Wash",165.00,0.00,4,165.00,210,False,210
3964,"Paan Corner","Gillette Mach 3 Start",249.00,0.00,6,249.00,116,False,2
3965,"Paan Corner","Scalpe Pro Anti dandruff Shampoo 100ml",185.00,0.00,2,185.00,100,False,100
3966,"Paan Corner","Johnson's Baby Cream",150.00,0.00,6,150.00,100,False,100
3967,"Paan Corner","Johnson's Baby Soap",105.00,0.00,6,105.00,150,False,150
3968,"Paan Corner","Himalaya Gentle Baby Shampoo",320.00,17.00,6,265.00,400,False,400
3969,"Paan Corner","L'Oreal Paris Shine Masque Royal Jelly Hair Colour",550.00,0.00,3,550.00,88,False,87
3970,"Paan Corner","Engage Rush Deodorant For Men",190.00,11.00,6,169.00,150,False,150
3971,"Paan Corner","Clean & Clear Foaming Face Wash",140.00,10.00,4,126.00,100,False,100
3972,"Paan Corner","Dettol Lather Shaving Cream",75.00,5.00,6,71.00,78,False,78
3973,"Paan Corner","Gillette Classic Regular Pre Shave Foam",199.00,0.00,4,199.00,196,False,196
3974,"Paan Corner","Dove Daily Shine Conditioner",190.00,0.00,6,190.00,175,False,180
3975,"Paan Corner","Johnson's Baby Shampoo",180.00,0.00,6,180.00,200,False,200
3976,"Paan Corner","Park Avenue Beer Shampoo ",155.00,9.00,4,140.00,180,False,180
3977,"Paan Corner","Pantene Advanced Hair Fall Solution Silky Smooth Care Shampoo",120.00,6.00,6,112.00,180,False,180
3978,"Paan Corner","Fem Fairness Naturals Hair Removal Cream Fair & Soft - Rose",65.00,10.00,6,58.00,40,False,40
3979,"Paan Corner","Sunsilk Stunning Black Shine Shampoo",555.00,6.00,6,521.00,650,False,650
3980,"Paan Corner","Dabur Meswak Toothpaste",100.00,0.00,1,100.00,200,False,200
3981,"Paan Corner","Patanjali Kesh Kanti Reetha Hair Cleanser",85.00,0.00,5,85.00,200,False,200
3982,"Paan Corner","Nivea Lip Balm Soft Rose for 24h Moisture with Natural Oils Delicate Rose Shine",185.00,8.00,6,169.00,5,False,4
3983,"Paan Corner","Santoor Total Skin Care Soap With Sandal & Turmeric",180.00,0.00,6,180.00,600,False,600
3984,"Paan Corner","L'Oreal Paris Excellence Creme Hair Color, 4 Natural Brown/Natural Dark Brown",620.00,0.00,1,620.00,172,False,172
3985,"Paan Corner","Gillette Pre Shave Foam - Classic Regular Skin",225.00,0.00,6,225.00,418,False,418
3986,"Paan Corner","Fiama Di Wills Shower Gel Patchouli & Macadamia",199.00,10.00,6,179.00,250,False,250
3987,"Paan Corner","Listerine Fresh Burst Mouthwash",140.00,10.00,4,126.00,250,False,250
3988,"Paan Corner","Nivea Cocoa Nourish Body Lotion With Coconut Oil & Cocoa Butter For Very Dry Skin ",299.00,17.00,5,247.00,200,False,200
3989,"Paan Corner","Pantene Hair Fall Control Shampoo",240.00,7.00,2,221.00,340,False,340
3990,"Paan Corner","Fogg Master - Royal Intense",250.00,0.00,5,250.00,120,False,120
3991,"Paan Corner","TRESemme Smooth And Shine Conditioner",220.00,0.00,5,220.00,190,False,190
3992,"Paan Corner","Whisper Ultra Clean XL Plus Sanitary Pad",155.00,0.00,6,155.00,870,False,15
3993,"Paan Corner","Colgate Kids Toothpaste - 6+ Years, Strawberry Flavour",93.00,5.00,6,88.00,80,False,80
3994,"Paan Corner","Nivea Soft Moisturizing Cream",310.00,12.00,1,272.00,200,False,200
3995,"Paan Corner","Patanjali Kesh Kanti Aloe Vera Hair Cleanser",85.00,0.00,5,85.00,200,False,200
3996,"Paan Corner","Neutrogena Deep Clean Foaming Cleanser",130.00,11.00,2,115.00,50,False,50
3997,"Paan Corner","Clean & Clear Morning Energy Berry Face Wash",155.00,6.00,6,145.00,100,False,100
3998,"Paan Corner","Pampers Premium Care New Baby Pants",320.00,0.00,4,320.00,24,False,24
3999,"Paan Corner","Vaseline Intensive Care Aloe Fresh",225.00,9.00,6,203.00,200,False,200
4000,"Paan Corner","L'Oreal Paris Dream Lengths Shampoo",149.00,0.00,6,149.00,192,False,192
4001,"Paan Corner","Johnson's Baby Oil",115.00,0.00,4,115.00,100,False,100
4002,"Paan Corner","Engage Man Rush Deodorant",195.00,9.00,6,176.00,150,False,150
4003,"Paan Corner","Pantene Advanced Hair Fall Solution Shampoo - Total Damage Care",264.00,0.00,6,264.00,340,False,340
4004,"Paan Corner","Whisper Daily Liners Clean and Fresh",105.00,0.00,4,105.00,1160,False,20
4005,"Paan Corner","Himalaya Men Pimple Clear Neem Face Wash",180.00,9.00,2,163.00,100,False,100
4006,"Paan Corner","Pantene Adv Hairfall Solution Conditioner Silky Smooth",190.00,0.00,5,190.00,200,False,200
4007,"Paan Corner","Himalaya Prickly Heat Baby Powder",90.00,10.00,6,81.00,100,False,100
4008,"Paan Corner","Mamaearth Daily Moisturizing Lotion For Babies",199.00,0.00,6,199.00,200,False,200
4009,"Paan Corner","Stayfree Advanced XL Ultra Comfort Sanitary napkins with Wings",175.00,0.00,3,175.00,812,False,14
4010,"Paan Corner","Pampers Premium Care Pants - Medium",1099.00,18.00,6,899.00,54,False,54
4011,"Paan Corner","Fiama Men's Refreshing Pulse Shower Gel",199.00,10.00,6,179.00,250,False,250
4012,"Paan Corner","Vaseline Original Skin Protecting Jelly",125.00,10.00,6,112.00,100,False,100
4013,"Paan Corner","Clean & Clear Foaming Face Wash",180.00,10.00,6,162.00,150,False,150
4014,"Paan Corner","Fiama Lemongrass and Jojoba Shower Gel",225.00,20.00,6,180.00,250,False,250
4015,"Paan Corner","Oral-B Charcoal Cross Cross Extra Soft Toothbrush (Buy 2 Get 1 Free)",180.00,0.00,1,180.00,174,False,3
4016,"Paan Corner","Listerine Fresh Burst Mouthwash",285.00,7.00,6,263.00,500,False,500
4017,"Paan Corner","Veet Full Body Waxing Kit",235.00,7.00,6,218.00,1160,False,20
4018,"Paan Corner","Listerine Original Mouthwash",55.00,9.00,6,50.00,80,False,80
4019,"Paan Corner","Santoor Almond Soft With Sandal & Almond Milk",180.00,0.00,2,180.00,625,False,625
4020,"Paan Corner","Nivea Body Shea Smooth with Shea Butter for Dry Skin",425.00,20.00,5,340.00,400,False,9
4021,"Paan Corner","Neutrogena Deep Clean Facial Cleanser",130.00,0.00,4,130.00,50,False,50
4022,"Paan Corner","L'Oreal Paris Excellence Creme Hair Color, 3.16 Burgundy",550.00,0.00,3,550.00,159,False,172
4023,"Paan Corner","Johnson's Baby Powder",235.00,0.00,6,235.00,400,False,400
4024,"Paan Corner","Bombay Shaving Company Charcoal Face Wash",249.00,0.00,4,249.00,100,False,100
4025,"Paan Corner","Colgate Kids 2+ Years Extra Soft Toothbrush",20.00,0.00,3,20.00,58,False,1
4026,"Paan Corner","Veet Hair Removal Cream (Normal Skin)",135.00,5.00,6,128.00,50,False,50
4027,"Paan Corner","Dove Daily Shine Shampoo",240.00,0.00,4,240.00,340,False,340
4028,"Paan Corner","L'Oreal Anti Hair Fall Conditioner",199.00,0.00,6,199.00,192,False,192
4029,"Paan Corner","Nivea Body Lotion Aloe Hydration For Normal Skin ",275.00,10.00,6,247.00,200,False,200
4030,"Paan Corner","Pampers Pants - Large",1549.00,45.00,3,849.00,82,False,82
4031,"Paan Corner","Engage Urge Deodorant For Men, Citrus And Woody, Skin Friendly",195.00,10.00,6,174.00,150,False,150
4032,"Paan Corner","Head & Shoulders 2 In 1 Anti Dandruff Smooth & Silky Shampoo+Conditioner",375.00,10.00,6,334.00,340,False,340
4033,"Paan Corner","Fem Fairness Natural Gold Skin Bleach",85.00,7.00,4,79.00,64,False,64
4034,"Paan Corner","Engage Deo Frost",195.00,9.00,6,176.00,150,False,150
4035,"Paan Corner","Stayfree Secure XL Size Sanitary Napkins",115.00,0.00,5,115.00,1160,False,20
4036,"Paan Corner","Pampers Pants - Medium",699.00,21.00,1,549.00,50,False,50
4037,"Paan Corner","Pampers Active Baby Diapers New Born Extra Small ",1099.00,22.00,3,849.00,72,False,72
4038,"Paan Corner","Nivea Creme, All Season Multi-Purpose Cream",175.00,9.00,6,158.00,100,False,100
4039,"Paan Corner","Woodwards Gripe Water ",50.00,0.00,4,50.00,130,False,130
4040,"Paan Corner","Clean & Clear Morning Energy Aqua Splash Face Wash",145.00,9.00,5,131.00,100,False,100
4041,"Paan Corner","Sunsilk Lusciously Thick & Long Shampoo",555.00,6.00,6,521.00,650,False,650
4042,"Paan Corner","Mamaearth Skin Correct Face Serum",599.00,15.00,1,509.00,30,False,30
4043,"Paan Corner","Chik Hairfall Prevent Egg Shampoo",178.00,0.00,6,178.00,340,False,340
4044,"Paan Corner","Pantene Silky Smooth Care Shampoo",225.00,6.00,3,210.00,340,False,340
4045,"Paan Corner","Garnier Skin Naturals, Micellar Cleansing Water",199.00,5.00,4,189.00,125,False,125
4046,"Paan Corner","Set Wet Swag Avatar Deodorant & Body Spray Perfume For Men",199.00,0.00,1,199.00,150,False,150
4047,"Paan Corner","Pampers All Round Protection Pants - Medium",699.00,17.00,6,575.00,50,False,50
4048,"Paan Corner","Set Wet Deodrant Charm Avatar",199.00,0.00,1,199.00,150,False,150
4049,"Paan Corner","Nupur Heena Mehandi",199.00,0.00,6,199.00,500,False,500
4050,"Paan Corner","Head & Shoulders 2-in-1 Active Protect Shampoo",375.00,9.00,6,338.00,340,False,340
4051,"Paan Corner","Gillette Mach 3 Turbo Cartridges",649.00,10.00,6,578.00,232,False,4
4052,"Paan Corner","TRESemme Smooth And Shine Conditioner",210.00,13.00,1,182.00,190,False,190
4053,"Paan Corner","Bombay Shaving Company Sensitive Cartridges",375.00,0.00,2,375.00,116,False,2
4054,"Paan Corner","Himalaya Baby Lotion",300.00,12.00,1,264.00,400,False,400
4055,"Paan Corner","Old Spice Lime Lather Shaving Cream",75.00,0.00,6,75.00,70,False,70
4056,"Paan Corner","Colgate Sensitive Plus Anticavity Toothpaste ",140.00,10.00,6,126.00,70,False,70
4057,"Paan Corner","Colgate Toothpaste For Kids Motu Oatlu",93.00,0.00,6,93.00,80,False,80
4058,"Paan Corner","Pantene Total Damage Care Shampoo",120.00,0.00,6,120.00,180,False,180
4059,"Paan Corner","Himalaya Moisturising Aloe Vera Facial Wipes",100.00,10.00,6,90.00,25,False,25
4060,"Paan Corner","Savlon Moisture Shield Hand Wash",69.00,0.00,5,69.00,200,False,200
4061,"Paan Corner","Pampers Active Baby Diapers New Born Extra Small",360.00,10.00,6,324.00,24,False,24
4062,"Paan Corner","Himalaya Anti Dandruff Shampoo",260.00,18.00,1,213.00,400,False,400
4063,"Paan Corner","Himalaya Anti Hair Fall Shampoo",490.00,25.00,4,367.00,700,False,700
4064,"Paan Corner","Johnson's Baby Oil",200.00,0.00,6,200.00,200,False,200
4065,"Paan Corner","Vaseline Intensive Care Deep Moisture Body Lotion",325.00,0.00,4,325.00,400,False,400
4066,"Paan Corner","L'Oreal Paris Dream Lengths Conditioner",199.00,0.00,1,199.00,193,False,193
4067,"Paan Corner","Nivea Soft Light Moisturizing Cream",185.00,15.00,6,157.00,100,False,100
4068,"Paan Corner","Whisper Ultra Soft XL+ Sanitary Pads",555.00,0.00,1,555.00,60,False,60
4069,"Paan Corner","Palmolive Feel The Massage Shower Gel",249.00,20.00,6,199.00,250,False,250
4070,"Paan Corner","L'Oreal Paris Dream Lengths Conditioner",209.00,0.00,3,209.00,193,False,193
4071,"Paan Corner","Head & Shoulders Anti-Dandruff Smooth & Silky Shampoo",285.00,6.00,6,266.00,340,False,340
4072,"Paan Corner","Mamaearth Moisturizing Baby Bath Soap",249.00,0.00,4,249.00,150,False,150
4073,"Paan Corner","Listerine Original Mouthwash",150.00,10.00,6,135.00,250,False,250
4074,"Paan Corner","Himalaya Gentle Baby Shampoo",170.00,14.00,6,146.00,200,False,200
4075,"Paan Corner","Dove Dryness Care Shampoo",268.00,5.00,1,252.00,340,False,340
4076,"Paan Corner","Dove Hair Fall Rescue Shampoo",280.00,15.00,6,236.00,340,False,340
4077,"Paan Corner","Head & Shoulders Anti Dandruff Shampoo Cool Menthol",295.00,9.00,6,266.00,340,False,340
4078,"Paan Corner","Bombay Shaving Company Defender Razor",345.00,0.00,6,345.00,58,False,1
4079,"Paan Corner","Head & Shoulders Shampoo + Conditioner - 2-In-1, Cool Menthol",365.00,0.00,1,365.00,340,False,340
4080,"Paan Corner","Himalaya Baby Nourishing Massage Oil",200.00,20.00,2,160.00,200,False,250
4081,"Paan Corner","Himalaya Baby Powder",235.00,20.00,6,188.00,400,False,400
4082,"Paan Corner","Fogg Paradise Fragrant Body Spray For Women ",250.00,0.00,6,250.00,150,False,150
4083,"Paan Corner","Revive Revive Liquid",71.00,0.00,6,71.00,200,False,200
4084,"Paan Corner","Pantene Hairfall Control Conditioner",190.00,6.00,6,178.00,200,False,200
4085,"Paan Corner","Mamaearth Vitamin C Face Toner",399.00,0.00,1,399.00,200,False,200
4086,"Paan Corner","Himalaya Diaper Rash Cream",80.00,10.00,2,72.00,20,False,20
4087,"Paan Corner","Fogg Royal Fragrance Spray",230.00,0.00,4,230.00,150,False,120
4088,"Paan Corner","Dove Pink Rosa Beauty Bathing Bar",245.00,9.00,6,221.00,100,False,100
4089,"Paan Corner","Dove Dryness Care Conditioner Frizzy & Dry Hair",90.00,6.00,4,84.00,80,False,80
4090,"Paan Corner","Dettol Original Liquid Handwash Refill",109.00,3.00,0,105.00,750,True,750
4091,"Paan Corner","Parachute 100% Pure Coconut Oil",123.00,0.00,0,123.00,300,True,300
4092,"Paan Corner","Stayfree Secure Cottony Soft Cover Sanitary Pad (Regular) with Wings",30.00,3.00,0,29.00,406,True,7
4093,"Paan Corner","Dabur Gulabari Premium Rose Water",48.00,2.00,0,47.00,120,True,120
4094,"Paan Corner","Parachute Advansed Gold Coconut Hair Oil",215.00,9.00,0,194.00,400,True,400
4095,"Paan Corner","Closeup Everfresh+ Anti-Germ Gel Toothpaste Red Hot",90.00,10.00,0,81.00,150,True,150
4096,"Paan Corner","Godrej No.1 Bathing Soap ã»Lime & Aloe Vera",100.00,16.00,0,84.00,500,True,100
4097,"Paan Corner","Sensodyne Sensitive Fresh Gel Toothpaste",115.00,7.00,0,106.00,75,True,75
4098,"Paan Corner","Whisper Bindazzz Nights XL + Sanitary Pad",90.00,0.00,0,90.00,406,True,7
4099,"Paan Corner","Whisper Choice Sanitary Pad ",32.00,9.00,0,29.00,406,True,7
4100,"Paan Corner","Godrej No.1 Bathing Soap, Jasmine",84.00,0.00,0,84.00,400,True,100
4101,"Paan Corner","Gillette Venus Close & Clean Razor ",249.00,7.00,0,230.00,58,True,1
4102,"Paan Corner","Whisper Choice Regular Sanitary Pads",90.00,3.00,0,87.00,58,True,20
4103,"Paan Corner","Stayfree Secure Dry Cover Extra Large Sanitary Pad",42.00,2.00,0,41.00,406,True,7
4104,"Paan Corner","Oxylife Natural Radiance 5 Creme Bleach - With Active Oxygen",82.00,9.00,0,74.00,27,True,27
4105,"Paan Corner","Clean & Clear Morning Energy Lemon Face Wash",145.00,9.00,0,131.00,100,True,100
4106,"Paan Corner","Bajaj Almond Drops Hair Oil",67.00,10.00,0,60.00,100,True,100
4107,"Paan Corner","Bajaj Almond Drops Hair Oil Bottle",130.00,7.00,0,120.00,200,True,200
4108,"Paan Corner","Whisper Bindazzz Night Sanitary Pads XL Plus",185.00,0.00,0,185.00,870,True,15
4109,"Paan Corner","Godrej Cinthol Lime Refreshing Deo Soap",116.00,0.00,0,116.00,400,True,400
4110,"Paan Corner","MamyPoko Pants Standard Diapers, Extra Large (12 - 17 kg)",399.00,7.00,0,369.00,26,True,26
4111,"Home & Cleaning","Surf Excel Stain Eraser",18.00,0.00,1,18.00,150,False,150
4112,"Home & Cleaning","Colin Glass and Surface Cleaner Liquid Spray Regular",96.00,7.00,6,89.00,500,False,500
4113,"Home & Cleaning","A1 Biodegradable Garbage Dustbin Bags",69.00,0.00,6,69.00,30,False,30
4114,"Home & Cleaning","Mortein Cockroach Killer Spray, Crawling insect killer with Deep-Reach Nozzle",189.00,5.00,2,179.00,425,False,425
4115,"Home & Cleaning","Pril Perfect Lime Dishwash Liquid",190.00,7.00,4,175.00,750,False,750
4116,"Home & Cleaning","Dettol Antiseptic Disinfectant Liquid",66.00,0.00,6,66.00,125,False,125
4117,"Home & Cleaning","Godrej Aer Power Pocket Berry Rush",55.00,0.00,3,55.00,10,False,10
4118,"Home & Cleaning","Hit Cockroach Killer Spray ",101.00,2.00,4,98.00,200,False,200
4119,"Home & Cleaning","Vim Dishwash Liquid Gel Lemon",185.00,5.00,1,175.00,750,False,750
4120,"Home & Cleaning","Harpic Disinfectant Toilet Cleaner Liquid, Original - 1 L",178.00,0.00,6,178.00,1000,False,1
4121,"Home & Cleaning","Odomos Mosquito Repellent Cream ",50.00,8.00,6,46.00,50,False,50
4122,"Home & Cleaning","Harpic Disinfectant Bathroom Cleaner Liquid Lemon",189.00,5.00,6,179.00,1000,False,1
4123,"Home & Cleaning","Eveready AA pack of 10 ",150.00,4.00,6,143.00,580,False,10
4124,"Home & Cleaning","Cherry Blossom Liquid Wax Polish",98.00,5.00,6,93.00,75,False,75
4125,"Home & Cleaning","Gala Scrubber Cleaner Home Everyday Scrub",35.00,2.00,6,34.00,58,False,1
4126,"Home & Cleaning","Hit Flower Lime Fragrance Insect Killer Spray",182.00,3.00,6,176.00,400,False,400
4127,"Home & Cleaning","Harpic Hygienic Toilet Cleaner Rim Block Jasmine",82.00,6.00,4,77.00,26,False,26
4128,"Home & Cleaning","Om Bhakti - Pancha Deepa Oil ",199.00,10.00,6,179.00,1000,False,1
4129,"Home & Cleaning","Ariel Complete Detergent Washing Powder 500 g  + 200 g Free",135.00,0.00,6,135.00,500,False,500
4130,"Home & Cleaning","Surf Excel Matic Top Load Detergent Powder",200.00,6.00,1,188.00,1000,False,1
4131,"Home & Cleaning","Harpic Flushmatic In-Cistern Toilet Cleaner Blocks Marine",154.00,7.00,4,143.00,100,False,100
4132,"Home & Cleaning","Eveready 1012 Carbon Zinc AAA Battery",150.00,4.00,2,143.00,580,False,10
4133,"Home & Cleaning","Surf Excel Matic Front Load Detergent Liquid",225.00,1.00,6,221.00,1000,False,1
4134,"Home & Cleaning","Origami Kitchen Towels 2 In 1 Quilted 2ply",140.00,10.00,6,126.00,116,False,2
4135,"Home & Cleaning","Oxi Green Phenyl - Pine ",82.00,9.00,6,74.00,1000,False,1
4136,"Home & Cleaning","Surf Excel Easy Wash Detergent Liquid",170.00,0.00,6,169.00,1000,False,1
4137,"Home & Cleaning","Uno Playing Card Game",149.00,9.00,2,135.00,58,False,1
4138,"Home & Cleaning","Chakaachak Mini Cloth Brush",40.00,2.00,1,39.00,58,False,1
4139,"Home & Cleaning","Chakaachak Super Scrub Pad (Pack of 3)",35.00,2.00,2,34.00,174,False,3
4140,"Home & Cleaning","Colinï£°Glass and Surface Cleaner Liquid Spray Regular",62.00,6.00,5,58.00,250,False,250
4141,"Home & Cleaning","Om Bhakti Cow Dung Cakes ",16.00,0.00,6,16.00,290,False,5
4142,"Home & Cleaning","Dettol Antiseptic Liquid",33.00,0.00,4,33.00,60,False,60
4143,"Home & Cleaning","Harpic Hygienic Toilet Cleaner Rim Block Citrus",82.00,6.00,6,77.00,26,False,26
4144,"Home & Cleaning","Eveready Ultima Alkaline AA Cell Battery-6 Pc Pack",210.00,10.00,6,189.00,348,False,6
4145,"Home & Cleaning","Mangaldeep Rose Puja Agarbatti ",65.00,9.00,4,59.00,120,False,120
4146,"Home & Cleaning","Ariel Matic Top Load Detergent Washing Powder",225.00,0.00,6,225.00,1000,False,1
4147,"Home & Cleaning","Gala Cloth Poccha/Mop",125.00,9.00,6,113.00,58,False,1
4148,"Home & Cleaning","Chakaachak Floor Cleaning Pocha",50.00,2.00,6,49.00,58,False,1
4149,"Home & Cleaning","Oxi Green Floor Cleaner - Floral",179.00,10.00,6,161.00,1000,False,1
4150,"Home & Cleaning","Godrej Aer Pocket, Bathroom Air Fragrance - Assorted Pack Of 3",160.00,0.00,6,160.00,30,False,30
4151,"Home & Cleaning","Ariel Complete Detergent Washing Powder 1 kg + 500 g Free",280.00,6.00,6,263.00,1500,False,1
4152,"Home & Cleaning","Chakaachak Sponge Scrubber (Pack of 2)",45.00,2.00,6,44.00,116,False,2
4153,"Home & Cleaning","Lizol Disinfectant Surface & Floor Cleaner Liquid Floral",103.00,5.00,6,97.00,500,False,500
4154,"Home & Cleaning","Harpic Germ & Stain Blaster Disinfectant Toilet Cleaner Floral",148.00,7.00,6,137.00,750,False,750
4155,"Home & Cleaning","Hit Lime Fresh Flying Insect Killer",269.00,0.00,6,269.00,385,False,385
4156,"Home & Cleaning","Fevistik Super Glue Stick",40.00,2.00,6,39.00,15,False,15
4157,"Home & Cleaning","Godrej Ezee Liquid Detergent",175.00,0.00,6,175.00,1000,False,1
4158,"Home & Cleaning","Odonil Air Fresher Buy 3 Get 1 Free",225.00,5.00,3,213.00,300,False,300
4159,"Home & Cleaning","Godrej Aer Power Pocket - Long Lasting Bathroom Fragrance Fresh Blossom",55.00,0.00,6,55.00,10,False,10
4160,"Home & Cleaning","Genteel Liquid Detegrent",320.00,0.00,6,320.00,2000,False,2
4161,"Home & Cleaning","Scotch Brite Scrub Pad",75.00,9.00,6,68.00,290,False,5
4162,"Home & Cleaning","Shubh kart - Nirmal Eco Box Chandan Agarbatti - 100g",65.00,13.00,5,56.00,100,False,100
4163,"Home & Cleaning","Surf Excel Quick Wash",600.00,8.00,1,549.00,4000,False,4
4164,"Home & Cleaning","Hem Mantra Masala Agarbatti",85.00,7.00,1,79.00,50,False,50
4165,"Home & Cleaning","Odonil Room Air Freshener Spray Lavender Mist",149.00,5.00,4,141.00,240,False,240
4166,"Home & Cleaning","Chakaachak Mega Star Toilet Brush",110.00,2.00,4,107.00,58,False,1
4167,"Home & Cleaning","Om Bhakti Wick for Diya - Cotton Long Batti ",19.00,0.00,4,19.00,50,False,50
4168,"Home & Cleaning","Origami Non-Woven Kitchen Towel",190.00,14.00,4,162.00,80,False,80
4169,"Home & Cleaning","Shubh kart - Nirmal 5 in 1 Agarbatti Zipper - 150g",65.00,13.00,6,56.00,150,False,150
4170,"Home & Cleaning","Harpic Lemon Bathroom Cleaner ",95.00,9.00,6,86.00,500,False,500
4171,"Home & Cleaning","Scotch Brite Sponge Wipes",200.00,0.00,2,200.00,174,False,3
4172,"Home & Cleaning","Godrej Aer Spray Fresh Lush Green",150.00,16.00,2,126.00,240,False,240
4173,"Home & Cleaning","Oxi Green Phenyl Concentrate",200.00,10.00,6,180.00,1000,False,1
4174,"Home & Cleaning","Oxi Green Max Force Green Concentrate",107.00,10.00,3,96.00,500,False,500
4175,"Home & Cleaning","Godrej Aer Morning Misty Meadows Home Air Freshener",150.00,0.00,4,149.00,240,False,240
4176,"Home & Cleaning","Kiwi Dranex Drain Cleaner",135.00,9.00,1,122.00,348,False,6
4177,"Home & Cleaning","Origami Disposable Spoons",80.00,10.00,3,72.00,1160,False,20
4178,"Home & Cleaning","Pril Bar Tub",55.00,0.00,1,55.00,500,False,500
4179,"Home & Cleaning","Om Bhakti Wick for Diya - Cotton Flower Batti ",19.00,0.00,4,19.00,60,False,60
4180,"Home & Cleaning","Chakaachak Deluxe Dustpan Grey",68.00,2.00,3,66.00,58,False,1
4181,"Home & Cleaning","Lizol Disinfectant Surface & Floor Cleaner Liquid Citrus",205.00,8.00,3,188.00,975,False,975
4182,"Home & Cleaning","ScotchBrite Premium Kitchen Towels",150.00,18.00,3,123.00,174,False,1
4183,"Home & Cleaning","Vanish All in One Powder Detergent Booster",210.00,10.00,2,189.00,400,False,400
4184,"Home & Cleaning","Good Knight Fabric Personal Mosquito Repellent Roll On",75.00,0.00,3,75.00,8,False,8
4185,"Home & Cleaning","Gala Iron Bull Scrub Pad",140.00,10.00,6,126.00,174,False,3
4186,"Home & Cleaning","Tide Plus Extra Power Lemon & Mint Detergent Powder",215.00,1.00,6,211.00,2000,False,2
4187,"Home & Cleaning","Chakaachak Dustpan Grey",70.00,2.00,5,68.00,58,False,1
4188,"Home & Cleaning","Mortein PowerGard Rat Kill Cake",64.00,6.00,6,60.00,100,False,100
4189,"Home & Cleaning","Odomos Mosquito Repellent Cream",25.00,0.00,1,25.00,23,False,25
4190,"Home & Cleaning","Shubh kart - Nirmal Eco Box Sugandhi Mogra Agarbatti - 100g",65.00,13.00,6,56.00,100,False,100
4191,"Home & Cleaning","Cherry Blossom Wax Shoe Polish Black",68.00,5.00,6,64.00,40,False,40
4192,"Home & Cleaning","Origami Paper Plates",240.00,15.00,5,204.00,50,False,50
4193,"Home & Cleaning","Gala Microfiber Magic Cloth 2-In-1",175.00,9.00,6,158.00,58,False,1
4194,"Home & Cleaning","Mr Muscle Dranex Drain Cleaner Kiwi",160.00,6.00,4,149.00,375,False,375
4195,"Home & Cleaning","Lizol Disinfectant Surface & Floor Cleaner Liquid Jasmine",103.00,5.00,6,97.00,500,False,500
4196,"Home & Cleaning","Odonil Room Spray Air Freshener Citrus Fres",150.00,12.00,4,132.00,137,False,137
4197,"Home & Cleaning","Scotch Brite Power Scrub Pad",50.00,2.00,6,49.00,58,False,1
4198,"Home & Cleaning","Origami Good Karma Toilet Roll",275.00,14.00,6,234.00,232,False,1
4199,"Home & Cleaning","Shubh kart - Shubhkart Sambrani Cup Black 12n",80.00,6.00,4,75.00,696,False,12
4200,"Home & Cleaning","Gala Scrubber Pad",75.00,9.00,5,68.00,290,False,5
4201,"Home & Cleaning","Origami So Soft Tissue Roll Single - 340 Pulls 3 Ply",80.00,0.00,1,80.00,58,False,1
4202,"Home & Cleaning","Odomos lotion - Mosquito Repellent",90.00,8.00,6,82.00,120,False,120
4203,"Home & Cleaning","Surf Excel Matic Front Load Detergent Powder",530.00,4.00,6,507.00,2000,False,2
4204,"Home & Cleaning","Fevicol Mr.Original General Purpose White Glue ",50.00,2.00,6,49.00,105,False,100
4205,"Home & Cleaning","Aro Aluminium Container with Lid 230 ml",75.00,9.00,3,68.00,25,False,25
4206,"Home & Cleaning","Harpic Power Fresh 6 Toilet Cleaner Rim Block Floral Delight",188.00,10.00,6,169.00,35,False,35
4207,"Home & Cleaning","Origami So Soft Tissue Roll 3 Ply",390.00,11.00,6,347.00,696,False,12
4208,"Home & Cleaning","Ariel Matic Front Load Detergent Washing Powder",800.00,15.00,6,680.00,3000,False,3
4209,"Home & Cleaning","Gala Double Hockey Toilet Brush",150.00,10.00,6,135.00,58,False,1
4210,"Home & Cleaning","Surf Excel Detergent Bar Value Pack",114.00,0.00,6,114.00,800,False,800
4211,"Home & Cleaning","Odonil Zipper Blissful Citrus",55.00,0.00,1,55.00,10,False,10
4212,"Home & Cleaning","Eveready Base B22 9-Watt LED Bulb",150.00,0.00,2,150.00,58,False,1
4213,"Home & Cleaning","Scotch Brite Sponge Wipe",330.00,10.00,6,297.00,290,False,5
4214,"Home & Cleaning","Domex Disinfectant Floor Cleaner",180.00,5.00,6,170.00,1000,False,1
4215,"Home & Cleaning","Surf Excel Matic Powder Front Load ",810.00,7.00,2,750.00,4000,False,4
4216,"Home & Cleaning","Scotch Brite Silver Sparks Scrub Pad",90.00,10.00,6,81.00,348,False,3
4217,"Home & Cleaning","Airwick Room Air Freshener Spray Cool Water & Aloe Vera",161.00,5.00,6,152.00,245,False,245
4218,"Home & Cleaning","Shubh kart - Surabhi Camphor Pouch 50g",95.00,9.00,6,86.00,50,False,50
4219,"Home & Cleaning","Pril Power Of Active Boosters",102.00,0.00,1,102.00,400,False,400
4220,"Home & Cleaning","Scotch Brite Tough Scrubber Brush",150.00,6.00,6,140.00,58,False,1
4221,"Home & Cleaning","Mortein Dual All Insect Killer Spray",280.00,10.00,6,252.00,600,False,600
4222,"Home & Cleaning","Lizol Double Concentrate Disinfectant Floor Cleaner Lavender",325.00,10.00,6,292.00,900,False,900
4223,"Home & Cleaning","Eveready Ultima Alkaline Battery AAA",68.00,0.00,6,68.00,116,False,2
4224,"Home & Cleaning","Shubh kart - Tejas Twisted Cotton Wicks 1000n",30.00,6.00,6,28.00,1000,False,1000
4225,"Home & Cleaning","Lizol Double Concentrate Disinfectant Floor Cleaner Citrus",650.00,8.00,6,598.00,1900,False,1
4226,"Home & Cleaning","Surf Excel Matic Top Load",720.00,9.00,4,649.00,4000,False,4
4227,"Home & Cleaning","Oxi Green Dish Wash Liquid - Lemon",105.00,6.00,6,98.00,500,False,500
4228,"Home & Cleaning","Mangalam Camphor",100.00,10.00,6,90.00,50,False,50
4229,"Home & Cleaning","Cherry Blossom Liquid Wax Polish (Dark Tan)",98.00,5.00,6,93.00,75,False,75
4230,"Home & Cleaning","Gala EzeeSqueegee Wiper",150.00,10.00,6,135.00,58,False,1
4231,"Home & Cleaning","Lizol Disinfectant Surface & Floor Cleaner Liquid Pine",205.00,8.00,6,188.00,975,False,975
4232,"Home & Cleaning","Philips Stellar Bright 16W Light Bulb",390.00,16.00,6,324.00,58,False,1
4233,"Home & Cleaning","Airwick EverFresh Gel Bathroom Air Freshener - Lavender Dew",70.00,10.00,6,63.00,50,False,50
4234,"Home & Cleaning","Origami Cups Plain 100 units",155.00,14.00,5,132.00,100,False,100
4235,"Home & Cleaning","Airwick EverFresh Gel Bathroom Air Freshener - Citrus Splash",70.00,10.00,6,63.00,50,False,50
4237,"Home & Cleaning","Om Bhakti Gangajal Packed At Gangotri",30.00,3.00,6,29.00,220,False,220
4238,"Home & Cleaning","Odonil Air Freshner Lavender Meadows",75.00,5.00,4,71.00,75,False,75
4239,"Home & Cleaning","Om Bhakti Haldi ",12.00,0.00,4,12.00,15,False,15
4240,"Home & Cleaning","Cherry Blossom Wax Shoe Polish Dark Tan",68.00,5.00,6,64.00,40,False,40
4241,"Home & Cleaning","Dabur Odomos Naturals Mosquito Repellant Gel",75.00,8.00,4,69.00,80,False,80
4242,"Home & Cleaning","Shubh kart - Nirmal sugandhi mogra wet dhoop zipper 20 sticks",30.00,6.00,6,28.00,1160,False,20
4243,"Home & Cleaning","Lizol Disinfectant Surface & Floor Cleaner Liquid Floral",205.00,8.00,6,188.00,975,False,975
4244,"Home & Cleaning","Om Bhakti Wick for Diya - Ghee Cotton Wicks Big ",189.00,10.00,6,170.00,30,False,30
4245,"Home & Cleaning","Air Wick Room Air Freshener Spray - Lavender & Lotus",161.00,5.00,6,152.00,245,False,245
4246,"Home & Cleaning","Scotch Brite Kitchen Sink Brush",135.00,9.00,5,122.00,58,False,1
4247,"Home & Cleaning","Odonil Room Air Freshener Spray - Lavender Mist",150.00,12.00,1,132.00,137,False,137
4248,"Home & Cleaning","Godrej Aer Power Pocket - Long Lasting Bathroom Fragrance Lavender Bloom",55.00,0.00,4,55.00,10,False,10
4249,"Home & Cleaning","Origami Good Karma Paper Serviettes ",80.00,10.00,6,72.00,50,False,50
4250,"Home & Cleaning","Scotch Magic Tape",115.00,14.00,6,98.00,58,False,1
4251,"Home & Cleaning","Ambi Pur Car Freshener Gel - Relaxing Lavender",299.00,10.00,2,269.00,75,False,75
4252,"Home & Cleaning","Origami Kitchen Towels 4 in 1 60 Pulls 2 Ply",265.00,0.00,6,265.00,58,False,1
4253,"Home & Cleaning","Ariel Matic Liquid Detergent Front Load",225.00,0.00,6,225.00,1000,False,1
4254,"Home & Cleaning","Om Bhakti Wick for Diya - Ghee Cotton Wicks Small ",139.00,10.00,6,125.00,30,False,30
4255,"Home & Cleaning","Chakaachak Super Strong Scrub",29.00,3.00,5,28.00,58,False,1
4256,"Home & Cleaning","Nimyle Lemongrass Floor Cleaner",165.00,5.00,5,156.00,975,False,975
4257,"Home & Cleaning","Oxi Green Floor Cleaner - Citrus ",179.00,10.00,6,161.00,1000,False,1
4258,"Home & Cleaning","Airwick Room Air Freshener Spray - Rose & Saffron",161.00,5.00,5,152.00,245,False,245
4259,"Home & Cleaning","Origami Luxuria Kitchen Towel 300 Pulls Single",320.00,0.00,2,320.00,58,False,1
4260,"Home & Cleaning","Philips EyePro 10.5W Light Bulb",220.00,10.00,6,198.00,58,False,1
4261,"Home & Cleaning","Mangalam Camphor Tablet Jar",280.00,10.00,6,252.00,100,False,100
4262,"Home & Cleaning","Chakaachak Super Sponge Wipes (Pack of 3)",140.00,0.00,6,140.00,174,False,3
4263,"Home & Cleaning","Origami Good Karma Paper Serviettes - 100 napkins (1 ply)",78.00,10.00,6,70.00,58,False,1
4264,"Home & Cleaning","Robin Dazzling Liquid Blue After Wash",74.00,5.00,6,70.00,200,False,200
4265,"Home & Cleaning","Om Bhakti Camphor Big",119.00,10.00,6,107.00,40,False,40
4266,"Home & Cleaning","Om Bhakti Wick for Diya - Cotton Long Batti ",20.00,0.00,6,20.00,75,False,75
4267,"Home & Cleaning","Om Bhakti Camphor Small",79.00,10.00,6,71.00,25,False,25
4268,"Home & Cleaning","Ariel Matic Top Load Detergent Washing Powder",499.00,0.00,1,499.00,2000,False,2
4269,"Home & Cleaning","Scotch Brite Multi-Purpose Sponge Wipes",700.00,17.00,6,581.00,580,False,10
4270,"Home & Cleaning","Surabhi Pure Camphor",50.00,2.00,6,49.00,25,False,25
4271,"Home & Cleaning","Lizol Double Concentrate Disinfectant Floor Cleaner Citrus",325.00,5.00,6,308.00,900,False,900
4272,"Home & Cleaning","Chakaachak Floor Pocha Large",50.00,0.00,1,50.00,58,False,1
4273,"Home & Cleaning","Ariel Matic Front Load Liquid Detergent",220.00,0.00,4,220.00,1000,False,1
4274,"Home & Cleaning","Harpic Power Fresh 6 Toilet Cleaner Rim Block Marine Splash",188.00,10.00,4,169.00,35,False,35
4275,"Home & Cleaning","Chakaachak Dust Proof Broom",180.00,2.00,6,175.00,58,False,1
4277,"Home & Cleaning","Om Bhakti Kumkum ",12.00,0.00,6,12.00,15,False,15
4278,"Home & Cleaning","Apsara Non Dust Eraser",60.00,10.00,5,54.00,1160,False,20
4279,"Home & Cleaning","Chakaachak Power Scrub (Pack of 2)",42.00,2.00,6,41.00,116,False,2
4280,"Home & Cleaning","Om Bhakti Wick for Diya - Vanaspati Ghee Cotton Wicks Small ",69.00,11.00,6,61.00,30,False,30
4281,"Home & Cleaning","Whiskas Adult +1 year Salmon in Gravy",250.00,10.00,3,225.00,85,False,1
4282,"Home & Cleaning","Origami Paper Party Plates",240.00,0.00,6,240.00,580,False,50
4283,"Home & Cleaning","Gala Microfiber Multipurpose Cloth",140.00,7.00,6,129.00,58,False,1
4284,"Home & Cleaning","Ariel Matic Front Load Detergent Powder",260.00,0.00,6,260.00,1000,False,1
4285,"Home & Cleaning","Ariel Matic Liquid Detergent Front Load",250.00,0.00,4,250.00,1000,False,1
4286,"Home & Cleaning","Vim Dishwash Bar",23.00,4.00,0,22.00,300,True,300
4287,"Home & Cleaning","Dettol Effective Protection Antiseptic Liquid",116.00,0.00,0,116.00,250,True,250
4288,"Home & Cleaning","Godrej Good Night Gold Flash Liquid Vapouriser",89.00,0.00,0,89.00,60,True,60
4289,"Home & Cleaning","Rin Detergent Powder",86.00,2.00,0,84.00,1000,True,1
4290,"Home & Cleaning","Surf Excel Easy Wash Detergent Powder",136.00,3.00,0,131.00,1000,True,1
4291,"Home & Cleaning","Rin Detergent Bar",10.00,0.00,0,10.00,140,True,140
4292,"Home & Cleaning","Odomos Mosquito Repellent Spray",90.00,8.00,0,82.00,100,True,100
4293,"Home & Cleaning","Chakaachak Super Steel Scrubber",12.00,8.00,0,11.00,58,True,1
4294,"Home & Cleaning","Scotch-Brite Scrub Sponge Ideal For Dishwash Liquid",65.00,9.00,0,59.00,116,True,2
4295,"Home & Cleaning","Gala No Dust Broom",190.00,7.00,0,175.00,58,True,1
4296,"Home & Cleaning","Chakaachak Eazo Grass Broom New ",105.00,2.00,0,102.00,58,True,1
4297,"Home & Cleaning","Vim Dishwash Bar",45.00,0.00,0,45.00,600,True,600
4298,"Home & Cleaning","Rin Fabric Whitener Detergent",69.00,10.00,0,62.00,500,True,500
4299,"Home & Cleaning","Comfort After Wash Fabric Conditioner Lily Fresh ",235.00,9.00,0,212.00,860,True,860
4300,"Home & Cleaning","Ujala Superme For Super Whiteness Of Clothes",25.00,0.00,0,25.00,75,True,75
4301,"Home & Cleaning","Surf Excel Quick Wash",208.00,6.00,0,195.00,1000,True,1
4302,"Home & Cleaning","Scotch BOPP Packaging Tape",80.00,15.00,0,68.00,58,True,1
4303,"Home & Cleaning","Origami Plates Plain",250.00,10.00,0,225.00,100,True,100
4304,"Home & Cleaning","Dettol Antiseptic Liquid",30.00,0.00,0,30.00,60,True,60
4305,"Health & Hygiene","Epigamia Fruit Yogurt Alphonso Mango",40.00,50.00,6,20.00,75,False,75
4306,"Health & Hygiene","Epigamia Fruit Yogurt Vanilla",40.00,50.00,6,20.00,75,False,75
4307,"Health & Hygiene","Nestle A+ Actiplus Probiotic Dahi Plain Curd",78.00,3.00,5,75.00,400,False,400
4308,"Health & Hygiene","Dettol Original Germ Protection Alcohol Based Hand Sanitizer",25.00,0.00,6,25.00,50,False,50
4309,"Health & Hygiene","Dettol Antiseptic Disinfectant Liquid",66.00,0.00,6,66.00,125,False,125
4310,"Health & Hygiene","Durex Air Ultra Thin Condoms",82.00,0.00,6,82.00,174,False,3
4311,"Health & Hygiene","Durex Air Ultra Thin Condom",245.00,10.00,6,220.00,580,False,10
4312,"Health & Hygiene","Dabur Regular Hajmola",45.00,6.00,6,42.00,120,False,120
4313,"Health & Hygiene","Hajmola Anardana Digestive Tablets",45.00,6.00,2,42.00,120,False,180
4314,"Health & Hygiene","Zandu Balm",40.00,10.00,4,36.00,8,False,8
4315,"Health & Hygiene","Vicks Cough Drops Menthol",20.00,0.00,6,20.00,1160,False,20
4316,"Health & Hygiene","Durex Extra Time Condoms",228.00,10.00,6,205.00,580,False,10
4317,"Health & Hygiene","Vicks Vaporub",85.00,9.00,6,77.00,25,False,25
4318,"Health & Hygiene","Dettol Antiseptic Liquid",33.00,0.00,4,33.00,60,False,60
4319,"Health & Hygiene","Veet Sensitive Skin Hair Removal Cream",135.00,5.00,6,128.00,50,False,50
4320,"Health & Hygiene","Vicks VapoRub",145.00,11.00,2,129.00,50,False,50
4321,"Health & Hygiene","Dabur Hajmola Imli Digestive Tablets",45.00,6.00,6,42.00,120,False,120
4322,"Health & Hygiene","Dettol Antiseptic Liquid + Disinfectant Spray - Original",159.00,10.00,6,143.00,225,False,225
4323,"Health & Hygiene","Iodex Body Pain Expert ",40.00,2.00,6,39.00,8,False,8
4324,"Health & Hygiene","Patanjali Hing Goli",65.00,10.00,4,58.00,100,False,100
4325,"Health & Hygiene","Moov Fast Pain Relief Cream",189.00,15.00,6,160.00,50,False,50
4326,"Health & Hygiene","Dettol Hand Sanitizer",100.00,5.00,6,95.00,200,False,200
4327,"Health & Hygiene","Whisper Ultra Soft XL+ Sanitary Pads",330.00,2.00,6,323.00,30,False,30
4328,"Health & Hygiene","Whisper Choice Regular Wing Sanitary Pad",30.00,0.00,2,30.00,406,False,7
4329,"Health & Hygiene","Savlon Surface Disinfectant Spray",165.00,10.00,6,148.00,170,False,170
4330,"Health & Hygiene","Durex Extra Thin Condoms",228.00,10.00,6,205.00,580,False,10
4331,"Health & Hygiene","Stayfree Secure Dry Cover Regular Sanitary Pad With Wings",30.00,3.00,6,29.00,406,False,7
4332,"Health & Hygiene","Eno Fruit Salt Lemon Flavour Energy Powder",130.00,10.00,6,117.00,100,False,100
4333,"Health & Hygiene","Moov Pain Relief Specialist Spray",149.00,5.00,5,141.00,35,False,35
4334,"Health & Hygiene","Savlon Germ Protection Wipes",189.00,10.00,6,170.00,72,False,72
4335,"Health & Hygiene","Veet Hair Removal Cream Dry Skin",135.00,5.00,5,128.00,50,False,50
4336,"Health & Hygiene","Whisper Ultra Soft Air Fresh Sanitary Pads (XL) with Wings",315.00,0.00,4,315.00,30,False,30
4337,"Health & Hygiene","Whisper Choice Regular Sanitary Pads",90.00,0.00,6,90.00,1160,False,20
4338,"Health & Hygiene","Whisper Ultra Clean Wings XL+  Pouch",449.00,7.00,6,415.00,44,False,44
4339,"Health & Hygiene","Durex Extra Ribbed Condoms",245.00,10.00,2,220.00,580,False,10
4340,"Health & Hygiene","Eno Regular Fruit Salt Energy Powder",130.00,0.00,6,130.00,100,False,100
4341,"Health & Hygiene","Durex Extra Thin Bubblegum Condom",150.00,10.00,6,135.00,580,False,10
4342,"Health & Hygiene","Dabur Hajmola Pudina - Digestive Tablets",45.00,6.00,6,42.00,120,False,120
4343,"Health & Hygiene","Baidyanath Isabgol",110.00,22.00,3,85.00,100,False,100
4344,"Health & Hygiene","Kapiva Thar Aloe Vera Juice",299.00,15.00,6,254.00,1000,False,1
4345,"Health & Hygiene","Fine Life Cotton Balls",110.00,10.00,6,99.00,100,False,100
4346,"Health & Hygiene","Stayfree Dry Max All Night XL Dry Cover Sanitary Pads",340.00,12.00,6,298.00,28,False,28
4347,"Health & Hygiene","Moov Pain Releiver Spray",290.00,15.00,6,246.00,80,False,80
4348,"Health & Hygiene","Whisper Ultra Clean XL Plus Sanitary Pad",175.00,0.00,5,175.00,870,False,15
4349,"Health & Hygiene","Durex Condoms Mutual Climax",120.00,0.00,6,120.00,174,False,3
4350,"Health & Hygiene","Durex Extra Dots Condoms",228.00,10.00,6,205.00,580,False,10
4351,"Health & Hygiene","Zandu Balm Ulter Power For Strong Headache Bodyache & Cold",45.00,8.00,6,41.00,8,False,8
4352,"Health & Hygiene","Dabur Hajmola Maha Candy - Aam+Imli",130.00,5.00,1,123.00,130,False,130
4353,"Health & Hygiene","Whisper Choice Ultra XL Sanitary Pad",133.00,2.00,5,130.00,1160,False,20
4354,"Health & Hygiene","Veet Full Body Waxing Kit For Dry Skin",235.00,7.00,6,218.00,1160,False,20
4355,"Health & Hygiene","Dabur Chyawanprakash - Sugar Free",415.00,7.00,6,385.00,900,False,900
4356,"Health & Hygiene","Zandu Balm",85.00,10.00,5,76.00,25,False,25
4357,"Health & Hygiene","Himalaya Cold Balm",125.00,9.00,6,113.00,45,False,45
4358,"Health & Hygiene","Dettol Clinical Strength Hand Sanitizer Liquid",250.00,10.00,6,225.00,500,False,500
4359,"Health & Hygiene","Kapiva Wild Amla Juice",249.00,14.00,6,212.00,1000,False,1
4360,"Health & Hygiene","Dabur Chyawanprash",349.00,3.00,6,338.00,950,False,1
4361,"Health & Hygiene","Amrutanjan Pain Balm Extra Power",100.00,11.00,6,89.00,28,False,27
4362,"Health & Hygiene","Stayfree Dry-Max All Night Ultra-Dry Sanitary Pad",90.00,10.00,6,81.00,406,False,7
4363,"Health & Hygiene","Whisper Ultra Clean XL Plus Sanitary Pad",155.00,0.00,6,155.00,870,False,15
4364,"Health & Hygiene","Durex Mutual Climax Condoms",360.00,15.00,6,306.00,580,False,10
4365,"Health & Hygiene","Whisper Daily Liners Clean and Fresh",105.00,0.00,4,105.00,1160,False,20
4366,"Health & Hygiene","Moov Cream Regular",50.00,6.00,4,47.00,10,False,10
4367,"Health & Hygiene","Moov Pain Relief Specialist",75.00,5.00,6,71.00,15,False,15
4368,"Health & Hygiene","Dabur Chyawanprakash Sugar Free",235.00,5.00,6,223.00,500,False,500
4369,"Health & Hygiene","Baidyanath Isabgol",110.00,22.00,5,85.00,100,False,100
4370,"Health & Hygiene","Veet Hair Removal Cream (Normal Skin)",135.00,5.00,6,128.00,50,False,50
4371,"Health & Hygiene","Stayfree Advanced XL Ultra Comfort Sanitary napkins with Wings",175.00,0.00,3,175.00,812,False,14
4372,"Health & Hygiene","Savlon Clothes Disinfectant & Refreshing Spray Fresh Breeze",175.00,10.00,6,157.00,230,False,230
4373,"Health & Hygiene","Dabur Chyawanprash Immunity Booster",190.00,6.00,6,177.00,500,False,500
4374,"Health & Hygiene","Vicks Inhaler with Keychain",105.00,9.00,4,95.00,116,False,2
4375,"Health & Hygiene","Stayfree Secure XL Size Sanitary Napkins",115.00,0.00,5,115.00,1160,False,20
4376,"Health & Hygiene","Dabur Ayurvedic Tulsi Drops (Immunity Booster)",195.00,6.00,6,182.00,30,False,30
4377,"Health & Hygiene","Organic India Wheat Grass",395.00,20.00,4,316.00,100,False,100
4378,"Health & Hygiene","Organic India Organic Chyawanprash",495.00,20.00,6,396.00,500,False,500
4379,"Health & Hygiene","Organic India Sugar Balance 60 Capsules Bottle",225.00,0.00,6,225.00,60,False,60
4380,"Health & Hygiene","Whisper Ultra Soft XL+ Sanitary Pads",555.00,0.00,1,555.00,60,False,60
4381,"Health & Hygiene","Dabur - Chyawanprash",99.00,0.00,1,99.00,250,False,25
4382,"Health & Hygiene","Vicks BabyRub",105.00,11.00,6,93.00,25,False,25
4383,"Health & Hygiene","Bombay Shaving Company Sensitive Cartridges",375.00,0.00,2,375.00,116,False,2
4384,"Health & Hygiene","Organic India Brahmi Bottle",205.00,20.00,1,164.00,60,False,60
4385,"Health & Hygiene","Horlicks Protein Plus Chocolate",270.00,0.00,2,270.00,200,False,200
4386,"Health & Hygiene","Dabur Nature Care Isabgol - Double Action",140.00,5.00,6,133.00,100,False,100
4387,"Health & Hygiene","Kapiva Wild Tulsi Giloy Juice |",400.00,15.00,1,340.00,1000,False,1
4388,"Health & Hygiene","Dabur Amla Juice",235.00,15.00,6,199.00,1000,False,1
4389,"Health & Hygiene","Epigamia Fruit Yogurt Strawberry",40.00,50.00,0,20.00,75,True,75
4390,"Health & Hygiene","Dettol Effective Protection Antiseptic Liquid",116.00,0.00,0,116.00,250,True,250
4391,"Health & Hygiene","Stayfree Secure Cottony Soft Cover Sanitary Pad (Regular) with Wings",30.00,3.00,0,29.00,406,True,7
4392,"Health & Hygiene","Eno Cooling Sachets - Cool Mint, 6 Pieces Carton",54.00,11.00,0,48.00,5,True,5
4393,"Health & Hygiene","Whisper Choice Sanitary Pad ",32.00,9.00,0,29.00,406,True,7
4394,"Health & Hygiene","Whisper Bindazzz Nights XL + Sanitary Pad",90.00,0.00,0,90.00,406,True,7
4395,"Health & Hygiene","Gillette Venus Close & Clean Razor ",249.00,7.00,0,230.00,58,True,1
4396,"Health & Hygiene","Whisper Choice Regular Sanitary Pads",90.00,3.00,0,87.00,58,True,20
4397,"Health & Hygiene","Stayfree Secure Dry Cover Extra Large Sanitary Pad",42.00,2.00,0,41.00,406,True,7
4398,"Health & Hygiene","Dabur Honitus Herbal Cough Remedy Ayurvedic Syrup",105.00,15.00,0,89.00,100,True,100
4399,"Health & Hygiene","Whisper Bindazzz Night Sanitary Pads XL Plus",185.00,0.00,0,185.00,870,True,15
4400,"Health & Hygiene","Fine Life Cotton Balls",60.00,0.00,0,60.00,50,True,50
4401,"Health & Hygiene","Dettol Antiseptic Liquid",30.00,0.00,0,30.00,60,True,60
